ID|USUARIO GENERAL|UNIDAD|NOMBRE|ESTADO|CONSULTORIO|TIPO DE UNIDAD|DIRECCION|NUM EXT|NUM INT|COLONIA|DELEGACION O MUNICIPIO|CODIGO POSTAL|ESTADO2|ENTRE CALLE 1|ENTRE CALLE 2|CALLE PARALELA|TELEFONO|TOLUCA
101A|cs0101a|101|JAMAICA|CIUDAD DE MÉXICO|A|SUCURSAL|ESCUADRA |103 |LC A|ARTES GRAFICAS |VENUSTIANO CARRANZA|15830|CIUDAD DE MÉXICO|AVENIDA MORELOS|JUAN A. MATEOS||5557688218|#N/D
101B|cs0101b|101|JAMAICA|CIUDAD DE MÉXICO|B|SUCURSAL|ESCUADRA |103 |LC A|ARTES GRAFICAS |VENUSTIANO CARRANZA|15830|CIUDAD DE MÉXICO|AVENIDA MORELOS|JUAN A. MATEOS||5557688218|#N/D
1041A|cs1041a|1041|MIRAMONTES 2|CIUDAD DE MÉXICO|A|SUCURSAL|CANAL DE MIRAMONTES |3211 |A|RESIDENCIAL ACOXPA |TLALPAN|14300|CIUDAD DE MÉXICO|MONZA|SAN REMO||5556799543|#N/D
1094A|cs1094a|1094|DEL VALLE|CIUDAD DE MÉXICO|A|SUCURSAL|DEL VALLE |137 ||DEL VALLE |BENITO JUAREZ|03100|CIUDAD DE MÉXICO|SACRAMENTO|MIRAFLORES||5555438977|#N/D
1096A|cs1096a|1096|PROGRESO NACIONAL 2|CIUDAD DE MÉXICO|A|SUCURSAL|12 |123 ||PROGRESO NACIONAL |GUSTAVO A MADERO|07600|CIUDAD DE MÉXICO|CALLE 28|AV. PROGRESO NACIONAL||5553679930|#N/D
1097A|cs1097a|1097|COYOACAN 2|CIUDAD DE MÉXICO|A|SUCURSAL|SAN GONZALO |LT 10 MZ 1 ||SANTA URSULA COAPA |COYOACAN|04600|CIUDAD DE MÉXICO|SAN BENJAMIN|SAN GABRIEL||5522343522|#N/D
111A|cs0111a|111|POLANCO 1|CIUDAD DE MÉXICO|A|SUCURSAL|MOLIERE EDIFICIO B |340 |C|LOS MORALES |MIGUEL HIDALGO|11510|CIUDAD DE MÉXICO|HOMERO|EJERCITO NACIONAL|SENECA|5552820375|#N/D
111B|cs0111b|111|POLANCO 1|CIUDAD DE MÉXICO|B|SUCURSAL|MOLIERE EDIFICIO B |340 |C|LOS MORALES |MIGUEL HIDALGO|11510|CIUDAD DE MÉXICO|HOMERO|EJERCITO NACIONAL|SENECA|5552820375|#N/D
1125A|cs1125a|1125|NUEVA ATZACOALCO|CIUDAD DE MÉXICO|A|SUCURSAL|313 |707 ||NUEVA ATZACOALCO |GUSTAVO A MADERO|07420|CIUDAD DE MÉXICO|CALLE 316|CALLE 314||5557695641|#N/D
1133A|cs1133a|1133|ROMA 2|CIUDAD DE MÉXICO|A|SUCURSAL|QUERETARO |48 ||ROMA NORTE |CUAUHTEMOC|06700|CIUDAD DE MÉXICO|ESQ. MERIDA|||5555640494|#N/D
1159A|cs1159a|1159|IZTACALCO 2|CIUDAD DE MÉXICO|A|SUCURSAL|SUR 16 |227 ||AGRICOLA ORIENTAL |IZTACALCO|08500|CIUDAD DE MÉXICO|ORIENTE 235|ORIENTE 237||5557589357|#N/D
1166A|cs1166a|1166|NARVARTE 2|CIUDAD DE MÉXICO|A|SUCURSAL|DR. JOSE MARIA VERTIZ |1008 ||VERTIZ NARVARTE |BENITO JUAREZ|03600|CIUDAD DE MÉXICO|ESQ. AV. EUGENIA (EJE 5)|||5555363761|#N/D
1178A|cs1178a|1178|TLALPAN 6|CIUDAD DE MÉXICO|A|SUCURSAL|INSURGENTES SUR |4087 FRACC NORTE||PUEBLO SANTA URSULA XITLA |TLALPAN|14420|CIUDAD DE MÉXICO|CAMINO A LAS FUENTES BROTANTES|EL ARENAL||5555733778|#N/D
1207A|cs1207a|1207|LORENZO BOTURINI|CIUDAD DE MÉXICO|A|SUCURSAL|SUR 107 |1703 |LC A|24 DE ABRIL |VENUSTIANO CARRANZA|15980|CIUDAD DE MÉXICO|ESQ. LORENZO BOTURINI|||5526122863|#N/D
1219A|cs1219a|1219|TLALPAN 7|CIUDAD DE MÉXICO|A|SUCURSAL|CAFETALES |191 |LC 2|GRANJAS COAPA |TLALPAN|14330|CIUDAD DE MÉXICO|ESQUINA CAÑAVERALES|ALFALFARES/DE LOS TENORIOS||5556715931|#N/D
1228A|cs1228a|1228|UNIVERSIDAD 2|CIUDAD DE MÉXICO|A|SUCURSAL|UNIVERSIDAD |913 |LC A|DEL VALLE CENTRO |BENITO JUAREZ|03100|CIUDAD DE MÉXICO|FELIX CUEVAS|PARROQUIA|NICOLAS SAN JUAN|5555247757|#N/D
1277A|cs1277a|1277|NARVARTE 4|CIUDAD DE MÉXICO|A|SUCURSAL|DR. VERTIZ |523 |LC 2|PIEDAD NARVARTE |BENITO JUAREZ|03000|CIUDAD DE MÉXICO|OBRERO MUNDIAL|VIADUCTO|PALENQUE|5555389929|#N/D
1292A|cs1292a|1292|VERTIZ 1|CIUDAD DE MÉXICO|A|SUCURSAL|DR. JOSE MARIA VERTIZ |1274 |LC 1|VERTIZ NARVARTE |BENITO JUAREZ|03600|CIUDAD DE MÉXICO|MATIAS ROMERO|CUICUILCO||5552438843|#N/D
1299A|cs1299a|1299|ALPES 1, D.F.|CIUDAD DE MÉXICO|A|SUCURSAL|ALPES |48 ||LOS ALPES |ALVARO OBREGON|01010|CIUDAD DE MÉXICO|ESQUINA PERIFERICO|BARRANCA DEL MUERTO|REVOLUCION|5556806711|#N/D
1305A|cs1305a|1305|FELIX CUEVAS|CIUDAD DE MÉXICO|A|SUCURSAL|FELIX CUEVAS |209 ||DEL VALLE CENTRO |BENITO JUAREZ|03100|CIUDAD DE MÉXICO|BUFALO|RECREO|PARROQUIA|5555344226|#N/D
1385A|cs1385a|1385|DR. BALMIS|CIUDAD DE MÉXICO|A|SUCURSAL|DOCTOR BALMIS |8 ||DOCTORES |CUAUHTEMOC|06720|CIUDAD DE MÉXICO|EJE CENTRAL LAZARO CARDENAS|DOCTOR BARRAGAN||5555780879|#N/D
1389A|cs1389a|1389|AV. MEXICO 1|CIUDAD DE MÉXICO|A|SUCURSAL|MEXICO |1067 |PB|SANTA TERESA |LA MAGDALENA CONTRERAS|10710|CIUDAD DE MÉXICO|CALLE CHOPO|CAMINO A SANTA TERESA||5551356946|#N/D
1391A|cs1391a|1391|VERTIZ 2|CIUDAD DE MÉXICO|A|SUCURSAL|DOCTOR JOSE MARIA VERTIZ |1137 |PB|VERTIZ NARVARTE |BENITO JUAREZ|03600|CIUDAD DE MÉXICO|ANGEL URRAZA|MATIAS ROMERO||5556015653|#N/D
1418A|cs1418a|1418|IZTACALCO 3|CIUDAD DE MÉXICO|A|SUCURSAL|HOJA DE ARBOL |3 |EDIF C COMERCIAL 2|INFONAVIT IZTACALCO |IZTACALCO|08900|CIUDAD DE MÉXICO|AVENIDA GIRASOL|COLORIN||5556492643|#N/D
1419A|cs1419a|1419|IZTACALCO 4|CIUDAD DE MÉXICO|A|SUCURSAL|CANAL DE TEZONTLE |159 |LOC B|JARDINES TECMA |IZTACALCO|08920|CIUDAD DE MÉXICO|ESTUDIOS STHAL|ESTUDIOS SAN ANGEL INN||5526212872|#N/D
1422A|cs1422a|1422|IZTACALCO 5|CIUDAD DE MÉXICO|A|SUCURSAL|CANAL DE TEZONTLE |860 |LOC 10,10A,20,20A|AMPLICACION GABRIEL RAMOS MILLAN |IZTACALCO|08020|CIUDAD DE MÉXICO|SUR 151|SUR 153||5556483501|#N/D
1424A|cs1424a|1424|Insurgentes 3|CIUDAD DE MÉXICO|A|SUCURSAL|INSURGENTES SUR |402 |LOCAL COMERCIAL|ROMA SUR |CUAUHTEMOC|06760|CIUDAD DE MÉXICO|AGUASCALIENTES|CAMPECHE||5552043632|#N/D
1436A|cs1436a|1436|ERMITA 3|CIUDAD DE MÉXICO|A|SUCURSAL|ERMITA IZTAPALAPA |447 ||PRADO CHURUBUSCO |COYOACAN|04230|CIUDAD DE MÉXICO|CAPRICORNIO|CALLEJON CHABACANO||5554455731|#N/D
1446A|cs1446a|1446|PENSADOR MEXICANO|CIUDAD DE MÉXICO|A|SUCURSAL|NORTE 172 |540 ||PENSADOR MEXICANO |VENUSTIANO CARRANZA|15510|CIUDAD DE MÉXICO|CIRCUITO INTERIOR|BOLIVARES||5526032453|#N/D
1462A|cs1462a|1462|TLALPAN 8|CIUDAD DE MÉXICO|A|SUCURSAL|DE TLALPAN |1529 ||PORTALES |BENITO JUAREZ|03300|CIUDAD DE MÉXICO|AVENIDA REPUBLICAS|AVENIDA PIRINEOS||5556010007|#N/D
1475A|cs1475a|1475|ERMITA 4|CIUDAD DE MÉXICO|A|SUCURSAL|ERMITA IZTAPALAPA |334 ||CACAMA |IZTAPALAPA|09080|CIUDAD DE MÉXICO|SUR 83-B|SUR 85||5555825834|#N/D
150A|cs0150a|150|CASAS ALEMAN 1|CIUDAD DE MÉXICO|A|SUCURSAL|PUERTO TUXPAN |59 ||CASAS ALEMAN |GUSTAVO A MADERO|07580|CIUDAD DE MÉXICO|ESQ. PUERTO TAMPICO|||5557374360|#N/D
1512A|cs1512a|1512|CANAL DEL NORTE 1|CIUDAD DE MÉXICO|A|SUCURSAL|CANAL DEL NORTE |274 |LOCAL B|POPULAR RASTRO |VENUSTIANO CARRANZA|15220|CIUDAD DE MÉXICO|ESQUINA CON AVENIDA CONGRESO DE LA UNION|||5557025449|#N/D
1522A|cs1522a|1522|APATLACO 1|CIUDAD DE MÉXICO|A|SUCURSAL|MORELOS |33 |MZ 33 LT2|APATLACO |IZTAPALAPA|09430|CIUDAD DE MÉXICO|ESQUINA CON EJE 5 SUR PURISIMA|||5556333506|#N/D
1529A|cs1529a|1529|MERCED 2|CIUDAD DE MÉXICO|A|SUCURSAL|FRAY SERVANDO TERESA DE MIER |425 ||MERCED BALBUENA |VENUSTIANO CARRANZA|15810|CIUDAD DE MÉXICO|SUR 79|CALLEJON SAN NICOLAS||5526120185|#N/D
1539A|cs1539a|1539|INSURGENTES 4|CIUDAD DE MÉXICO|A|SUCURSAL|INSURGENTES SUR |2375 ||BARRIO LORETO |ALVARO OBREGON|01090|CIUDAD DE MÉXICO|LORETO|REY CUAUHTEMOC||5555501619|#N/D
1548A|cs1548a|1548|PROVIDENCIA 3|CIUDAD DE MÉXICO|A|SUCURSAL|CONSTITUCION DE LA REPUBLICA |117 |P.B.|PROVIDENCIA |GUSTAVO A MADERO|07550|CIUDAD DE MÉXICO|ESTADO DE ZACATECAS|ESTADO DE NAYARIT||5526172413|#N/D
1569A|cs1569a|1569|BALDERAS 1|CIUDAD DE MÉXICO|A|SUCURSAL|BALDERAS |33 |LOCAL 12|CENTRO |CUAUHTEMOC|06040|CIUDAD DE MÉXICO|AV. JUAREZ|ARTICULO 123||5555101203|#N/D
1600A|cs1600a|1600|PROVIDENCIA 4|CIUDAD DE MÉXICO|A|SUCURSAL|ESTADO DE TAMAULIPAS |LT 1 MZ 58 ||PROVIDENCIA |GUSTAVO A MADERO|07550|CIUDAD DE MÉXICO|ESQUINA ESTADO DE MORELOS|||5526170714|#N/D
1600B|cs1600b|1600|PROVIDENCIA 4|CIUDAD DE MÉXICO|B|SUCURSAL|ESTADO DE TAMAULIPAS |LT 1 MZ 58 ||PROVIDENCIA |GUSTAVO A MADERO|07550|CIUDAD DE MÉXICO|ESQUINA ESTADO DE MORELOS|||5526170714|#N/D
1606A|cs1606a|1606|PINO SUAREZ|CIUDAD DE MÉXICO|A|SUCURSAL|JOSE MARIA PINO SUAREZ |83 |B|CENTRO |CUAUHTEMOC|06090|CIUDAD DE MÉXICO|NEZAHUALCOYOTL|JOSE MARIA IZAZAGA||5550858686|#N/D
161A|cs0161a|161|EJE CENTRAL 2|CIUDAD DE MÉXICO|A|SUCURSAL|CENTRAL LAZARO CARDENAS |14 ||OBRERA |CUAUHTEMOC|06800|CIUDAD DE MÉXICO|LUCAS ALAMAN|CHIMALPOPOCA||5555887209|#N/D
1632A|cs1632a|1632|DEL LAGO|CIUDAD DE MÉXICO|A|SUCURSAL|DE TLALPAN |1077 |LOCAL 5 C|DEL LAGO |BENITO JUAREZ|03640|CIUDAD DE MÉXICO|LAGO PONIENTE|PRIVADA ROSA BLANCA||5550864084|#N/D
1636A|cs1636a|1636|ANAHUAC 2|CIUDAD DE MÉXICO|A|SUCURSAL|BAHIA DEL ESPIRITU SANTO |43 |TORRE TIERRA LOCAL 9|ANAHUAC |MIGUEL HIDALGO|11320|CIUDAD DE MÉXICO|EJERCITO NACIONAL|BAHIA DE MAGDALENA||5552600530|#N/D
1640A|cs1640a|1640|IZAZAGA|CIUDAD DE MÉXICO|A|SUCURSAL|JOSE MARIA IZAZAGA |75 |LOCAL A Y B|CENTRO |CUAUHTEMOC|06080|CIUDAD DE MÉXICO|ISABEL LA CATOLICA|BOLIVAR||5557091084|#N/D
167A|cs0167a|167|NIÑOS HEROES|CIUDAD DE MÉXICO|A|SUCURSAL|GARCIA DIEGO |153 ||DOCTORES |CUAUHTEMOC|06720|CIUDAD DE MÉXICO|ESQ. NIÑOS HEROES|||5555785398|#N/D
167C|cs0167c|167|NIÑOS HEROES|CIUDAD DE MÉXICO|C|SUCURSAL|GARCIA DIEGO |153 ||DOCTORES |CUAUHTEMOC|06720|CIUDAD DE MÉXICO|ESQ. NIÑOS HEROES|||5555785398|#N/D
167D|cs0167d|167|NIÑOS HEROES (USI ESPECIALIDAD)|CIUDAD DE MÉXICO|D|SUCURSAL|GARCIA DIEGO |153 ||DOCTORES |CUAUHTEMOC|06720|CIUDAD DE MÉXICO|ESQ. NIÑOS HEROES|||5555785398|#N/D
167E|cs0167e|167|NIÑOS HEROES (USI ESPECIALIDAD)|CIUDAD DE MÉXICO|E|SUCURSAL|GARCIA DIEGO |153 ||DOCTORES |CUAUHTEMOC|06720|CIUDAD DE MÉXICO|ESQ. NIÑOS HEROES|||5555785398|#N/D
1689A|cs1689a|1689|INSURGENTES 5|CIUDAD DE MÉXICO|A|SUCURSAL|PUEBLA |163 |LOCAL L-A|ROMA |CUAUHTEMOC|06700|CIUDAD DE MÉXICO|JALAPA|AV. INSURGENTES SUR||5591554885|#N/D
1707A|cs1707a|1707|HIPODROMO 1|CIUDAD DE MÉXICO|A|SUCURSAL|TAMAULIPAS |236 |LOCAL 1 (A)|HIPODROMO |CUAUHTEMOC|06100|CIUDAD DE MÉXICO|0|ESQUINA SALVADOR ALVARADO||5591307333|#N/D
1716A|cs1716a|1716|POLANCO 3|CIUDAD DE MÉXICO|A|SUCURSAL|SCHILLER |152 |L-D|POLANCO V SECCION |MIGUEL HIDALGO|11560|CIUDAD DE MÉXICO|HOMERO|PETRARCA||5576916888|#N/D
171A|cs0171a|171|OBSERVATORIO|CIUDAD DE MÉXICO|A|SUCURSAL|OBSERVATORIO |485 ||LAS PALMAS OBSERVATORIO |ALVARO OBREGON|01110|CIUDAD DE MÉXICO|ESQ. IXTLE|||5526141547|#N/D
1724A|cs1724a|1724|TEPEPAN 2|CIUDAD DE MÉXICO|A|SUCURSAL|ALDAMA |339 |LETRA C|PUEBLO DE SANTA MARIA TEPEPAN |XOCHIMILCO|16020|CIUDAD DE MÉXICO|ESQUINA 16 DE SEPTIEMBRE|||5571592724|#N/D
1733A|cs1733a|1733|XOCHIMILCO 4|CIUDAD DE MÉXICO|A|SUCURSAL|FRANCISCO I. MADERO |12 |LOCAL 2 Y 3|BARRIO EL ROSARIO |XOCHIMILCO|16070|CIUDAD DE MÉXICO|MORELOS|PEDRO RAMIREZ DEL CASTILLO||5515092282|#N/D
1742A|cs1742a|1742|ANAHUAC 3|CIUDAD DE MÉXICO|A|SUCURSAL|MARINA NACIONAL |96 |LOCAL G|ANAHUAC |MIGUEL HIDALGO|11400|CIUDAD DE MÉXICO|CALLE LAGO COMO|||5528730853|#N/D
1749A|cs1749a|1749|INSURGENTES 6|CIUDAD DE MÉXICO|A|SUCURSAL|INSURGENTES SUR |520 |LOC. B Y C|ROMA SUR |CUAUHTEMOC|06760|CIUDAD DE MÉXICO|ESQUINA CALLE BAJIO|||5550358199|#N/D
1751A|cs1751a|1751|AYUNTAMIENTO 1|CIUDAD DE MÉXICO|A|SUCURSAL|AYUNTAMIENTO |14 |LOCAL 1|CENTRO |CUAUHTEMOC|06000|CIUDAD DE MÉXICO|EJE CENTRAL LAZARO CARDENAS|CALLE LOPEZ||5521242522|#N/D
1776A|cs1776a|1776|POLANCO 4|CIUDAD DE MÉXICO|A|SUCURSAL|ARQUIMEDES |182 |LOCAL B|POLANCO |MIGUEL HIDALGO|11550|CIUDAD DE MÉXICO|ESQUINA CON CALLE HOMERO|||5526243040|#N/D
1788A|cs1788a|1788|SANTA CRUZ|CIUDAD DE MÉXICO|A|SUCURSAL|SANTA CRUZ |39 ||SAN SIMON TICUMAC |BENITO JUAREZ|03660|CIUDAD DE MÉXICO|5 DE FEBRERO|||5521247803|#N/D
1790A|cs1790a|1790|INSURGENTES 7|CIUDAD DE MÉXICO|A|SUCURSAL|INSURGENTES NORTE |1210 ||CAPULTITLAN |GUSTAVO A MADERO|07370|CIUDAD DE MÉXICO|PONIENTE 116|PONIENTE 112||5587903178|#N/D
17A|cs0017a|17|REVOLUCION 1|CIUDAD DE MÉXICO|A|SUCURSAL|REVOLUCION |993 |E|MIXCOAC |BENITO JUAREZ|03910|CIUDAD DE MÉXICO|CASTAÑEDA|MIGUEL CABRERA||5556118066|#N/D
1839A|cs1839a|1839|NIÑOS HEROES 2|CIUDAD DE MÉXICO|A|SUCURSAL|NIÑOS HEROES |168 |LOCAL 2|DOCTORES |CUAUHTEMOC|06720|CIUDAD DE MÉXICO|DR ERAZO|DR VELASCO||5555780053|#N/D
1931A|cs1931a|1931|ROMA 6|CIUDAD DE MÉXICO|A|SUCURSAL|CAMPECHE |88 ||ROMA SUR |CUAUHTEMOC|06760|CIUDAD DE MÉXICO|2 PONIENTE (MONTERREY)|3 PONIENTE (MEDELLIN)||5550358042|#N/D
1935A|cs1935a|1935|ESCANDON 2|CIUDAD DE MÉXICO|A|SUCURSAL|PROSPERIDAD |63 |LOCAL D|ESCANDON II SECCION |MIGUEL HIDALGO|11800|CIUDAD DE MÉXICO|UNION|JOSE MARTI||5551620667|#N/D
193A|cs0193a|193|LA VIGA|CIUDAD DE MÉXICO|A|SUCURSAL|DE LA VIGA |1852 |LC 2|MEXICALTZINGO |IZTAPALAPA|09099|CIUDAD DE MÉXICO|ERMITA IZTAPALAPA|JORGE ENCISO||5556461988|#N/D
1947A|cs1947a|1947|UNIVERSIDAD 4|CIUDAD DE MÉXICO|A|SUCURSAL|UNIVERSIDAD |1471 ||FLORIDA |ALVARO OBREGON|01030|CIUDAD DE MÉXICO|HORTENSIA|MINERVA||5551316390|#N/D
1963A|cs1963a|1963|JORGE NEGRETE, GUSTAVO A MADERO|CIUDAD DE MÉXICO|A|SUCURSAL|JOSE ELIAS MORENO |S/N |MANZANA 197 LOTE 1|JORGE NEGRETE |GUSTAVO A MADERO|07280|CIUDAD DE MÉXICO|VIRGINIA FABREGAS|||5521275104|#N/D
1966A|cs1966a|1966|GENOVA, CUAUHTEMOC|CIUDAD DE MÉXICO|A|SUCURSAL|GENOVA |65 |LOCALES E Y F|JUAREZ |CUAUHTEMOC|06600|CIUDAD DE MÉXICO|HAMBURGO|LONDRES||5591552890|#N/D
1973A|cs1973a|1973|TACUBAYA 2|CIUDAD DE MÉXICO|A|SUCURSAL|RUFINA |3 |LOCAL 2|TACUBAYA |MIGUEL HIDALGO|11870|CIUDAD DE MÉXICO|Y AVENIDA JALISCO|||5591307395|#N/D
1974A|cs1974a|1974|TLAHUAC 3|CIUDAD DE MÉXICO|A|SUCURSAL|CHALCO - MIXQUIC |301 ||SAN ANDRES MIXQUIC |TLAHUAC|13600|CIUDAD DE MÉXICO|CANAL SECO|CDA CHABACANO||5521274244|#N/D
1988A|cs1988a|1988|MOCTEZUMA 3|CIUDAD DE MÉXICO|A|SUCURSAL|EMILIO CARRANZA |44 ||MOCTEZUMA 1A SECCION |VENUSTIANO CARRANZA|15500|CIUDAD DE MÉXICO|ALFONSO CEBALLOS|JOSE J. JASSO||5555211467|#N/D
1989A|cs1989a|1989|DIVISION DEL NORTE 2|CIUDAD DE MÉXICO|A|SUCURSAL|PROLONGACION DIVISION DEL NORTE |LOTE 11 MANZANA 2||BELISARIO DOMINGUEZ |TLALPAN|14310|CIUDAD DE MÉXICO|CALZADA DEL HUESO|LERDO DE TEJADA||5591553873|#N/D
1990A|cs1990a|1990|ERMITA 5|CIUDAD DE MÉXICO|A|SUCURSAL|ERMITA IZTAPALAPA |238 ||SINATEL |IZTAPALAPA|09470|CIUDAD DE MÉXICO|SUR 73-B|SUR 73-A||5591549347|#N/D
1A|cs0001a|1|ANTILLAS|CIUDAD DE MÉXICO|A|SUCURSAL|ANTILLAS |318 |A|PORTALES SUR |BENITO JUAREZ|03300|CIUDAD DE MÉXICO|VICTOR HUGO|TLALPAN||5556749039|#N/D
1B|cs0001b|1|ANTILLAS|CIUDAD DE MÉXICO|B|SUCURSAL|ANTILLAS |318 |A|PORTALES SUR |BENITO JUAREZ|03300|CIUDAD DE MÉXICO|VICTOR HUGO|TLALPAN||5556749039|#N/D
200A|cs0200a|200|EJE CENTRAL 1|CIUDAD DE MÉXICO|A|SUCURSAL|REPUBLICA DE CUBA |2 |C|CENTRO |CUAUHTEMOC|06000|CIUDAD DE MÉXICO|ESQ. EJE CENTRAL|||5555124932|#N/D
2064A|cs2064a|2064|JUAN GONZALEZ ROMERO, GUSTAVO A MADERO|CIUDAD DE MÉXICO|A|SUCURSAL|ALCATRAZ |13 |13|JUAN GONZALEZ ROMERO |GUSTAVO A MADERO|07410|CIUDAD DE MÉXICO|BOLA DE ORO|ALCATRAZ||5552044104|#N/D
206A|cs0206a|206|COYOACAN 1|CIUDAD DE MÉXICO|A|SUCURSAL|HIDALGO |7 |B|CENTRO COYOACAN |COYOACAN|04000|CIUDAD DE MÉXICO|ESQ. BELISARIO DOMINGUEZ|||5556595466|#N/D
2147A|cs2147a|2147|LOPEZ |CIUDAD DE MÉXICO|A|SUCURSAL|LOPEZ |163 |C|CENTRO |CUAUHTEMOC|06070|CIUDAD DE MÉXICO|ARANDA 72|||5555216968|#N/D
2150A|cs2150a|2150|HONDURAS |CIUDAD DE MÉXICO|A|SUCURSAL|HONDURAS |8A 14 |S/N|CENTRO |CUAUHTEMOC|06010|CIUDAD DE MÉXICO|CALLEJON DE LA AMARGURA|IGNACIO ALLENDE||5558333408|#N/D
2152A|cs2152a|2152|JARDIN BALBUENA 2 |CIUDAD DE MÉXICO|A|SUCURSAL|FRANCISCO DEL PASO Y TRONCOSO |14 ||JARDIN BALBUENA |VENUSTIANO CARRANZA|15900|CIUDAD DE MÉXICO|CALZADA IGNACIO ZARAGOZA|2DA CERRADA FRANCISCO DEL PASO||5556637051|#N/D
215A|cs0215a|215|MARIANO ESCOBEDO|CIUDAD DE MÉXICO|A|SUCURSAL|MARIANO ESCOBEDO |164 |B|ANAHUAC |MIGUEL HIDALGO|11320|CIUDAD DE MÉXICO|LAGO BOLSENA|LAGUNA DE TERMINOS||5555317429|#N/D
2162A|cs2162a|2162|NUEVA ATZACOALCO 2|CIUDAD DE MÉXICO|A|SUCURSAL|CALLE 309 |463 ||NUEVA ATZACOALCO |GUSTAVO A MADERO|07420|CIUDAD DE MÉXICO|CALLE 310|CALLE 308||5525804695|#N/D
2170A|cs2170a|2170|XOCHIMILCO 5|CIUDAD DE MÉXICO|A|SUCURSAL|COMERCIO |75 |S/N|PUEBLO SANTA CRUZ XOCHITEPEC |XOCHIMILCO|16100|CIUDAD DE MÉXICO|EJIDO|JACARANDAS||5551616556|#N/D
2175A|cs2175a|2175|XOCHIMILCO 6|CIUDAD DE MÉXICO|A|SUCURSAL|VIOLETA |47 ||BARRIO SANTA CRUCITA |XOCHIMILCO|16070|CIUDAD DE MÉXICO|NUEVO LEON|FRANCISCO I. MADERO||5515092710|#N/D
218A|cs0218a|218|TICOMAN|CIUDAD DE MÉXICO|A|SUCURSAL|TICOMAN |1264 |A|FRACC. BARRIO LA PURISIMA |GUSTAVO A MADERO|07320|CIUDAD DE MÉXICO|CLEMENTE OROZCO|ESCUADRON 201||5557520591|#N/D
2193A|cs2193a|2193|MARIANO ESCOBEDO 2|CIUDAD DE MÉXICO|A|SUCURSAL|GENERAL MARIANO ESCOBEDO |373 |LOCAL 14|POLANCO V SECCION |MIGUEL HIDALGO|11560|CIUDAD DE MÉXICO|SUDERMAN|HOMERO||5559105053|#N/D
2194A|cs2194a|2194|TACUBA 4|CIUDAD DE MÉXICO|A|SUCURSAL|TACUBA |69 |LOCAL A|CENTRO |CUAUHTEMOC|06000|CIUDAD DE MÉXICO|PALMA DEL NORTE|ISABEL LA CATOLICA||5591314684|#N/D
21A|cs0021a|21|MERCED|CIUDAD DE MÉXICO|A|SUCURSAL|ZAVALA |4 ||CENTRO |VENUSTIANO CARRANZA|15100|CIUDAD DE MÉXICO|CIRCUNVALACION|PRADERA||5555228642|#N/D
2226A|cs2226a|2226|ZARAGOZA 4|CIUDAD DE MÉXICO|A|SUCURSAL|IGNACIO ZARAGOZA |224 |S/N|SANTA CRUZ AVIACION |VENUSTIANO CARRANZA|15540|CIUDAD DE MÉXICO|IZTACCIHUATL|||5591301324|#N/D
223A|cs0223a|223|IZTAPALAPA 1|CIUDAD DE MÉXICO|A|SUCURSAL|OCTAVIO SENTIES |MZ 185 |12|2DA. AMPLIACION DE SANTIAGO ACAHUALTEPEC |IZTAPALAPA|09609|CIUDAD DE MÉXICO|CALLE 4|CALLE 5||5554293831|#N/D
223B|cs0223b|223|IZTAPALAPA 1|CIUDAD DE MÉXICO|B|SUCURSAL|OCTAVIO SENTIES |MZ 185 |12|2DA. AMPLIACION DE SANTIAGO ACAHUALTEPEC |IZTAPALAPA|09609|CIUDAD DE MÉXICO|CALLE 4|CALLE 5||5554293831|#N/D
2243A|cs2243a|2243|RIO DE LA LOZA |CIUDAD DE MÉXICO|A|SUCURSAL|DR. RIO DE LA LOZA |152 |S/N|DOCTORES |CUAUHTEMOC|06720|CIUDAD DE MÉXICO|NIÑOS HEROES|GRAL. GABRIEL HERNANDEZ||5591309567|#N/D
2245A|cs2245a|2245|INSURGENTES 8|CIUDAD DE MÉXICO|A|SUCURSAL|INSURGENTES SUR |327 ||HIPODROMO |CUAUHTEMOC|06100|CIUDAD DE MÉXICO|SONORA|CELAYA||5591308884|#N/D
2258A|cs2258a|2258|VIDAL ALCOCER |CIUDAD DE MÉXICO|A|SUCURSAL|1 ORIENTE VIDAL ALCOCER |41 |LOCAL 2A|ZONA CENTRO |VENUSTIANO CARRANZA|15100|CIUDAD DE MÉXICO|LECUMBERRI|HEROES DE NACOZARI||5550354374|#N/D
2259A|cs2259a|2259|ADOLFO RUIZ CORTINES|CIUDAD DE MÉXICO|A|SUCURSAL|ADOLFO RUIZ CORTINES |4020 |LOCAL 16 C|JARDINES DEL PEDREGAL |ALVARO OBREGON|01900|CIUDAD DE MÉXICO|CAMINO SANTA TERESA|BOULEVARD DE LA LUZ||5591551872|#N/D
2263A|cs2263a|2263|ARAGON LA VILLA|CIUDAD DE MÉXICO|A|SUCURSAL|CUAUHTEMOC (5 DE FEBRERO) |S/N (70) ||ARAGON LA VILLA |GUSTAVO A MADERO|07000|CIUDAD DE MÉXICO|5 DE FEBRERO|MIRANDA|MOCTEZUMA|5563821059|#N/D
229A|cs0229a|229|CALLE 7|CIUDAD DE MÉXICO|A|SUCURSAL|7 |288 |A|PANTITLAN |IZTACALCO|08100|CIUDAD DE MÉXICO|PRIVADA ROSA MARIA|AV. XOCHIMILCO||5557161553|#N/D
229B|cs0229b|229|CALLE 7|CIUDAD DE MÉXICO|B|SUCURSAL|7 |288 |A|PANTITLAN |IZTACALCO|08100|CIUDAD DE MÉXICO|PRIVADA ROSA MARIA|AV. XOCHIMILCO||5557161553|#N/D
2315A|cs2315a|2315|GRAN SUR (SIMILANDIA)|CIUDAD DE MÉXICO|A|SUCURSAL|ANILLO PERIFERICO BOULEVARD ADOLFO RUIZ CORTINEZ|5550 |L-60|PEDREGAL DE CARRASCO |COYOACAN|04700|CIUDAD DE MÉXICO|MEXICO 1968|BOULEVARD GRAN SUR||5556061484|#N/D
2316A|cs2316a|2316|AV JALISCO 2|CIUDAD DE MÉXICO|A|SUCURSAL|ANTONIO MACEO |7 ||TACUBAYA |MIGUEL HIDALGO|11870|CIUDAD DE MÉXICO|ANTONIO MACEO|AV. PROGRESO||5558016379|#N/D
2318A|cs2318a|2318|IZTAPALAPA 9 |CIUDAD DE MÉXICO|A|SUCURSAL|CAMINO A LAS MINAS |L-1 |-|XALPA |IZTAPALAPA|09640|CIUDAD DE MÉXICO|ESQ. MINA DE ORO|||5554298323|#N/D
231A|cs0231a|231|TLALPAN 2|CIUDAD DE MÉXICO|A|SUCURSAL|DE TLALPAN |5035 ||LA JOYA |TLALPAN|14090|CIUDAD DE MÉXICO|CALZADA DE TLALPAN|TEZOQUIPA||5558467161|#N/D
231B|cs0231b|231|TLALPAN 2|CIUDAD DE MÉXICO|B|SUCURSAL|DE TLALPAN |5035 ||LA JOYA |TLALPAN|14090|CIUDAD DE MÉXICO|CALZADA DE TLALPAN|TEZOQUIPA||5558467161|#N/D
232A|cs0232a|232|AV. JALISCO|CIUDAD DE MÉXICO|A|SUCURSAL|MARTIRES DE LA CONQUISTA |4 |A|TACUBAYA |MIGUEL HIDALGO|11870|CIUDAD DE MÉXICO|AV. JALISCO|MARTIRES DE LA CONQUISTA||5552777537|#N/D
232B|cs0232b|232|AV. JALISCO|CIUDAD DE MÉXICO|B|SUCURSAL|MARTIRES DE LA CONQUISTA |4 |A|TACUBAYA |MIGUEL HIDALGO|11870|CIUDAD DE MÉXICO|AV. JALISCO|MARTIRES DE LA CONQUISTA||5552777537|#N/D
2339A|cs2339a|2339|HAMBURGO 1|CIUDAD DE MÉXICO|A|SUCURSAL|HAMBURGO |206 ||JUAREZ |CUAUHTEMOC|06600|CIUDAD DE MÉXICO|VARSOVIA|PRAGA||5591554901|#N/D
2344A|cs2344a|2344|XOCHIMILCO 7|CIUDAD DE MÉXICO|A|SUCURSAL|GUADALUPE I. RAMIREZ |582 ||TIERRA NUEVA |XOCHIMILCO|16050|CIUDAD DE MÉXICO|20 DE NOVIEMBRE|NORIA||5591549124|#N/D
2367A|cs2367a|2367|INSURGENTES 9|CIUDAD DE MÉXICO|A|SUCURSAL|SUR |275 |L B|ROMA NORTE |CUAUHTEMOC|06700|CIUDAD DE MÉXICO|AV. ALVARO OBREGON|MEDELLIN||5555748138|#N/D
2369A|cs2369a|2369|CENTRO 14|CIUDAD DE MÉXICO|A|SUCURSAL|URUGUAY |156 |LOCAL B|CENTRO |CUAUHTEMOC|06060|CIUDAD DE MÉXICO|LAS CRUCES|JESUS MARIA||5555214254|#N/D
236A|cs0236a|236|ZARAGOZA 2|CIUDAD DE MÉXICO|A|SUCURSAL|IGNACIO ZARAGOZA |750 |B|AVIACION CIVIL |VENUSTIANO CARRANZA|15740|CIUDAD DE MÉXICO|ESQ. ENRIQUE FARMAN|||5557010228|#N/D
238A|cs0238a|238|JARDIN BALBUENA|CIUDAD DE MÉXICO|A|SUCURSAL|FRAY SERVANDO TERESA DE MIER |854 ||JARDIN BALBUENA |VENUSTIANO CARRANZA|15900|CIUDAD DE MÉXICO|GENARO GARCIA|RETORNO 8||5526434313|#N/D
2391A|cs2391a|2391|SIMILANDIA CENTRO |CIUDAD DE MÉXICO|A|SUCURSAL|5 DE MAYO |59 ||CENTRO (AREA 1) |CUAUHTEMOC|06000|CIUDAD DE MÉXICO|PALMA|MONTE DE PIEDAD|||#N/D
23A|cs0023a|23|ZAPATA|CIUDAD DE MÉXICO|A|SUCURSAL|EMILIANO ZAPATA |59 ||CENTRO |CUAUHTEMOC|06060|CIUDAD DE MÉXICO|MAGIL|JESUS MARIA||5555422575|#N/D
2412A|cs2412a|2412|SIMILANDIA EL ROSARIO|CIUDAD DE MÉXICO|A|SUCURSAL|EL ROSARIO |1025 |A-02A|EL ROSARIO |AZCAPOTZALCO|02100|CIUDAD DE MÉXICO|CULTURA NORTE|OSA MAYOR||5558016812|#N/D
2419A|cs2419a|2419|CENTRO 15|CIUDAD DE MÉXICO|A|SUCURSAL|ISABEL LA CATOLICA |96 ||CENTRO |CUAUHTEMOC|06080|CIUDAD DE MÉXICO|ESQUINA SAN JERONIMO|||5591554097|#N/D
243A|cs0243a|243|POLANCO 2|CIUDAD DE MÉXICO|A|SUCURSAL|EMERSON |304 |LC 2-A|CHAPULTEPEC MORALES |MIGUEL HIDALGO|11570|CIUDAD DE MÉXICO|ESQ. HORACIO|||5552555475|#N/D
247A|cs0247a|247|ERMITA 2|CIUDAD DE MÉXICO|A|SUCURSAL|ERMITA IZTAPALAPA |72 ||PORTALES |BENITO JUAREZ|03580|CIUDAD DE MÉXICO|PLUTARCO ELIAS CALLES|MIRAVALLE||5552435079|#N/D
247B|cs0247b|247|ERMITA 2|CIUDAD DE MÉXICO|B|SUCURSAL|ERMITA IZTAPALAPA |72 ||PORTALES |BENITO JUAREZ|03580|CIUDAD DE MÉXICO|PLUTARCO ELIAS CALLES|MIRAVALLE||5552435079|#N/D
255A|cs0255a|255|XOCHIMILCO 2|CIUDAD DE MÉXICO|A|SUCURSAL|A NATIVITAS |374 ||BARRIO XALTOCAN |XOCHIMILCO|16090|CIUDAD DE MÉXICO|LIRIO ACUATICO|HELIOTROPO||5556769306|#N/D
266A|cs0266a|266|ROBLES DOMINGUEZ|CIUDAD DE MÉXICO|A|SUCURSAL|ALFREDO ROBLES DOMINGUEZ |180 LC |ABCDEFGH|VALLEJO |GUSTAVO A MADERO|07870|CIUDAD DE MÉXICO|BORODIN|TAMAGNO||5555375329|#N/D
266C|cs0266c|266|ROBLES DOMINGUEZ|CIUDAD DE MÉXICO|C|SUCURSAL|ALFREDO ROBLES DOMINGUEZ |180 LC |ABCDEFGH|VALLEJO |GUSTAVO A MADERO|07870|CIUDAD DE MÉXICO|BORODIN|TAMAGNO||5555375329|#N/D
28A|cs0028a|28|REVOLUCION 2|CIUDAD DE MÉXICO|A|SUCURSAL|REVOLUCION |1757 ||SAN ANGEL |ALVARO OBREGON|01000|CIUDAD DE MÉXICO|MADERO|DR. GALVEZ||5556167190|#N/D
28B|cs0028b|28|REVOLUCION 2|CIUDAD DE MÉXICO|B|SUCURSAL|REVOLUCION |1757 ||SAN ANGEL |ALVARO OBREGON|01000|CIUDAD DE MÉXICO|MADERO|DR. GALVEZ||5556167190|#N/D
32A|cs0032a|32|TACUBA 1|CIUDAD DE MÉXICO|A|SUCURSAL|AZCAPOTZALCO |34 |B|TACUBA |MIGUEL HIDALGO|11400|CIUDAD DE MÉXICO|LAGO ATHABASCA|GOLFO TEHUANTEPEC||5555273047|#N/D
367A|cs0367a|367|DIAGONAL SAN ANTONIO|CIUDAD DE MÉXICO|A|SUCURSAL|JUAN SANCHEZ AZCONA |510 ||NARVARTE |BENITO JUAREZ|03020|CIUDAD DE MÉXICO|ESQ. CON DIAGONAL SAN ANTONIO|||5556392480|#N/D
376A|cs0376a|376|ESCANDON|CIUDAD DE MÉXICO|A|SUCURSAL|COMERCIO |92 |LC 4,5,6|ESCANDON |MIGUEL HIDALGO|11800|CIUDAD DE MÉXICO|JOSE MARTIN|COMERCIO||5552712685|#N/D
376B|cs0376b|376|ESCANDON|CIUDAD DE MÉXICO|B|SUCURSAL|COMERCIO |92 |LC 4,5,6|ESCANDON |MIGUEL HIDALGO|11800|CIUDAD DE MÉXICO|JOSE MARTIN|COMERCIO||5552712685|#N/D
385A|cs0385a|385|FRAY SERVANDO|CIUDAD DE MÉXICO|A|SUCURSAL|DR. VALENZUELA |38 ||DOCTORES |CUAUHTEMOC|06720|CIUDAD DE MÉXICO|DR. RIO DE LA LOZA|DR. DANIEL RUIZ||5557619665|#N/D
389A|cs0389a|389|CHAPULTEPEC 1|CIUDAD DE MÉXICO|A|SUCURSAL|CHAPULTEPEC |92 |LC 30|ROMA |CUAUHTEMOC|06040|CIUDAD DE MÉXICO|CUAUHTEMOC|CALLEJON GUAYMAS||5552075188|#N/D
396A|cs0396a|396|PROGRESO NACIONAL 1|CIUDAD DE MÉXICO|A|SUCURSAL|PROGRESO NACIONAL |262 ||PROGRESO NACIONAL |GUSTAVO A MADERO|07600|CIUDAD DE MÉXICO|CALLE 5|CALLE 6||5553694712|#N/D
3A|cs0003a|3|TACUBAYA|CIUDAD DE MÉXICO|A|SUCURSAL|MARTI |6 |C|ESCANDON |MIGUEL HIDALGO|11800|CIUDAD DE MÉXICO|AV. PARQUE LIRA|DR. JOUBLANC||5555168329|#N/D
401A|cs0401a|401|INSURGENTES 2|CIUDAD DE MÉXICO|A|SUCURSAL|SINALOA |6 |LC A|ROMA NORTE |CUAUHTEMOC|06700|CIUDAD DE MÉXICO|ESQ. INSURGENTES SUR|||5552070787|#N/D
42A|cs0042a|42|AVENIDA 8|CIUDAD DE MÉXICO|A|SUCURSAL|GRAL FRANCISCO MORAZAN |196 ||IGNACIO ZARAGOZA |VENUSTIANO CARRANZA|15000|CIUDAD DE MÉXICO|CALLE 41|CALLE 43||5557850699|#N/D
435A|cs0435a|435|TLALPAN 4|CIUDAD DE MÉXICO|A|SUCURSAL|DE TLALPAN |754 |LC 3 Y 4|IZTACCIHUATL |BENITO JUAREZ|03520|CIUDAD DE MÉXICO|R. BLANCO FOMBONA|SANTIAGO||5555790894|#N/D
435B|cs0435b|435|TLALPAN 4|CIUDAD DE MÉXICO|B|SUCURSAL|DE TLALPAN |754 |LC 3 Y 4|IZTACCIHUATL |BENITO JUAREZ|03520|CIUDAD DE MÉXICO|R. BLANCO FOMBONA|SANTIAGO||5555790894|#N/D
44A|cs0044a|44|REVOLUCION 3|CIUDAD DE MÉXICO|A|SUCURSAL|REVOLUCION |1065 ||MIXCOAC |BENITO JUAREZ|03910|CIUDAD DE MÉXICO|NATAL PESADO|CLAUDIO ARCINIEGA||5555637474|#N/D
44B|cs0044b|44|REVOLUCION 3|CIUDAD DE MÉXICO|B|SUCURSAL|REVOLUCION |1065 ||MIXCOAC |BENITO JUAREZ|03910|CIUDAD DE MÉXICO|NATAL PESADO|CLAUDIO ARCINIEGA||5555637474|#N/D
44C|cs0044c|44|REVOLUCION 3|CIUDAD DE MÉXICO|C|SUCURSAL|REVOLUCION |1065 ||MIXCOAC |BENITO JUAREZ|03910|CIUDAD DE MÉXICO|NATAL PESADO|CLAUDIO ARCINIEGA||5555637474|#N/D
471A|cs0471a|471|DR. OLVERA|CIUDAD DE MÉXICO|A|SUCURSAL|DR. OLVERA |1 ||DOCTORES |CUAUHTEMOC|06720|CIUDAD DE MÉXICO|ESQ. EJE CENTRAL LAZARO CARDENAS|||5555888176|#N/D
473A|cs0473a|473|INDEPENDENCIA|CIUDAD DE MÉXICO|A|SUCURSAL|INDEPENDENCIA |44 ||INDEPENDENCIA |BENITO JUAREZ|03630|CIUDAD DE MÉXICO|ESQ. ALEMANIA|||5556746077|#N/D
494A|cs0494a|494|NAPOLES|CIUDAD DE MÉXICO|A|SUCURSAL|PENNSYLVANIA |116 |LC A Y B|NAPOLES |BENITO JUAREZ|03800|CIUDAD DE MÉXICO|DAKOTA|LUISIANA||5511076959|#N/D
4A|cs0004a|4|LA VILLA|CIUDAD DE MÉXICO|A|SUCURSAL|CALVARIO |10 |LC 3|TEPEYAC INSURGENTES |GUSTAVO A MADERO|07020|CIUDAD DE MÉXICO|ESQ. MONTEVIDEO|LINDAVISTA|MISTERIOS|5557814522|#N/D
524A|cs0524a|524|TAJIN|CIUDAD DE MÉXICO|A|SUCURSAL|TAJIN |100 ||NARVARTE |BENITO JUAREZ|03020|CIUDAD DE MÉXICO|DIAGONAL SAN ANTONIO|MORENA||5555192452|#N/D
535A|cs0535a|535|CENTRO 4|CIUDAD DE MÉXICO|A|SUCURSAL|JUAREZ |18 |LC A|CENTRO |CUAUHTEMOC|06050|CIUDAD DE MÉXICO|LOPEZ|DOLORES||5555126426|#N/D
537A|cs0537a|537|CORUÑA 1|CIUDAD DE MÉXICO|A|SUCURSAL|CORUÑA |255 |1|VIADUCTO PIEDAD |IZTACALCO|08200|CIUDAD DE MÉXICO|JOSE MARIA CORREA|MARCOS CARRILLO||5555307002|#N/D
551A|cs0551a|551|VILLA COYOACAN|CIUDAD DE MÉXICO|A|SUCURSAL|MIGUEL ANGEL DE QUEVEDO |646 ||VILLA COYOACAN |COYOACAN|04000|CIUDAD DE MÉXICO|CALLEJON COLIMA|FELIPE CARRILLO PUERTO||5555540373|#N/D
567A|cs0567a|567|EJE CENTRAL 3|CIUDAD DE MÉXICO|A|SUCURSAL|CENTRAL LAZARO CARDENAS |13 |LC A|CENTRO |CUAUHTEMOC|06050|CIUDAD DE MÉXICO|INDEPENDENCIA|JUAREZ||5555215032|#N/D
56A|cs0056a|56|MIRAMONTES 1|CIUDAD DE MÉXICO|A|SUCURSAL|ESTRELLA CEFEIDA |20 |A|PRADOS DE COYOACAN |COYOACAN|04810|CIUDAD DE MÉXICO|CANAL DE MIRAMONTES|ESTRELLA B.||5556793237|#N/D
56B|cs0056b|56|MIRAMONTES 1|CIUDAD DE MÉXICO|B|SUCURSAL|ESTRELLA CEFEIDA |20 |A|PRADOS DE COYOACAN |COYOACAN|04810|CIUDAD DE MÉXICO|CANAL DE MIRAMONTES|ESTRELLA B.||5556793237|#N/D
574A|cs0574a|574|CHAPULTEPEC 2|CIUDAD DE MÉXICO|A|SUCURSAL|CHAPULTEPEC |473 |PB|JUAREZ |CUAUHTEMOC|06600|CIUDAD DE MÉXICO|TOLEDO|BURDEOS||5552120050|#N/D
583A|cs0583a|583|UNIVERSIDAD 1|CIUDAD DE MÉXICO|A|SUCURSAL|UNIVERSIDAD |1953 |ED 2 LC 3|COPILCO UNIVERSIDAD |COYOACAN|04340|CIUDAD DE MÉXICO|EJE 10 SUR COPILCO|CERRO DE TUERA||5555506680|#N/D
5A|cs0005a|5|DIVISION DEL NORTE|CIUDAD DE MÉXICO|A|SUCURSAL|DIVISION DEL NORTE |2863 |LC 9,10,11|PARQUE SAN ANDRES |COYOACAN|04040|CIUDAD DE MÉXICO|AMERICA|INGLATERRA||5555448359|#N/D
5B|cs0005b|5|DIVISION DEL NORTE|CIUDAD DE MÉXICO|B|SUCURSAL|DIVISION DEL NORTE |2863 |LC 9,10,11|PARQUE SAN ANDRES |COYOACAN|04040|CIUDAD DE MÉXICO|AMERICA|INGLATERRA||5555448359|#N/D
600A|cs0600a|600|TLAHUAC 2|CIUDAD DE MÉXICO|A|SUCURSAL|GITANA |MZ 12 |LT 9|LA TURBA |TLAHUAC|13250|CIUDAD DE MÉXICO|ESQ. LAGO SAN CRISTOBAL|||5558509270|#N/D
615A|cs0615a|615|AGRÍCOLA ORIENTAL 2|CIUDAD DE MÉXICO|A|SUCURSAL|SUR 20 |285 ||AGRICOLA ORIENTAL |IZTACALCO|08500|CIUDAD DE MÉXICO|ROJO GOMEZ|ORIENTE 241||5557639705|#N/D
618A|cs0618a|618|LOMAS ESTRELLA|CIUDAD DE MÉXICO|A|SUCURSAL|TLAHUAC |4546 |LC 3|GRANJAS ESTRELLA |IZTAPALAPA|09880|CIUDAD DE MÉXICO|BAHAMAS|BOULEVARD CAPRI||5556567454|#N/D
624A|cs0624a|624|NARVARTE 1|CIUDAD DE MÉXICO|A|SUCURSAL|EUGENIA |1305 |LC B|NARVARTE PONIENTE |BENITO JUAREZ|03020|CIUDAD DE MÉXICO|AV. CUAUHTEMOC|ANAXAGORAS||5556876867|#N/D
625A|cs0625a|625|ROMERO DE TERREROS|CIUDAD DE MÉXICO|A|SUCURSAL|ROMERO DE TERREROS |615 |LC E|DEL VALLE |BENITO JUAREZ|03100|CIUDAD DE MÉXICO|AV. COYOACAN|MIER Y PESADO||5555368269|#N/D
63A|cs0063a|63|CALZADA GUADALUPE 1|CIUDAD DE MÉXICO|A|SUCURSAL|DE GUADALUPE |416 ||INDUSTRIAL |GUSTAVO A MADERO|07800|CIUDAD DE MÉXICO|ROMO ANGUIANO|EXCELSIOR||5555370429|#N/D
63B|cs0063b|63|CALZADA GUADALUPE 1|CIUDAD DE MÉXICO|B|SUCURSAL|DE GUADALUPE |416 ||INDUSTRIAL |GUSTAVO A MADERO|07800|CIUDAD DE MÉXICO|ROMO ANGUIANO|EXCELSIOR||5555370429|#N/D
65A|cs0065a|65|TLAHUAC 1|CIUDAD DE MÉXICO|A|SUCURSAL|TLAHUAC |1528 |A|AÑO DE JUAREZ |IZTAPALAPA|09780|CIUDAD DE MÉXICO|I. ZARAGOZA|ANILLO PERIFERICO||5558403979|#N/D
65B|cs0065b|65|TLAHUAC 1|CIUDAD DE MÉXICO|B|SUCURSAL|TLAHUAC |1528 |A|AÑO DE JUAREZ |IZTAPALAPA|09780|CIUDAD DE MÉXICO|I. ZARAGOZA|ANILLO PERIFERICO||5558403979|#N/D
665A|cs0665a|665|PLAZA GALERIAS|CIUDAD DE MÉXICO|A|SUCURSAL|MELCHOR OCAMPO |193 |LC E-18|VERONICA ANZURES |MIGUEL HIDALGO|11300|CIUDAD DE MÉXICO|MARINA NACIONAL|MELCHOR OCAMPO||5550833310|#N/D
669A|cs0669a|669|CALZADA DE GUADALUPE 2|CIUDAD DE MÉXICO|A|SUCURSAL|DE GUADALUPE |161 ||VALLE GOMEZ |CUAUHTEMOC|06240|CIUDAD DE MÉXICO|RADIO|RIO CONSULADO||5557394785|#N/D
669B|cs0669b|669|CALZADA DE GUADALUPE 2|CIUDAD DE MÉXICO|B|SUCURSAL|DE GUADALUPE |161 ||VALLE GOMEZ |CUAUHTEMOC|06240|CIUDAD DE MÉXICO|RADIO|RIO CONSULADO||5557394785|#N/D
67A|cs0067a|67|ZARAGOZA 1|CIUDAD DE MÉXICO|A|SUCURSAL|IGNACIO ZARAGOZA |795 ||PUEBLA |VENUSTIANO CARRANZA|15020|CIUDAD DE MÉXICO|CALLE 83|CALLE 85||5557639250|#N/D
7001A|cf0001a|7001|IZTAPALAPA |CIUDAD DE MÉXICO|A|FRANQUICIA|5 DE MAYO|27|B|SAN IGNACIO|IZTAPALAPA|09000|CIUDAD DE MÉXICO|PICHACALCO|CALLEJON PALACIO|0|5556857398|#N/D
7001B|cf7001b|7001|IZTAPALAPA|CIUDAD DE MÉXICO|B|FRANQUICIA|5 DE MAYO|27|B|SAN IGNACIO|IZTAPALAPA|09000|CIUDAD DE MÉXICO|PICHACALCO|CALLEJON PALACIO|0|5556857398|#N/D
7004A|cf7004a|7004|SAN COSME|CIUDAD DE MÉXICO|A|FRANQUICIA|IGNACIO MANUEL ALTAMIRANO|7|6|SAN RAFAEL|CUAUHTEMOC|06470|CIUDAD DE MÉXICO|RIVERA DE SAN COSME|JOAQUIN GARCIA ICAZBALCETA|GABINO BARREDA|5555469722|#N/D
7006A|cf0006a|7006|PRO HOGAR 1, AZCAPOTZALCO|CIUDAD DE MÉXICO|A|FRANQUICIA|CENTRAL|206|PB|PRO HOGAR|AZCAPOTZALCO|02600|CIUDAD DE MÉXICO|CALLE 12|CALLE 10|0|5553559578|#N/D
7022A|cf7022a|7022|GUERRERO 1, CUAUHTEMOC|CIUDAD DE MÉXICO|A|FRANQUICIA|CAMELIA|166|PB|GUERRERO|CUAUHTEMOC|06300|CIUDAD DE MÉXICO|ESQ. CON HEROES|0|0|5557723098|#N/D
7022B|cf7022b|7022|GUERRERO 1, CUAUHTEMOC|CIUDAD DE MÉXICO|B|FRANQUICIA|CAMELIA|166|PB|GUERRERO|CUAUHTEMOC|06300|CIUDAD DE MÉXICO|ESQ. CON HEROES|0|0|5557723098|#N/D
7044A|cf7044a|7044|PEDREGAL DE STO DOMINGO 3, COYOACAN|CIUDAD DE MÉXICO|A|FRANQUICIA|ESCUINAPA|132||PEDREGAL DE SANTO DOMINGO|COYOACAN|04369|CIUDAD DE MÉXICO|ESQ. JUMIL|0|0|5515172644|#N/D
7053A|cf7053a|7053|CUAJIMALPA|CIUDAD DE MÉXICO|A|FRANQUICIA|SAN JOSE DE LOS CEDROS|220||SAN JOSE DE LOS CEDROS|CUAJIMALPA DE MORELOS|05200|CIUDAD DE MÉXICO|AHUEHUETES|JOSE MARIA CASTORENA|0|5524620674|#N/D
7077A|cf7077a|7077|TLAHUAC PUEBLO|CIUDAD DE MÉXICO|A|FRANQUICIA|TLAHUAC TULYEHUALCO|183||GUADALUPE|TLAHUAC|13060|CIUDAD DE MÉXICO|SEVERINO CENICEROS|GABRIEL HERNANDEZ|0|5558425695|#N/D
7078A|cf7078a|7078|COLINA DEL SUR 1, ALVARO OBREGON|CIUDAD DE MÉXICO|A|FRANQUICIA|SANTA LUCIA|1122||COLINAS DEL SUR|ALVARO OBREGON|01430|CIUDAD DE MÉXICO|ESQ. ESTRIBO|0|0|5554235567|#N/D
7078B|cf7078b|7078|COLINA DEL SUR 1, ALVARO OBREGON|CIUDAD DE MÉXICO|B|FRANQUICIA|SANTA LUCIA|1122||COLINAS DEL SUR|ALVARO OBREGON|01430|CIUDAD DE MÉXICO|ESQ. ESTRIBO|0|0|5554235567|#N/D
7087A|cf7087a|7087|CUAJIMALPA 2|CIUDAD DE MÉXICO|A|FRANQUICIA|VERACRUZ|15||CUAJIMALPA|CUAJIMALPA DE MORELOS|05000|CIUDAD DE MÉXICO|JUAREZ|OCAMPO|0|5529245683|#N/D
7091A|cf7091a|7091|AV. SAN BERNABE 1|CIUDAD DE MÉXICO|A|FRANQUICIA|SAN BERNABE|1019|LOCALES C Y D|LA MALINCHE|LA MAGDALENA CONTRERAS|10010|CIUDAD DE MÉXICO|AV. LUIS CABRERA|LOS PINOS|0|5556816437|#N/D
7094A|cf7094a|7094|LEGARIA 1|CIUDAD DE MÉXICO|A|FRANQUICIA|LEGARIA|464|LOCALES A Y B|DEPORTIVA PENSIL|MIGUEL HIDALGO|11470|CIUDAD DE MÉXICO|ESQ. CACALCO|BLVD. LAGO GINEBRA|0|5553865880|#N/D
71001A|cf71001a|71001|NARVARTE ORIENTE 1|CIUDAD DE MÉXICO|A|FRANQUICIA|CUMBRES DE MALTRATA|304|LOCAL B|NARVARTE ORIENTE|BENITO JUAREZ|03023|CIUDAD DE MÉXICO|ESQ. TAJIN|0|0|5555308402|#N/D
71003A|cf71003a|71003|SAN BARTOLO ATEPEHUACAN 1|CIUDAD DE MÉXICO|A|FRANQUICIA|AZCAPOTZALCO LA VILLA (CLL. ETEN)|666|LOCAL 3|SAN BARTOLO ATEPEHUACAN|GUSTAVO A MADERO|07730|CIUDAD DE MÉXICO|CALLE ETEN|22 DE AGOSTO|0|5589544689|#N/D
7104A|cf7104a|7104|MARTIN CARRERA 1, GUSTAVO A MADERO|CIUDAD DE MÉXICO|A|FRANQUICIA|MARTIN CARRERA|133|LOCAL J|MARTIN CARRERA|GUSTAVO A MADERO|07070|CIUDAD DE MÉXICO|VICENTE GUERRERO|GRAL. ANASTACIO BUSTAMANTE|0|5557376470|#N/D
7104B|cf7104b|7104|MARTIN CARRERA 1, GUSTAVO A MADERO|CIUDAD DE MÉXICO|B|FRANQUICIA|MARTIN CARRERA|133|LOCAL J|MARTIN CARRERA|GUSTAVO A MADERO|07070|CIUDAD DE MÉXICO|VICENTE GUERRERO|GRAL. ANASTACIO BUSTAMANTE|0|5557376470|#N/D
71089A|cf71089a|71089|DEL VALLE SUR 1, BENITO JUAREZ|CIUDAD DE MÉXICO|A|FRANQUICIA|PILARES|519|B 2|DEL VALLE SUR|BENITO JUAREZ|03104|CIUDAD DE MÉXICO|ESQ. JUAN SANCHEZ AZCONA|NICOLAS SANJUAN|0|5556013698|#N/D
71113A|CF71113-A|71113|SAN JUAN DE ARAGON 7 SECCION, GAM|CIUDAD DE MÉXICO|A|FRANQUICIA|412|164||SAN JUAN DE ARAGON VII SECCION|GUSTAVO A MADERO|07910|CIUDAD DE MÉXICO|AV. 495|AV. 493|0|5557999506|#N/D
71130A|cf71130a|71130|ESCUADRON 201 1.|CIUDAD DE MÉXICO|A|FRANQUICIA|AGUSTIN YAÑEZ|1816||ESCUADRON 201|IZTAPALAPA|09060|CIUDAD DE MÉXICO|ESQ. JAVIER MARTINEZ VALLE|JOSE ESPINOZA FUENTES|0|5557639187|#N/D
71170A|cf71170a|71170|BARRIO SAN MARCOS 1, |CIUDAD DE MÉXICO|A|FRANQUICIA|GUADALUPE I RAMIREZ|280|CASA 1|SAN MARCOS|XOCHIMILCO|16050|CIUDAD DE MÉXICO|ZACATECAS|PROL. DIVISION DEL NORTE|AV. MEXICO|5555555983|#N/D
71234A|cf71234a|71234|IRRIGACION 1, MIGUEL HIDALGO|CIUDAD DE MÉXICO|A|FRANQUICIA|LEGARIA (CLL PRESA SOLIS)|798 (42)|N/A (LOC 3)|IRRIGACION|MIGUEL HIDALGO|11500|CIUDAD DE MÉXICO|PRESA SOLIS|PRESA RODRIGUEZ|MIGUEL DE CERVANTES SAAVEDRA|5553959441|#N/D
71265A|cf71265a|71265|INSURGENTES CENTRO 1|CIUDAD DE MÉXICO|A|FRANQUICIA|INSURGENTES CENTRO|132|LOCAL 3|TABACALERA|CUAUHTEMOC|06030|CIUDAD DE MÉXICO|MADRID|PARIS|0|5555924122|#N/D
71290A|cf71290a|71290|ERMITA IZTAPALAPA 1|CIUDAD DE MÉXICO|A|FRANQUICIA|ERMITA IZTAPALAPA|1277||SAN PABLO|IZTAPALAPA|09000|CIUDAD DE MÉXICO|LA ESTRELLA|ENRIQUE CORONA MORFIN|0|5526361706|#N/D
71321A|CF71321A|71321|JUAN ESCUTIA 3, IZTAPALAPA|CIUDAD DE MÉXICO|A|FRANQUICIA|GRAL. JOAQUIN M. GUTIERREZ|54||JUAN ESCUTIA|IZTAPALAPA|09100|CIUDAD DE MÉXICO|CORONEL LINO MERINO|GRAL. JUAN ENRIQUEZ|GRAL. JOSE TRINIDAD SALGADO|5526334374|#N/D
71343A|cf1343a|71343|MESA LOS HORNOS 1, TLALPAN|CIUDAD DE MÉXICO|A|FRANQUICIA|CANTERA|42|MZ. 2 LT. 40 LOCAL C|ANEXO MESA LOS HORNOS|TLALPAN|14420|CIUDAD DE MÉXICO|CAMINO A LA CANTERA|PRIVADA CANTERA|REYNOSA|5554859467|#N/D
71350A|cf71350a|71350|CAMPESTRE CHURUBUSCO 1, |CIUDAD DE MÉXICO|A|FRANQUICIA|TAXQUEÑA|1313|LOCAL D|CAMPESTRE CHURUBUSCO|COYOACAN|04200|CIUDAD DE MÉXICO|CERRO DEL BORREGO|CERRO TEZONCO|SAN ANTONIO|5555443350|#N/D
71354A|cf71354a|71354|LOMAS DE PADIERNA 2, TLALPAN|CIUDAD DE MÉXICO|A|FRANQUICIA|SEYE|103||LOMAS DE PADIERNA|TLALPAN|14240|CIUDAD DE MÉXICO|ESQ. OPICHEN|0|CHICOASEN|5556314080|#N/D
71382A|cf71382a|71382|CUITLAHUAC 2|CIUDAD DE MÉXICO|A|FRANQUICIA|CUITLAHUAC (CLL. NARCISO)|185||HOGAR Y SEGURIDAD|AZCAPOTZALCO|02820|CIUDAD DE MÉXICO|PIÑA|NUECES|NARCISO|5591314215|#N/D
71393A|cf71393a|71393|MIGUEL ALEMAN 1|CIUDAD DE MÉXICO|A|FRANQUICIA|AHORRO POSTAL|109||MIGUEL ALEMAN|BENITO JUAREZ|03420|CIUDAD DE MÉXICO|ANDALUCIA|LERIDA|ALMERIA|5556985267|#N/D
71465A|cf71465a|71465|CONDESA 1, CUAUHTEMOC|CIUDAD DE MÉXICO|A|FRANQUICIA|VERACRUZ|3|LOCAL F|CONDESA|CUAUHTEMOC|06140|CIUDAD DE MÉXICO|JOSE VASCONCELOS|ZAMORA|AGUSTIN MELGAR|5591556678|#N/D
71509A|cf71509a|71509|ALAMOS 2|CIUDAD DE MÉXICO|A|FRANQUICIA|BOLIVAR|693|LOCAL D|ALAMOS|BENITO JUAREZ|03400|CIUDAD DE MÉXICO|JOSE SIMON BOLIVAR|GALICIA|FERNANDO|5555190055|#N/D
71596A|cf71596a|71596|SAN CLEMENTE NORTE, A. OBREGON.|CIUDAD DE MÉXICO|A|FRANQUICIA|DE LAS AGUILAS|1275||SAN CLEMENTE NORTE|ALVARO OBREGON|01740|CIUDAD DE MÉXICO|PUENTE METLAC|PUENTE NACIONAL|0|5589385130|#N/D
71656A|cf71656a|71656|GABRIEL RAMOS MILLAN 1, IZTACALCO|CIUDAD DE MÉXICO|A|FRANQUICIA|ORIENTE 100 A|2414||GABRIEL RAMOS MILLAN|IZTACALCO|08730|CIUDAD DE MÉXICO|ESQ. SUR 125|SUR 127|ORIENTE 100|5556647993|#N/D
71656B|cf71656b|71656|GABRIEL RAMOS MILLAN 1, IZTACALCO|CIUDAD DE MÉXICO|B|FRANQUICIA|ORIENTE 100 A|2414||GABRIEL RAMOS MILLAN|IZTACALCO|08730|CIUDAD DE MÉXICO|ESQ. SUR 125|SUR 127|ORIENTE 100|5556647993|#N/D
71662A|cf71662a|71662|CUAUHTEMOC 1, MAGDALENA CONTRERAS|CIUDAD DE MÉXICO|A|FRANQUICIA|CORONA DEL ROSAL|41||CUAUHTEMOC|LA MAGDALENA CONTRERAS|10020|CIUDAD DE MÉXICO|OLIVOS|IGUALA|JALISCO|5554252593|#N/D
71735A|cf1735a|71735|OLIVAR DEL CONDE 3, ALVARO OBREGON|CIUDAD DE MÉXICO|A|FRANQUICIA|32|45||OLIVAR DEL CONDE 2A SECCION (SAN ANGEL I)|ALVARO OBREGON|01408|CIUDAD DE MÉXICO|ESQ. MIGUEL HIDALGO|SANTA LUCIA|CALLE 33|5512852145|#N/D
7174A|cf0174a|7174|SANTA CRUZ MEYEHUALCO 1|CIUDAD DE MÉXICO|A|FRANQUICIA|ERMITA IZTAPALAPA|2745|LOCAL E|SANTA CRUZ MEYEHUALCO|IZTAPALAPA|09700|CIUDAD DE MÉXICO|MAURILIO MEJIA|CDA. ERMITA IZTAPALAPA|0|5526085034|#N/D
7174B|cf0174b|7174|SANTA CRUZ MEYEHUALCO 1|CIUDAD DE MÉXICO|B|FRANQUICIA|ERMITA IZTAPALAPA|2745|LOCAL E|SANTA CRUZ MEYEHUALCO|IZTAPALAPA|09700|CIUDAD DE MÉXICO|MAURILIO MEJIA|CDA. ERMITA IZTAPALAPA|0|5526085034|#N/D
71759A|cf71759a|71759|TORRES DEL POTRERO 1, A. OBREGON|CIUDAD DE MÉXICO|A|FRANQUICIA|DE LAS TORRES|MZ. 15 LT. 14||TORRES DE POTRERO|ALVARO OBREGON|01840|CIUDAD DE MÉXICO|LUIS ECHEVERRIA|FLOR DEL CAMPO|0|5528724986|#N/D
71783A|cf71783a|71783|ANAHUAC 2, MIGUEL HIDALGO.|CIUDAD DE MÉXICO|A|FRANQUICIA|LAGUNA DEL CARMEN|192||ANAHUAC|MIGUEL HIDALGO|11320|CIUDAD DE MÉXICO|ESQ. LAGO PATZCUARO|0|0|5553425700|#N/D
71799A|cf71799a|71799|SANTA MARIA LA RIBERA 2, CUAUHTEMOC|CIUDAD DE MÉXICO|A|FRANQUICIA|SOR JUANA INES DE LA CRUZ|58||SANTA MARIA LA RIBERA|CUAUHTEMOC|06400|CIUDAD DE MÉXICO|ESQ. SANTA MARIA LA RIBERA|DR. ATL|AMADO NERVO|5555479375|#N/D
71801A|cf71801a|71801|CUAUHTEMOC 1|CIUDAD DE MÉXICO|A|FRANQUICIA|RIO LERMA|257||CUAUHTEMOC|CUAUHTEMOC|06500|CIUDAD DE MÉXICO|RIO DUERO|RIO MISSISSIPI|RIO PANUCO|5555259381|#N/D
71802A|cf71802a|71802|LA CONCEPCION 1, MILPA ALTA|CIUDAD DE MÉXICO|A|FRANQUICIA|YUCATAN SUR|15||LA CONCEPCION|MILPA ALTA|12000|CIUDAD DE MÉXICO|CONSTITUCION|COLIMA ORIENTE|TAMAULIPAS SUR|5525807928|#N/D
7187A|cf0187a|7187|AGRICOLA ORIENTAL 1, IZTACALCO|CIUDAD DE MÉXICO|A|FRANQUICIA|CANAL DE SAN JUAN (CLL. SUR 24)|422||AGRICOLA ORIENTAL|IZTACALCO|08500|CIUDAD DE MÉXICO|CLL. SUR 24|CLL. SUR 22|0|5551155018|#N/D
71903A|cf71903a|71903|PETROLERA 1, AZCAPOTZALCO|CIUDAD DE MÉXICO|A|FRANQUICIA|MIGUEL LERDO DE TEJADA|444||PETROLERA|AZCAPOTZALCO|02480|CIUDAD DE MÉXICO|ESQ. GRAL FRANCISCO SARABIA|N/A|N/A|5555613788|#N/D
71938A|cf1938a|71938|VILLA DE CORTES 1, BENITO JUAREZ |CIUDAD DE MÉXICO|A|FRANQUICIA|RUBEN M CAMPOS|2752||VILLA DE CORTES|BENITO JUAREZ|03530|CIUDAD DE MÉXICO|JAVIER SORONDO|CARRILLO Y GARIEL|LUIS G. INCLAN|5555793518|#N/D
71938B|cf71938b|71938|Villa de Cortes 1, Benito Juarez|CIUDAD DE MÉXICO|B|FRANQUICIA|RUBEN M CAMPOS|2752||VILLA DE CORTES|BENITO JUAREZ|03530|CIUDAD DE MÉXICO|JAVIER SORONDO|CARRILLO Y GARIEL|LUIS G. INCLAN|5555793518|#N/D
71960A|cf71960a|71960|SAN MIGUEL XICALCO 1, TLALPAN|CIUDAD DE MÉXICO|A|FRANQUICIA|MEXICO|266||SAN MIGUEL XICALCO|TLALPAN|14490|CIUDAD DE MÉXICO|ESQ. LAS FLORES|16 DE SEPTIEMBRE|5 DE FEBRERO|5513157975|#N/D
71993A|cf71993a|71993|EL RODEO 1, IZTAPALAPA|CIUDAD DE MÉXICO|A|FRANQUICIA|SAN LORENZO|MZ. 1|LT. 15|EL RODEO|IZTAPALAPA|09860|CIUDAD DE MÉXICO|ESTRELLA|NAUTLA|0|5522910430|#N/D
72011A|cf2011a|72011|LA MAGDALENA PETLACALCO 1, TLALPAN|CIUDAD DE MÉXICO|A|FRANQUICIA|MEXICO AJUSCO|40||MAGDALENA PETLACALCO|TLALPAN|14480|CIUDAD DE MÉXICO|5 DE MAYO|CHABACANO|RIVERO|5513159519|#N/D
7203A|cf7203a|7203|FORESTAL 1, GUSTAVO A. MADERO|CIUDAD DE MÉXICO|A|FRANQUICIA|MIGUEL LERDO DE TEJADA|17|N/A|LA FORESTAL|GUSTAVO A MADERO|07140|CIUDAD DE MÉXICO|PEDRO NOLASCO|FRANCISCO JAMBRINA|3A CERRADA DE PEDRO NOLASCO|5571602404|#N/D
72044A|cf72044a|72044|LOS ANGELES 1, IZTAPALAPA|CIUDAD DE MÉXICO|A|FRANQUICIA|DEL ROSAL|MZ. 31|LT. 11|LOS ANGELES|IZTAPALAPA|09830|CIUDAD DE MÉXICO|JACARANDAS|EDUARDO|CALZADA ERMITA IZTAPALAPA|5522912395|#N/D
72062A|cf72062a|72062|AZCAPOTZALCO 3|CIUDAD DE MÉXICO|A|FRANQUICIA|REFORMA (CDA. JARDIN HIDALGO)|16|LOCAL D|CENTRO DE AZCAPOTZALCO|AZCAPOTZALCO|02000|CIUDAD DE MÉXICO|CERRADA JARDIN MIGUEL HIDALGO|AZTECAS|AZCAPOTZALCO|5553470888|#N/D
72076A|cf72076a|72076|VILLA QUIETUD 1, COYOACAN|CIUDAD DE MÉXICO|A|FRANQUICIA|DEL HUESO|1002||VILLA QUIETUD|COYOACAN|04960|CIUDAD DE MÉXICO|ESQ. HACIENDA SANTA CECILIA|HACIENDA SANTA URSULA|HACIENDA LA ESCALERA|5555361830|#N/D
7207A|cf7207a|7207|TAXQUEÑA|CIUDAD DE MÉXICO|A|FRANQUICIA|TAXQUEÑA|1963||SAN FRANCISCO CULHUACAN|COYOACAN|04260|CIUDAD DE MÉXICO|ESQ. CDA TAXQUEÑA|0|0|5556466630|#N/D
72085A|cf72085a|72085|MIGUEL HIDALGO 1, TLALPAN|CIUDAD DE MÉXICO|A|FRANQUICIA|BENITO JUAREZ|139|1110-A|MIGUEL HIDALGO 3A SECCION|TLALPAN|14250|CIUDAD DE MÉXICO|ESQ. LAZARO CARDENAS|JESUS LECUONA|MIGUEL LERDO DE TEJADA|5515570024|#N/D
72095A|cf72095a|72095|SANTO TOMAS AJUSCO 2, TLALPAN|CIUDAD DE MÉXICO|A|FRANQUICIA|MARIANO MATAMOROS|44||SANTO TOMAS AJUSCO|TLALPAN|14710|CIUDAD DE MÉXICO|JUAN ALDAMA|CDA. JOSE MA. MORELOS|MELCHO OCAMPO|5513152989|#N/D
72107A|cf72107a|72107|CTM ATZACOALCO 1, GUSTAVO A. MADERO|CIUDAD DE MÉXICO|A|FRANQUICIA|FERNANDO AMILPA|80|LOCAL 38C|CTM EL RISCO|GUSTAVO A MADERO|07090|CIUDAD DE MÉXICO|LUIS YUREN (CALLE ENFRENTE)|ATILANO MORALES|RICARDO FLORES MAGON|5559201817|#N/D
72160A|cf72160a|72160|LINDAVISTA 2, GUSTAVO A. MADERO|CIUDAD DE MÉXICO|A|FRANQUICIA|INSTITUTO POLITECNICO NACIONAL|1705||LINDAVISTA|GUSTAVO A MADERO|07300|CIUDAD DE MÉXICO|MATANZAS|RICARTE|MOLLENDO|5551192181|#N/D
72164A|cf72164a|72164|SAN JERONIMO LIDICE 1|CIUDAD DE MÉXICO|A|FRANQUICIA|SAN BERNABE|327|LOCAL 13|SAN JERONIMO LIDICE|LA MAGDALENA CONTRERAS|10200|CIUDAD DE MÉXICO|CERRADA AQUILA|ESTEFANIA CASTAÑEDA|AV. SAN BERNABE|5555951527|#N/D
72177A|cf72177|72177|SAN MATEO XALPA 2, |CIUDAD DE MÉXICO|A|FRANQUICIA|MIGUEL HIDALGO|35||SAN MATEO XALPA|XOCHIMILCO|16800|CIUDAD DE MÉXICO|JOSE MARIA MORELOS|MIGUEL HIDALGO|1A. CERRADA DE MORELOS|5521561196|#N/D
72194A|cf72194a|72194|PRESIDENTES DE MEXICO 1, IZTAPALAPA|CIUDAD DE MÉXICO|A|FRANQUICIA|SANTA CRUZ|S/N||PRESIDENTES DE MEXICO|IZTAPALAPA|09740|CIUDAD DE MÉXICO|RIO NAZAS|GUSTAVO DIAZ ORDAZ|VENUSTIANO CARRANZA|5515463279|#N/D
72219A|cf72219a|72219|EJIDOS SAN PEDRO MARTIR 1, |CIUDAD DE MÉXICO|A|FRANQUICIA|CEDRAL|2||EJIDOS DE SAN PEDRO MARTIR|TLALPAN|14640|CIUDAD DE MÉXICO|BUGAMBILIA|HORTENCIA|RIO SAN BUENAVENTURA|5554853870|#N/D
72232A|cf72232a|72232|OLIVAR DEL CONDE 4, ALVARO OBREGON|CIUDAD DE MÉXICO|A|FRANQUICIA|SANTA LUCIA|126||OLIVAR DEL CONDE 1A SECCION|ALVARO OBREGON|01400|CIUDAD DE MÉXICO|CALLE 7|CALLE 20|DEL ROSAL|5555935559|#N/D
7224A|cf7224a|7224|OLIVAR DEL CONDE 1, ALVARO OBREGON|CIUDAD DE MÉXICO|A|FRANQUICIA|MIGUEL HIDALGO|9|LOCAL A|OLIVAR DEL CONDE 2A SECCION|ALVARO OBREGON|01408|CIUDAD DE MÉXICO|AGUSTIN LARA|DOLORES DEL RIO|0|5515208419|#N/D
72258A|cf72258a|72258|PERIODISTA 1, MIGUEL HIDALGO|CIUDAD DE MÉXICO|A|FRANQUICIA|RAFAEL REYES ESPINDOLA|18||PERIODISTA|MIGUEL HIDALGO|11220|CIUDAD DE MÉXICO|JOSE MARIA DEL CASTILLO|GARCIA TORRES|DOLORES JIMENEZ Y MURO|5553956019|#N/D
72316A|cf72316a|72316|SAN LORENZO HUIPULCO 1, TLALPAN|CIUDAD DE MÉXICO|A|FRANQUICIA|DIVISION DEL NORTE|5123||SAN LORENZO HUIPULCO|TLALPAN|14370|CIUDAD DE MÉXICO|COLEGIO DE LA CARIDAD|COLEGIO DE LA ENSEÑANZA|COLEGIO DE LA ENSEÑANZA|5563838163|#N/D
72334A|cf72334a|72334|PERALVILLO 2, CUAUHTEMOC|CIUDAD DE MÉXICO|A|FRANQUICIA|CHOPIN|218||PERALVILLO (EXHIPODROMO DE PERALVILLO)|CUAUHTEMOC|06220|CIUDAD DE MÉXICO|ESQ. CLAUDE DEBUSSY|FEDERIK CHOPIN|0|5589435726|#N/D
72336A|cf72336a|72336|XALTOCAN 1, XOCHIMILCO|CIUDAD DE MÉXICO|A|FRANQUICIA|CAMINO A NATIVITAS|13|LOCAL 2|XALTOCAN|XOCHIMILCO|16090|CIUDAD DE MÉXICO|5 DE MAYO|16 DE SEPTIEMBRE|0|5556531687|#N/D
72351A|cf72351a|72351|CARMEN SERDAN 1, COYOACAN|CIUDAD DE MÉXICO|A|FRANQUICIA|MANUELA MEDINA|10||CARMEN SERDAN|COYOACAN|04910|CIUDAD DE MÉXICO|CALZ. DE LA VIRGEN|ANDADOR ROSA NAVARRETE|NATALIA SERDAN|5556074393|#N/D
72358A|cf72358a|72358|STA MARIA NONOALCO 1, BENITO JUAREZ|CIUDAD DE MÉXICO|A|FRANQUICIA|REVOLUCION|821 BIS|CASA 2|SANTA MARIA NONOALCO|BENITO JUAREZ|03700|CIUDAD DE MÉXICO|VAN DICK|SARTO|MIGUEL ANGEL|5555636780|#N/D
72360A|cf72360a|72360|JALALPA EL GRANDE 2, ALVARO OBREGON.|CIUDAD DE MÉXICO|A|FRANQUICIA|PRIMERA DE CAXAPA|MZ. 43|LT. 2|JALALPA EL GRANDE|ALVARO OBREGON|01377|CIUDAD DE MÉXICO|ESQ. AVENIDA DIAZ ORDAZ|CAXAPA|0|5525915806|#N/D
72367A|cf72367a|72367|CUAUTEPEC 6, GUSTAVO A. MADERO|CIUDAD DE MÉXICO|A|FRANQUICIA|TECNOLOGICO|409||CUAUTEPEC DE MADERO|GUSTAVO A MADERO|07200|CIUDAD DE MÉXICO|PRIMERA CERRADA DE ROSARIO|5 DE MAYO|0|5553060008|#N/D
72379A|cf72379a|72379|SAN MATEO 1, COYOACAN|CIUDAD DE MÉXICO|A|FRANQUICIA|HEROES DEL 47|144||SAN MATEO|COYOACAN|04120|CIUDAD DE MÉXICO|ESQ. DIVISION DEL NORTE|0|0|5556883488|#N/D
72402A|cf72402a|72402|PRESIDENTES 1, ALVARO OBREGON|CIUDAD DE MÉXICO|A|FRANQUICIA|BENITO JUAREZ|52||PRESIDENTES|ALVARO OBREGON|01290|CIUDAD DE MÉXICO|AV. GUSTAVO DIAZ ORDAZ|PORFIRIO DIAZ|PRESIDENTES|5517132317|#N/D
72410A|cf72410a|72410|GABRIEL RAMOS MILLAN 2, IZTACALCO|CIUDAD DE MÉXICO|A|FRANQUICIA|SUR 151|2107||GABRIEL RAMOS MILLAN SECCION BRAMADERO|IZTACALCO|08000|CIUDAD DE MÉXICO|ESQ. OTE 106|OTE 108|SUR 153|5556480731|#N/D
72413A|cf72413a|72413|SAN ANTONIO 1.|CIUDAD DE MÉXICO|A|FRANQUICIA|TRANSFIGURACION|455||SAN ANTONIO|IZTAPALAPA|09900|CIUDAD DE MÉXICO|ESQ. ALDAMA|0|0|5558508550|#N/D
72423A|cf2423a|72423|GUADALUPE DEL MORAL 1, IZTAPALAPA|CIUDAD DE MÉXICO|A|FRANQUICIA|JUAN DE LA BARRERA|MZ. 12|LT. 18|GUADALUPE DEL MORAL|IZTAPALAPA|09300|CIUDAD DE MÉXICO|ESQ. MIGUEL HIDALGO|0|0|5556406910|#N/D
72431A|cf72431a|72431|IXTLAHUACAN 1, IZTAPALAPA|CIUDAD DE MÉXICO|A|FRANQUICIA|MEXICO|MZ. 221|LT. 1|IXTLAHUACAN|IZTAPALAPA|09690|CIUDAD DE MÉXICO|ESQ. CERRADA MEXICO|PIRULES|CDA. PIRULES|5589523595|#N/D
72444A|cf72444a|72444|LEYES DE REFORMA 2, IZTAPALAPA|CIUDAD DE MÉXICO|A|FRANQUICIA|18|MZ. 52|LT. 537|LEYES DE REFORMA 2A SECCION|IZTAPALAPA|09310|CIUDAD DE MÉXICO|ESQ. GABRIELA MISTRAL|0|0|5556004437|#N/D
72482A|cf72482a|72482|FRANCISCO VILLA 1, IZTAPALAPA|CIUDAD DE MÉXICO|A|FRANQUICIA|FELIPE ANGELES (CENTAURO DEL NORTE)|S/N(MZ.42  LT.10A)||FRANCISCO VILLA|IZTAPALAPA|09720|CIUDAD DE MÉXICO|CENTAURO DEL NORTE|BACHIMBA|DOMINGO ARRIETA|5552608155|#N/D
72491A|cf72491a|72491|ACUEDUCTO DE GUADALUPE 1, G.A.M.|CIUDAD DE MÉXICO|A|FRANQUICIA|BRISAS (MAREJADA)|30||ACUEDUCTO DE GUADALUPE|GUSTAVO A MADERO|07279|CIUDAD DE MÉXICO|MAREJADA|CALLE 36|SIERRA|5550392644|#N/D
72504A|CF72504A|72504|SAN PABLO 1, IZTAPALAPA|CIUDAD DE MÉXICO|A|FRANQUICIA|JAVIER ROJO GOMEZ|1491||SAN PABLO|IZTAPALAPA|09000|CIUDAD DE MÉXICO|ERMITA IZTAPALAPA|HIDALGO|MELCHOR OCAMPO|5512721722|#N/D
72516A|cf72516a|72516|PROGRESISTA 1, IZTAPALAPA|CIUDAD DE MÉXICO|A|FRANQUICIA|ESTEBAN CORONADO|76||PROGRESISTA|IZTAPALAPA|09240|CIUDAD DE MÉXICO|ESQ. ESTEBAN CORONADO|AV. VENUSTIANO CARRANZA|0|5522911048|#N/D
72526A|cf72526a|72526|APATLACO 1.|CIUDAD DE MÉXICO|A|FRANQUICIA|SANTA MARIA LA PURISIMA|158||APATLACO|IZTAPALAPA|09430|CIUDAD DE MÉXICO|GALEANA|HIDALGO|CANAL DE APATLACO|5526213770|#N/D
7254A|cf7254a|7254|LOS ANGELES 2, MILPA ALTA|CIUDAD DE MÉXICO|A|FRANQUICIA|CONSTITUCION|7||LOS ANGELES|MILPA ALTA|12000|CIUDAD DE MÉXICO|AV. MEXICO SUR|SONORA SUR|0|5558440961|#N/D
72562A|cf72562a|72562|AGRICOLA ORIENTAL 2|CIUDAD DE MÉXICO|A|FRANQUICIA|ORIENTE 229|379|LOCAL 2|AGRICOLA ORIENTAL|IZTACALCO|08500|CIUDAD DE MÉXICO|SUR 20|SUR 16|ORIENTE 221|5559258902|#N/D
72607A|cf72607a|72607|VALLEJO PTE. 1.|CIUDAD DE MÉXICO|A|FRANQUICIA|DELIBES|8||VALLEJO PONIENTE|GUSTAVO A MADERO|07790|CIUDAD DE MÉXICO|BRAHMS|MEYERBEER|ALBENIZ|5526317903|#N/D
72610A|cf72610a|72610|MODERNA 1, BENITO JUAREZ|CIUDAD DE MÉXICO|A|FRANQUICIA|JUANA DE ARCO|40|LOCAL B Y C|MODERNA|BENITO JUAREZ|03510|CIUDAD DE MÉXICO|MIGUEL ANGEL|RUBEN DARIO|BISMARCK|5588482666|#N/D
72611A|cf72611a|72611|LEGARIA 2|CIUDAD DE MÉXICO|A|FRANQUICIA|LEGARIA|315||AMPLIACION TORRE BLANCA|MIGUEL HIDALGO|11289|CIUDAD DE MÉXICO|LAGO XIMILPA|LAGO ATITLAN|LAGO VIEDMA|5550828103|#N/D
72617A|cf72617a|72617|CUAUTEPEC 7, GUSTAVO A. MADERO|CIUDAD DE MÉXICO|A|FRANQUICIA|JUVENTINO ROSAS|4|LOC A Y C|CUAUTEPEC BARRIO ALTO|GUSTAVO A MADERO|07100|CIUDAD DE MÉXICO|MAURICIO GOMEZ|CERRADA VENUSTIANO CARRANZA|20 DE NOVIEMBRE|5553239929|#N/D
72618A|cf72618a|72618|JALALPA TEPITO 1, ALVARO OBREGON|CIUDAD DE MÉXICO|A|FRANQUICIA|GUSTAVO DIAZ ORDAZ|MZ. 22|LT. 3|JALALPA TEPITO|ALVARO OBREGON|01296|CIUDAD DE MÉXICO|MATAMOROS|LEONARDO BRAVO|MIGUEL HIDALGO|5522234222|#N/D
72622A|cf72622a|72622|NARVARTE PONIENTE 1, BENITO JUAREZ|CIUDAD DE MÉXICO|A|FRANQUICIA|CUAUHTEMOC|803||NARVARTE PONIENTE|BENITO JUAREZ|03020|CIUDAD DE MÉXICO|TORRES ADALID|LUZ SAVIÑON|ANAXAGORAS|5555365562|#N/D
72624A|cf72624a|72624|TEPALCATES 1, IZTAPALAPA|CIUDAD DE MÉXICO|A|FRANQUICIA|GENERAL ANTONIO LEON LOYOLA|MZ. 96|LT. 24|TEPALCATES|IZTAPALAPA|09210|CIUDAD DE MÉXICO|AV. REVOLUCION|3A CERRADA DE GUADALUPE|JOSE ARRESE (GUADALUPE|5575945560|#N/D
72629A|cf72629a|72629|OBRERA 2, CUAUHTEMOC|CIUDAD DE MÉXICO|A|FRANQUICIA|SIMON BOLIVAR|363|LOC.E Y F|OBRERA|CUAUHTEMOC|06800|CIUDAD DE MÉXICO|LAZARO CARDENAS|JOSE MARIA ROA BARCENAS|EFREN REBOLLEDO|5568405191|#N/D
72647A|cf72647a|72647|ARENAL 1, AZCAPOTZALCO|CIUDAD DE MÉXICO|A|FRANQUICIA|RIO CONSULADO|275||ARENAL|AZCAPOTZALCO|02980|CIUDAD DE MÉXICO|ESQ. TABACHIN|CIPRES|ABASOLO|5590484285|#N/D
72686A|cf72686a|72686|AV. OBSERVATORIO 1|CIUDAD DE MÉXICO|A|FRANQUICIA|OBSERVATORIO|300|LOCALES B Y C|AMERICA|MIGUEL HIDALGO|11820|CIUDAD DE MÉXICO|SUR 128|BARRANQUILLA|PTE. 75-B|5526148885|#N/D
72691A|cf72691a|72691|FUEGO NUEVO 1, IZTAPALAPA|CIUDAD DE MÉXICO|A|FRANQUICIA|JACOBO WATT|32|N/A|FUEGO NUEVO|IZTAPALAPA|09800|CIUDAD DE MÉXICO|AGUILA TRIANA|JACOBO WATT|JACOBO WATT|5556562610|#N/D
72702A|cf72702a|72702|PRO HOGAR 3.|CIUDAD DE MÉXICO|A|FRANQUICIA|CENTRAL SUR|557||PRO HOGAR|AZCAPOTZALCO|02600|CIUDAD DE MÉXICO|ESQ. CLL 21|CLL 23|CLL 24|5555675190|#N/D
72708A|cf72708a|72708|JUAN ESCUTIA 5, IZTAPALAPA|CIUDAD DE MÉXICO|A|FRANQUICIA|IGNACIO ZARAGOZA|2012||JUAN ESCUTIA|IZTAPALAPA|09100|CIUDAD DE MÉXICO|MIGUEL LIRA Y ORTEGA|LIC. EUSTAQUIO BUELNA|ANTONIO LEON|5557456421|#N/D
72734A|cf72734a|72734|SAN LUIS TLAXIALTEMALCO 1|CIUDAD DE MÉXICO|A|FRANQUICIA|FLORICULTOR|18|LOCAL 1|SAN LUIS TLAXIALTEMALCO|XOCHIMILCO|16610|CIUDAD DE MÉXICO|ESQ. AÑO DE JUAREZ|TULIPAN|HORTICULTOR|5558437014|#N/D
72742A|cf72742a|72742|AV. PLUTARCO ELIAS CALLES|CIUDAD DE MÉXICO|A|FRANQUICIA|PRESIDENTE PLUTARCO ELIAS CALLES|1613||ALBERT|BENITO JUAREZ|03560|CIUDAD DE MÉXICO|ALBERT|BENITO JUAREZ|BREMEN|5552438361|#N/D
72753A|cf72753a|72753|SANTA MARIA LA RIBERA 3, CUAUHTEMOC|CIUDAD DE MÉXICO|A|FRANQUICIA|FRESNO|251|LOCAL 1|SANTA MARIA LA RIBERA|CUAUHTEMOC|06400|CIUDAD DE MÉXICO|ESQ. ELIGIO ANCONA|AV. RICARDO FLORES MAGON|LAUREL|5555473406|#N/D
72783A|cf72783a|72783|INFONAVIT IZTACALCO 1|CIUDAD DE MÉXICO|A|FRANQUICIA|RIO CHURUBUSCO|1120||INFONAVIT IZTACALCO|IZTACALCO|08900|CIUDAD DE MÉXICO|AV. CANAL DE APATLACO|AV. GIRASOL|RAIZ DEL AGUA|5556548340|#N/D
72785A|cf72785a|72785|LA OTRA BANDA 1.|CIUDAD DE MÉXICO|A|FRANQUICIA|SAN JERONIMO|630|H033|LA OTRA BANDA|ALVARO OBREGON|01090|CIUDAD DE MÉXICO|BOULEVARD ADOLFO RUIZ CORTINEZ|AGUA|0|5568425074|#N/D
72791A|cf72791a|72791|SECTOR POPULAR 1, IZTAPALAPA|CIUDAD DE MÉXICO|A|FRANQUICIA|AGUSTIN YAÑEZ|1109|LOCAL A|SECTOR POPULAR|IZTAPALAPA|09060|CIUDAD DE MÉXICO|SUR 97|CALZADA LA VIGA|RODOLFO ISIGLI|5575754566|#N/D
72794A|cf72794a|72794|EL CUERNITO, ALVARO OBREGON|CIUDAD DE MÉXICO|A|FRANQUICIA|CHICAGO|11||REACOMODO EL CUERNITO|ALVARO OBREGON|01289|CIUDAD DE MÉXICO|NEPTUNO|AV. MINAS|MERCURIO|5559238270|#N/D
72816A|cf72816a|72816|SELENE 1, TLAHUAC|CIUDAD DE MÉXICO|A|FRANQUICIA|MONTES APENINOS|76||SELENE 2DA. SECCION|TLAHUAC|13420|CIUDAD DE MÉXICO|OCEANO DE LAS TEMPESTADES|LAGUNA DEL ENSUEÑO|MONTES CARPATOS|5558412586|#N/D
72817A|cf72817a|72817|NIÑOS HEROES 1, BENITO JUAREZ|CIUDAD DE MÉXICO|A|FRANQUICIA|ROMERO|146||NIÑOS HEROES|BENITO JUAREZ|03440|CIUDAD DE MÉXICO|ESQ. VICTOR HUGO|SIMON BOLIVAR|CUMBRES DE MALTRATA|5588487910|#N/D
72841A|cf72841a|72841|CUCHILLA PANTITLAN|CIUDAD DE MÉXICO|A|FRANQUICIA|CIRCUNVALACION|305||CUCHILLA PANTITLAN|VENUSTIANO CARRANZA|15610|CIUDAD DE MÉXICO|CALLE 3|TULIO|PRIV. MERCURIO|5522354016|#N/D
72862A|cf72862a|72862|AJUSCO 2, COYOACAN|CIUDAD DE MÉXICO|A|FRANQUICIA|MIXTECAS|MZ. 80|LT. 14|AJUSCO|COYOACAN|04300|CIUDAD DE MÉXICO|REY IXTLIXOCHITL|REY TOPILTZIN|0|5521246019|#N/D
72863A|cf72863a|72863|AJUSCO 1, COYOACAN|CIUDAD DE MÉXICO|A|FRANQUICIA|NETZAHUALPILLI|MZ. 26|LT 16|AJUSCO|COYOACAN|04300|CIUDAD DE MÉXICO|ESQ. CORAS|NAHUATLACAS|REY PAPATZIN|5570909672|#N/D
72864A|cf72864a|72864|MIGUEL HIDALGO 3A SECC. 1, TLALPAN|CIUDAD DE MÉXICO|A|FRANQUICIA|CARR. PICACHO AJUSCO|201|4|MIGUEL HIDALGO 3A SECCION|TLALPAN|14250|CIUDAD DE MÉXICO|CARDOS|PANORAMICA|HORTENCIA|5589360803|#N/D
72865A|cf72865a|72865|PRESIDENTES EJIDALES 1, COYOACAN|CIUDAD DE MÉXICO|A|FRANQUICIA|SANTA ANA|199|LOCAL B|PRESIDENTES EJIDALES 1RA SECCION|COYOACAN|04470|CIUDAD DE MÉXICO|EMILIANO MORALES|ANTONIO ARIAS|L. MORALES|5571587571|#N/D
72867A|cf72867a|72867|HEROES DE PADIERNA 1, TLALPAN|CIUDAD DE MÉXICO|A|FRANQUICIA|PICACHO AJUSCO|709||HEROES DE PADIERNA|TLALPAN|14200|CIUDAD DE MÉXICO|ESQ. TENOSIQUE|HOMUN|HUEHUETAN|5589368393|#N/D
72869A|cf72869a|72869|GUERRERO 2|CIUDAD DE MÉXICO|A|FRANQUICIA|MOSQUETA|88||GUERRERO|CUAUHTEMOC|06300|CIUDAD DE MÉXICO|LERDO|SOTO|MOCTEZUMA|5591540467|#N/D
72878A|cf2878a|72878|CULTURA|CIUDAD DE MÉXICO|A|FRANQUICIA|CULTURA NAHUATL (FISICA)|S/N (58)|N/A (P.B. SECC 1 A)|EL ROSARIO|AZCAPOTZALCO|02100|CIUDAD DE MÉXICO|ESQ. MATEMATICAS|HERREROS|FISICA|5526267049|#N/D
7287A|cf7287a|7287|SAN LORENZO LA CEBADA 1, XOCHIMILCO|CIUDAD DE MÉXICO|A|FRANQUICIA|DIVISION DEL NORTE|4945|PB|SAN LORENZO LA CEBADA|XOCHIMILCO|16035|CIUDAD DE MÉXICO|AV SAN LORENZO|PRIVADA DEL BOSQUE|0|5556415998|#N/D
72907A|cf72907a|72907|JAIME TORRES BODET 1.|CIUDAD DE MÉXICO|A|FRANQUICIA|EDUCACION TECNOLOGICA|1||JAIME TORRES BODET|TLAHUAC|13530|CIUDAD DE MÉXICO|ESQ. SUR DEL COMERCIO|PRIMERA EDUCACION POLITECNICA|0|5558488841|#N/D
72919A|cf72919a|72919|COPILCO UNIVERSIDAD 1, COYOACAN (PA)|CIUDAD DE MÉXICO|A|FRANQUICIA|CERRO DE TRES ZAPOTES|4 Y 5||COPILCO UNIVERSIDAD|COYOACAN|04360|CIUDAD DE MÉXICO|AV. COPILCO|EJE 10 SUR|CERRO DE TLAPACOYAN|5589250221|#N/D
7293A|cf7293a|7293|SAN MIGUEL TOPILEJO 1, TLALPAN|CIUDAD DE MÉXICO|A|FRANQUICIA|VICENTE GUERRERO|1||SAN MIGUEL TOPILEJO|TLALPAN|14500|CIUDAD DE MÉXICO|AV. MORELOS|ALLENDE|0|5558466363|#N/D
72960A|cf72960a|72960|EL MANTO 1, IZTAPALAPA|CIUDAD DE MÉXICO|A|FRANQUICIA|ERMITA IZTAPALAPA|2611||EL MANTO|IZTAPALAPA|09830|CIUDAD DE MÉXICO|AV. SAN LORENZO|PRIV. 1RO DE MAYO|RUEDA DEL PASTOR|5522912158|#N/D
72A|cs0072a|72|ERMITA 1|CIUDAD DE MÉXICO|A|SUCURSAL|ERMITA IZTAPALAPA |4012 ||SANTA MARIA AZTAHUACAN |IZTAPALAPA|09500|CIUDAD DE MÉXICO|AV. JUAREZ|CERRADAS DE LAS PALMAS||5554272603|#N/D
72B|cs0072b|72|ERMITA 1|CIUDAD DE MÉXICO|B|SUCURSAL|ERMITA IZTAPALAPA |4012 ||SANTA MARIA AZTAHUACAN |IZTAPALAPA|09500|CIUDAD DE MÉXICO|AV. JUAREZ|CERRADAS DE LAS PALMAS||5554272603|#N/D
73024A|cf73024a|73024|EL RELOJ 1, COYOACAN|CIUDAD DE MÉXICO|A|FRANQUICIA|CALIZ|73||EL RELOJ|COYOACAN|04640|CIUDAD DE MÉXICO|RETORNO CALIZ|TALLO|0|5550350657|#N/D
73056A|cf73056a|73056|SAN ANDRES TETEPILCO 1, IZTAPALAPA|CIUDAD DE MÉXICO|A|FRANQUICIA|EMILIO CARRANZA|272||SAN ANDRES TETEPILCO|IZTAPALAPA|09440|CIUDAD DE MÉXICO|HUETLACO|ALFAJAYUCA|NORMANDIA|5556721021|#N/D
73091A|cf73091a|73091|PEDREGAL SAN NICOLAS 1, TLALPAN|CIUDAD DE MÉXICO|A|FRANQUICIA|HOMUN|S/N||PEDREGAL DE SAN NICOLAS 3A SECCION|TLALPAN|14100|CIUDAD DE MÉXICO|TETIZ|SOTUTA|TEKAL|5590170851|#N/D
73104A|cf73104a|73104|TLALPAN CENTRO 1 (PA)|CIUDAD DE MÉXICO|A|FRANQUICIA|INSURGENTES SUR|4360||TLALPAN CENTRO|TLALPAN|14000|CIUDAD DE MÉXICO|CONGRESO|CALLEJON SAN MARCOS|CALLEJON CONGRESO|5550874092|#N/D
73120A|cf73120a|73120|REFORMA SOCIAL 2, MIGUEL HIDALGO (PA)|CIUDAD DE MÉXICO|A|FRANQUICIA|SIERRA SANTA ROSA|167||REFORMA SOCIAL|MIGUEL HIDALGO|11650|CIUDAD DE MÉXICO|ESQ. CALLE 7|CALLE 8|CANTIL|5550357949|#N/D
73141A|cf73141a|73141|DR. ALFONSO ORTIZ TIRADO, IZTAPALAPA|CIUDAD DE MÉXICO|A|FRANQUICIA|EJE 4 SUR PLUTARCO ELIAS CALLES|2544||DR ALFONSO ORTIZ TIRADO|IZTAPALAPA|09020|CIUDAD DE MÉXICO|ESQUINA PLAZA GUARDIOLA|PLAZA GUARDIOLA|PLAZA GUARDIOLA|5550851232|#N/D
73185A|cf73185a|73185|CAMPESTRE CHURUBUSCO 3, COYOACAN|CIUDAD DE MÉXICO|A|FRANQUICIA|CERRO DEL TUCAN|381|LOCAL 4|CAMPESTRE CHURUBUSCO|COYOACAN|04200|CIUDAD DE MÉXICO|ESQ. AV. TAXQUEÑA|CERRO DEL QUETZAL|CERRO DE JESUS|5550860199|#N/D
73192A|cf73192a|73192|MOLINO DE ROSAS 2, ALVARO OBREGON|CIUDAD DE MÉXICO|A|FRANQUICIA|ROSA DE CASTILLA|S/N||MOLINO DE ROSAS|ALVARO OBREGON|01470|CIUDAD DE MÉXICO|ESQ. ROSA CARMESI|ALTA TENSION|CERRADA ROSA VERDE|5556517056|#N/D
73198A|cf73198a|73198|AGRICOLA ORIENTAL 4, IZTACALCO|CIUDAD DE MÉXICO|A|FRANQUICIA|SUR 8|271||AGRICOLA ORIENTAL|IZTACALCO|08500|CIUDAD DE MÉXICO|ESQ. CALLE OTE 241 A|AV. JAVIER ROJO GOMEZ|SUR 8 D|5571589140|#N/D
73222A|cf73222a|73222|EL SIFON 2, IZTAPALAPA|CIUDAD DE MÉXICO|A|FRANQUICIA|EJE 6 SUR TRABAJADORAS SOCIALES|S/N||EL SIFON|IZTAPALAPA|09400|CIUDAD DE MÉXICO|CONTRALORES|CAJEROS|FISICOS|5556331616|#N/D
73250A|cf73250a|73250|IRRIGACION 2|CIUDAD DE MÉXICO|A|FRANQUICIA|EJERCITO NACIONAL|1049||IRRIGACION|MIGUEL HIDALGO|11500|CIUDAD DE MÉXICO|IRRIGACION|PRESA EL AZUCAR|PRESA COINTZIO|5550869093|#N/D
7326A|cf0326a|7326|JARDINES DE COYOACAN 1|CIUDAD DE MÉXICO|A|FRANQUICIA|CANAL DE MIRAMONTES|2827|B|JARDINES DE COYOACAN|COYOACAN|04890|CIUDAD DE MÉXICO|CALZADA LAS BOMBAS|AV. DE LAS DALIAS|0|5556793770|#N/D
73273A|cf73273a|73273|NUEVA SANTA MARIA 2.|CIUDAD DE MÉXICO|A|FRANQUICIA|CLAVELINAS|120||NUEVA SANTA MARIA|AZCAPOTZALCO|02800|CIUDAD DE MÉXICO|ESQ. DE LOS MAESTROS|CRUZ GALVEZ|BEGONIAS|5553557130|#N/D
73278A|cf73278a|73278|GRANJAS MEXICO 1, IZTACALCO|CIUDAD DE MÉXICO|A|FRANQUICIA|AZAFRAN|179||GRANJAS MEXICO|IZTACALCO|08400|CIUDAD DE MÉXICO|ESQ. CHICLE|BREA|CENTENO|5571608952|#N/D
73316A|cf73316a|73316|ESCANDON 1, MIGUEL HIDALGO|CIUDAD DE MÉXICO|A|FRANQUICIA|4 SUR BENJAMIN FRANKLIN|104|LOCAL 3|ESCANDON I SECCION|MIGUEL HIDALGO|11800|CIUDAD DE MÉXICO|AV. PATRIOTISMO|GRAL. SALVADOR ALVARADO|AV PROGRESO|5559251599|#N/D
73327A|cf73327a|73327|AGRICOLA PANTITLAN 4, IZTACALCO|CIUDAD DE MÉXICO|A|FRANQUICIA|UNION|S/N|LOCAL 6|AGRICOLA PANTITLAN|IZTACALCO|08100|CIUDAD DE MÉXICO|CALLE 4|PRIVADA UNION|TEXCOCO|5550883133|#N/D
73329A|cf73329a|73329|LA VIGA 1|CIUDAD DE MÉXICO|A|FRANQUICIA|DE LA VIGA (EJE 1 ORIENTE)|1048||CAMPAMENTO 2 DE OCTUBRE|IZTACALCO|08930|CIUDAD DE MÉXICO|CANAL DE APATLACO|SEBASTIAN LERDO DE TEJADA|CALLEJON LERDO DE TEJADA|5556346229|#N/D
73343A|cf73343a|73343|SAN ANDRES AHUAYUCAN 1|CIUDAD DE MÉXICO|A|FRANQUICIA|A SAN PABLO|50|LOCALES 1 Y 2|SAN ANDRES AHUAYUCAN|XOCHIMILCO|16810|CIUDAD DE MÉXICO|AHUAXTLA|BENITO JUAREZ|CALLEJON CHAPULTEPEC|5521211971|#N/D
73373A|cf73373a|73373|BARRIO SAN ANTONIO 1, XOCHIMILCO (PA)|CIUDAD DE MÉXICO|A|FRANQUICIA|GUADALUPE I. RAMIREZ|16|LOCAL A|SAN ANTONIO|XOCHIMILCO|16000|CIUDAD DE MÉXICO|MATAMOROS|PEDRO RAMIREZ DEL CASTILLO|VICENTE GUERRERO||#N/D
73379A|cf73379a|73379|MILITAR MARTE 1, IZTACALCO|CIUDAD DE MÉXICO|A|FRANQUICIA|PLUTARCO ELIAS CALLES (EJE 4 SUR)|S/N||MILITAR MARTE|IZTACALCO|08830|CIUDAD DE MÉXICO|PLAYA VILLA DEL MAR|ANDADOR SUR|PLAYA PICHILINGUE|5591546283|#N/D
73394A|cf73394a|73394|PLAZA CANTIL, COYOACAN|CIUDAD DE MÉXICO|A|FRANQUICIA|AZTECAS|270|LOCAL 26|PUEBLO DE LOS REYES|COYOACAN|04330|CIUDAD DE MÉXICO|REY MOCTEZUMA|MONSERRAT|DEL PANTEON|5515173064|#N/D
73396A|cf73396a|73396|LA PRADERA 1, GUSTAVO A MADERO (PA)|CIUDAD DE MÉXICO|A|FRANQUICIA|FRANCISCO MORAZAN|90||LA PRADERA|GUSTAVO A MADERO|07500|CIUDAD DE MÉXICO|ESQ. VOLCAN PICO DE ORIZABA|VOLCAN MALINCHE|MONTE DE LAS CRUCES|5557990714|#N/D
73398A|cf73398a|73398|AV. MONTEVIDEO EJE 5 NORTE 1 (PA)|CIUDAD DE MÉXICO|A|FRANQUICIA|MONTEVIDEO EJE 5 NORTE|226||LINDAVISTA SUR|GUSTAVO A MADERO|07300|CIUDAD DE MÉXICO|ESQ. LINARES|LATACUNGA|RICARTE|5516611032|#N/D
73419A|cf73419a|73419|SANTIAGO TEPALCATLALPAN 2|CIUDAD DE MÉXICO|A|FRANQUICIA|EMILIANO ZAPATA|153||SANTIAGO TEPALCATLALPAN|XOCHIMILCO|16200|CIUDAD DE MÉXICO|ESQ. 2 DE ABRIL|CUAUHTEMOC|EMILIANO CARRANZA|5550386471|#N/D
7341A|cf7341a|7341|SAN ANTONIO TECOMITL 1, MILPA ALTA|CIUDAD DE MÉXICO|A|FRANQUICIA|MIGUEL HIDALGO NORTE|59||SAN ANTONIO TECOMITL|MILPA ALTA|12100|CIUDAD DE MÉXICO|ESQ. BENITO JUAREZ|0|0|5558471571|#N/D
73424A|cf73424a|73424|VICTORIA DE LA DEMOCRACIA 1|CIUDAD DE MÉXICO|A|FRANQUICIA|CEDRON|45||VICTORIA DE LAS DEMOCRACIAS|AZCAPOTZALCO|02810|CIUDAD DE MÉXICO|ESQ. TORONJIL|MUITLE|MEJORANA|5592805083|#N/D
73426A|cf73426a|73426|CLZD. DE TLALPAN|CIUDAD DE MÉXICO|A|FRANQUICIA|DE TLALPAN|1306||ALBERT|BENITO JUAREZ|03560|CIUDAD DE MÉXICO|ALBERT|HAMBURGO|BERLIN|5591549301|#N/D
73427A|cf73427a|73427|GRANJAS MEXICO 2, IZTACALCO|CIUDAD DE MÉXICO|A|FRANQUICIA|CANELA|520||GRANJAS MEXICO|IZTACALCO|08400|CIUDAD DE MÉXICO|RESINA|VAINILLA|0|5570361291|#N/D
73428A|cf73428a|73428|SAN FELIPE DE JESUS 2, GUSTAVO A. MADERO|CIUDAD DE MÉXICO|A|FRANQUICIA|DOLORES HIDALGO|MZ 61 LT 12||SAN FELIPE DE JESUS|GUSTAVO A MADERO|07510|CIUDAD DE MÉXICO|LAGOS DE MORENO|HUILOAPAN|HUAJUAPAN DE LEON|5550887600|#N/D
73453A|cf73453a|73453|SAN RAFAEL 2, CUAUHTEMOC|CIUDAD DE MÉXICO|A|FRANQUICIA|RIBERA DE SAN COSME|56||SAN RAFAEL|CUAUHTEMOC|06470|CIUDAD DE MÉXICO|MIGUEL E. SCHULTZ|SERAPIO RENDON|ALFONSO HERRERA|5557032798|#N/D
73459A|cf73459a|73459|UN HOGAR PARA NOSOTROS, CDMX|CIUDAD DE MÉXICO|A|FRANQUICIA|SALVADOR DIAZ MIRON|360||UN HOGAR PARA NOSOTROS|MIGUEL HIDALGO|11330|CIUDAD DE MÉXICO|ALFOMBRILLA|ADORMIDERA|SAN JACINTO|5592092229|#N/D
7345A|cf7345a|7345|LINDAVISTA 1, GUSTAVO A. MADERO|CIUDAD DE MÉXICO|A|FRANQUICIA|INSTITUTO POLITECNICO NACIONAL|2085||LINDAVISTA|GUSTAVO A MADERO|07300|CIUDAD DE MÉXICO|AV JUAN DE DIOS BATIZ|SIERRAVISTA|0|5555860526|#N/D
73460A|cf73460a|73460|EL RETOÑO 1, IZTAPALAPA|CIUDAD DE MÉXICO|A|FRANQUICIA|RETOÑO (4ª. CDA. RETOÑO)|S/N (3)|LOCALES 2 Y 3|EL RETOÑO|IZTAPALAPA|09440|CIUDAD DE MÉXICO|4TA CERRADA DE RETOÑO|5TA CERRADA DE RETOÑO|CENSOS|5576918189|#N/D
73488A|cf73488a|73488|OLIVAR DEL CONDE 5, ALVARO OBREGON.|CIUDAD DE MÉXICO|A|FRANQUICIA|14|MZ. 55|LT. 36|OLIVAR DEL CONDE 1A SECCION|ALVARO OBREGON|01400|CIUDAD DE MÉXICO|ESQ. 22|SANTA LUCIA|1RA. CDA. CALLE 22|5598269768|#N/D
7348A|cf7348a|7348|CUAJIMALPA 3|CIUDAD DE MÉXICO|A|FRANQUICIA|CONSTITUYENTE HECTOR VICTORIA|199||GRANJAS NAVIDAD|CUAJIMALPA DE MORELOS|05219|CIUDAD DE MÉXICO|PASTORES|GASPAR|0|5558158735|#N/D
73523A|cf73523a|73523|VILLA DE ARAGON 1, GUSTAVO A MADERO|CIUDAD DE MÉXICO|A|FRANQUICIA|CENTRAL CARLOS HANK GONZALEZ|17||VILLA DE ARAGON|GUSTAVO A MADERO|07570|CIUDAD DE MÉXICO|VILLA TENOCHTITLAN|FRANCISCO MORAZAN|VILLA DE ARAGON|5555247645|#N/D
73529A|cf73529a|73529|SAN PABLO 2, IZTAPALAPA|CIUDAD DE MÉXICO|A|FRANQUICIA|AYUNTAMIENTO|73||SAN PABLO|IZTAPALAPA|09000|CIUDAD DE MÉXICO|LERDO DE TEJADA|MARIANO ESCOBEDO|EL TORO|5556859466|#N/D
73553A|cf73553a|73553|ALAMOS 3|CIUDAD DE MÉXICO|A|FRANQUICIA|DE TLALPAN|671||ALAMOS|BENITO JUAREZ|03400|CIUDAD DE MÉXICO|TOLEDO|ALFONSO XIII|ARAGON|5559199133|#N/D
73570A|cf73570a|73570|INDUSTRIAL|CIUDAD DE MÉXICO|A|FRANQUICIA|CONSTANCIA|82||INDUSTRIAL|GUSTAVO A MADERO|07800|CIUDAD DE MÉXICO|RIO BLANCO|NECAXA|BUEN TONO|5557813071|#N/D
73590A|cf73590a|73590|SANTA MARIA NATIVITAS 1, XOCHIMILCO|CIUDAD DE MÉXICO|A|FRANQUICIA|VIEJO A SANTA CRUZ|11||SANTA MARIA NATIVITAS|XOCHIMILCO|16450|CIUDAD DE MÉXICO|MIGUEL HIDALGO|FRANCISCO I MADERO|10 DE MAYO|5556419799|#N/D
73623A|cf73623a|73623|LAS ARBOLEDAS, TLAHUAC|CIUDAD DE MÉXICO|A|FRANQUICIA|SANTA CRUZ|MZ. 20 LT. 4||LAS ARBOLEDAS|TLAHUAC|13219|CIUDAD DE MÉXICO|1A CERRADA SANTA CRUZ|CALLE 2|CERRADA SANTA CRUZ|5592560724|#N/D
73624A|cf73624a|73624|MAGDALENA MIXIUHCA|CIUDAD DE MÉXICO|A|FRANQUICIA|EJE 3 SUR (AV. MORELOS)|511||MAGDALENA MIXIHUCA|VENUSTIANO CARRANZA|15850|CIUDAD DE MÉXICO|INDUSTRIA|EJE 3 OTE. FRANCISCO DEL PASO|RIO FRIO|5594980016|#N/D
7364A|cf0364a|7364|LOS OLIVOS 1, TLAHUAC|CIUDAD DE MÉXICO|A|FRANQUICIA|RENO|4||LOS OLIVOS|TLAHUAC|13210|CIUDAD DE MÉXICO|RENO|OLIVOS|0|5558507847|#N/D
73666A|cf73666a|73666|PORTALES SUR 2, BENITO JUAREZ|CIUDAD DE MÉXICO|A|FRANQUICIA|EJE 7A SUR GRAL. EMILIANO ZAPATA|202 BIS||PORTALES SUR|BENITO JUAREZ|03300|CIUDAD DE MÉXICO|ESQUINA BULGARIA|RUMANIA|0|5592655716|#N/D
73690A|CF73690A|73690|MIGUEL HIDALGO 1, TLAHUAC (PA)|CIUDAD DE MÉXICO|A|FRANQUICIA|DEODATO|MZ. 1 LT.  13||MIGUEL HIDALGO|TLAHUAC|13200|CIUDAD DE MÉXICO|ESQ. FIDELIO|FAUSTO|LA TURBA|5521551252|#N/D
73692A|cf73692a|73692|CUAJIMALPA 4|CIUDAD DE MÉXICO|A|FRANQUICIA|MORELOS|139|LOCAL 5|CUAJIMALPA|CUAJIMALPA DE MORELOS|05000|CIUDAD DE MÉXICO|OCAMPO|VERACRUZ|MORELOS|5552942782|#N/D
73699A|cf73699a|73699|LAS AGUILAS 2, ALVARO OBREGON|CIUDAD DE MÉXICO|A|FRANQUICIA|LAS AGUILAS|1043||AMPLIACION LAS AGUILAS|ALVARO OBREGON|01759|CIUDAD DE MÉXICO|LLANURAS|3A CERRADA DE BAHIA|ISLOTE|5510560664|#N/D
73720A|cf73720a|73720|JOSE LOPEZ PORTILLO.|CIUDAD DE MÉXICO|A|FRANQUICIA|MANUEL AVILA CAMACHO|MZ. 4 LT.  15||JOSE LOPEZ PORTILLO|IZTAPALAPA|09920|CIUDAD DE MÉXICO|CALLE 4|CALLE 5|CALLE 17|5592966665|#N/D
73738A|cf73738a|73738|LA MEXICANA, ALVARO OBREGON|CIUDAD DE MÉXICO|A|FRANQUICIA|PASEO DE LA LAJA|2||AMPLIACION LA MEXICANA|ALVARO OBREGON|01260|CIUDAD DE MÉXICO|ESQ. VASCO DE QUIROGA|PASO DE LAS SALINAS|PASO DE LA NIEVE|5511130026|#N/D
7373A|cf7373a|7373|CASAS ALEMAN 1, GUSTAVO A. MADERO|CIUDAD DE MÉXICO|A|FRANQUICIA|CAIRO|313||FERNANDO CASAS ALEMAN|GUSTAVO A. MADERO|07960|CIUDAD DE MÉXICO|RUBLOS|PESETAS|CIRCUITO INTERIOR|5592964350|#N/D
73740A|cf73740a|73740|AV. DE LOS APACHES, COYOACAN|CIUDAD DE MÉXICO|A|FRANQUICIA|DE LOS APACHES (EJIDO)|230||SAN FRANCISCO CULHUACAN BARRIO DE SAN FRANCISCO|COYOACAN|04260|CIUDAD DE MÉXICO|5 DE MAYO|EJIDO|TLACUILOCA|5556974471|#N/D
7374A|cf7374a|7374|BARRIO SAN SEBASTIAN 1, XOCHIMILCO|CIUDAD DE MÉXICO|A|FRANQUICIA|MARTIN HEREDIA|22||SAN SEBASTIAN|XOCHIMILCO|16617|CIUDAD DE MÉXICO|ESQ.FRANCISCO PRESA|0|0|5515474009|#N/D
7377A|cf7377a|7377|SAN PEDRO MARTIR 1|CIUDAD DE MÉXICO|A|FRANQUICIA|FEDERAL A CUERNAVACA|LOCAL 1|5632|SAN PEDRO MARTIR|TLALPAN|14650|CIUDAD DE MÉXICO|5 DE MAYO|LAUREL|0|5529760680|#N/D
73789A|cf73789a|73789|CAMPESTRE CHURUBUSCO, COYOACAN|CIUDAD DE MÉXICO|A|FRANQUICIA|CERRO DE LA ESTRELLA|28||CAMPESTRE CHURUBUSCO|COYOACAN|04200|CIUDAD DE MÉXICO|ESQ. CERRO DE LA SILLA|CERRO DE LAS TORRES|CERRO SAN ANDRES|5591301768|#N/D
7378A|cf7378a|7378|SAN FELIPE DE JESUS 1, GUSTAVO A. MADERO|CIUDAD DE MÉXICO|A|FRANQUICIA|DOLORES HIDALGO ( CLL. TAMAZULA)|8 MZ. 114  LT. 8|LOCAL B|SAN FELIPE DE JESUS|GUSTAVO A MADERO|07510|CIUDAD DE MÉXICO|TAMAZULA|TIXTLA|0|5582830417|#N/D
7378C|cf7378c|7378|SAN FELIPE DE JESUS 1, GUSTAVO A. MADERO|CIUDAD DE MÉXICO|C|FRANQUICIA|DOLORES HIDALGO ( CLL. TAMAZULA)|8 MZ. 114  LT. 8|LOCAL B|SAN FELIPE DE JESUS|GUSTAVO A MADERO|07510|CIUDAD DE MÉXICO|TAMAZULA|TIXTLA|0|5582830417|#N/D
73808A|cf73808a|73808|CLZD. ERMITA IZTAPALAPA 2|CIUDAD DE MÉXICO|A|FRANQUICIA|ERMITA IZTAPALAPA|609|A|GRANJAS ESMERALDA|IZTAPALAPA|09810|CIUDAD DE MÉXICO|MAIZ|CENTENO|CAMPESINOS|5550881695|#N/D
73813A|cf73813a|73813|FUEGO NUEVO 2, IZTAPALAPA|CIUDAD DE MÉXICO|A|FRANQUICIA|EMILIO BERLINER|MZ. 58 LT. 8||FUEGO NUEVO|IZTAPALAPA|09800|CIUDAD DE MÉXICO|ESQ. EVANGELISTA TORELLI|AGUSTIN DE COULOMB|EDMUND CARTWRIGHT|5591547541|#N/D
73820A|cf73820a|73820|AV.TEXCOCO, GUSTAVO A MADERO|CIUDAD DE MÉXICO|A|FRANQUICIA|TEXCOCO|MZ. 20|LT 283|CUCHILLA DEL TESORO|GUSTAVO A MADERO|07900|CIUDAD DE MÉXICO|ESQ. DEL PARQUE|OTE 1|CUCHILLA DEL TESORO|5576942692|#N/D
73821A|cf73821a|73821|SAN SEBASTIAN TECOLOXTITLA, IZTAPALAPA|CIUDAD DE MÉXICO|A|FRANQUICIA|MANZANILLO|14||SAN SEBASTIAN TECOLOXTITLAN|IZTAPALAPA|09520|CIUDAD DE MÉXICO|ESQ. YUCATAN|CHIHUAHUA|QUERETARO|5590441100|#N/D
73842A|cf73842a|73842|SAN GREGORIO ATLAPULCO, XOCHIMILCO|CIUDAD DE MÉXICO|A|FRANQUICIA|CUAUHTEMOC|34||SAN GREGORIO ATLAPULCO|XOCHIMILCO|16600|CIUDAD DE MÉXICO|AV. MEXICO|21 DE MARZO|5 DE MAYO|5515470322|#N/D
73854A|cf73854a|73854|SAN JUANICO NEXTIPAC, IZTAPALAPA|CIUDAD DE MÉXICO|A|FRANQUICIA|DIBUJANTES|135||SAN JUANICO NEXTIPAC|IZTAPALAPA|09400|CIUDAD DE MÉXICO|SAN JUANICO|EJE 6 SUR CARDIOLOGOS|PRIV. CRUCES|5571604325|#N/D
73874A|cf73874a|73874|XALPA, IZTAPALAPA|CIUDAD DE MÉXICO|A|FRANQUICIA|DE LAS MINAS|MZ. 61|LT.28|XALPA|IZTAPALAPA|09640|CIUDAD DE MÉXICO|GUANABANA|TEJOCOTES|DURAZNO|5554276509|#N/D
73899A|cf73899a|73899|VALLE DEL SUR, IZTAPALAPA|CIUDAD DE MÉXICO|A|FRANQUICIA|COLORINES|75||VALLE DEL SUR|IZTAPALAPA|09819|CIUDAD DE MÉXICO|ESQ. MIESES|CEREALES|OLIMPICA|5550881717|#N/D
7390A|cf0390a|7390|CAFETALES|CIUDAD DE MÉXICO|A|FRANQUICIA|DE LAS BOMBAS|734||CAFETALES|COYOACAN|04918|CIUDAD DE MÉXICO|HUIXTLA|EJE3 OTE AVENIDA CAFETALES|0|5526522567|#N/D
7397A|cf7397a|7397|AVENIDA GRANJAS|CIUDAD DE MÉXICO|A|FRANQUICIA|CAMARONES (CLL. TOTOMOSCO)|10|LOCAL A|SANTA MARIA MANINALCO|AZCAPOTZALCO|02050|CIUDAD DE MÉXICO|TOTOMOSCO|AV. 22 DE FEBRERO|0|5553529335|#N/D
73998A|cf73998a|73998|San Felipe de Jesús 3, GA|CIUDAD DE MÉXICO|A|FRANQUICIA|AYUTLA|MZ. 211|LT. 15|SAN FELIPE DE JESUS|GUSTAVO A MADERO|07510|CIUDAD DE MÉXICO|ESQ. SAN JUAN DE LOS LAGOS|SALAGUA|IXCATEOPAN|5550887665|#N/D
74005A|cf74005a|74005|OLIVAR DE LOS PADRES 2, A. OBREGON|CIUDAD DE MÉXICO|A|FRANQUICIA|TOLUCA|239||OLIVAR DE LOS PADRES|ALVARO OBREGON|01780|CIUDAD DE MÉXICO|TRANSMISIONES|ZAMORA|ZAMORA|5551613843|#N/D
74041A|cf74041a|74041|GUERRERO 3, CUAUHTEMOC|CIUDAD DE MÉXICO|A|FRANQUICIA|HIDALGO|109|LOCAL C|GUERRERO|CUAUHTEMOC|06300|CIUDAD DE MÉXICO|HEROES|ZARCO|SAN FERNANDO|5555215247|#N/D
74042A|cf74042a|74042|SAN LUCAS 1, IZTAPALAPA|CIUDAD DE MÉXICO|A|FRANQUICIA|PUENTE TITLA|53|ENTRADA C LOCAL 1|SAN LUCAS|IZTAPALAPA|09000|CIUDAD DE MÉXICO|ERMITA IZTAPALAPA|ERMITA IZTAPALAPA|ERMITA IZTAPALAPA|5556869040|#N/D
74062A|cf74062a|74062|TLAXPANA, MIGUEL HIDALGO|CIUDAD DE MÉXICO|A|FRANQUICIA|MEXICO - TACUBA|58||TLAXPANA|MIGUEL HIDALGO|11370|CIUDAD DE MÉXICO|TONANTZIN|TLALOC|XOLOTL|5552046850|#N/D
74104A|cf74104a|74104|AV. TLAHUAC 2, IZTAPALAPA|CIUDAD DE MÉXICO|A|FRANQUICIA|TLAHUAC|3632|LOCAL 1 PB|CULHUACAN|IZTAPALAPA|09800|CIUDAD DE MÉXICO|INDEPENDENCIA|JACOBO WATT|VICENTE GUERRERO|5556327417|#N/D
74125A|cf74125a|74125|CLAVERIA, AZCAPOTZALCO|CIUDAD DE MÉXICO|A|FRANQUICIA|IRAPUATO|79||CLAVERIA|AZCAPOTZALCO|02080|CIUDAD DE MÉXICO|LACONIA|CLAVERIA|TEXCOCO|5558014573|#N/D
74127A|cf74127a|74127|BARROS SIERRA, MAGDALENA CONTRERAS|CIUDAD DE MÉXICO|A|FRANQUICIA|CRUZ VERDE|6||CUAUHTEMOC|LA MAGDALENA CONTRERAS|10020|CIUDAD DE MÉXICO|ESQUINA CUAUHTEMOC|SAN BERNABE|FRESNO|5550180993|#N/D
74155A|cf74155a|74155|HEROES DE CHURUBUSCO, IZTAPALAPA|CIUDAD DE MÉXICO|A|FRANQUICIA|ANASTACIO G. SARABIA|1116|LOCAL 1|HEROES DE CHURUBUSCO|IZTAPALAPA|09090|CIUDAD DE MÉXICO|ESQ. SUR 101|SUR 101 A|RODOLFO USIGLI|5515798678|#N/D
74157A|cf74157a|74157|AV. SANTA URSULA, COYOACAN|CIUDAD DE MÉXICO|A|FRANQUICIA|SANTA URSULA|MZ. 13 LT. 1|LOCAL 2|PEDREGAL DE SANTA URSULA|COYOACAN|04600|CIUDAD DE MÉXICO|SAN EMETERIO|SAN FEDERICO|SAN HERMILIO|5589544691|#N/D
74178A|cf74178a|74178|PRESIDENTES EJIDALES 2, COYOACAN|CIUDAD DE MÉXICO|A|FRANQUICIA|ESCUELA NAVAL MILITAR|MZ 14|LT 44|PRESIDENTES EJIDALES 1RA SECCION|COYOACAN|04470|CIUDAD DE MÉXICO|ESQUINA GRACIANO SANCHEZ|MARGARITO SALAMANCA|ALFREDO V. BONFIL|5588482130|#N/D
74185A|cf74185a|74185|PIEDAD NARVARTE, B. JUAREZ|CIUDAD DE MÉXICO|A|FRANQUICIA|OBRERO MUNDIAL|240|LOCAL B|PIEDAD NARVARTE|BENITO JUAREZ|03000|CIUDAD DE MÉXICO|TORREON|TANANA|VIADUCTO MIGUEL ALEMAN|5594636055|#N/D
74186A|cf74186a|74186|PERALVILLO 3|CIUDAD DE MÉXICO|A|FRANQUICIA|DE GUADALUPE|52||PERALVILLO|CUAUHTEMOC|06220|CIUDAD DE MÉXICO|JUVENTINO ROSAS|MANUEL GONZALEZ|MISTERIOS|5556969213|#N/D
7418A|CF7418-A|7418|LA CRUZ 1, LA MAGDALENA CONTRERAS|CIUDAD DE MÉXICO|A|FRANQUICIA|ALVARO OBREGON|1417|C|LA CRUZ|LA MAGDALENA CONTRERAS|10800|CIUDAD DE MÉXICO|CALLEJON CIPRES|PRIVADA F.F.C.C DE CUERNAVACA|CALLEJON CIPRES|5526155145|#N/D
7418B|cf0418b|7418|LA CRUZ 1, LA MAGDALENA CONTRERAS|CIUDAD DE MÉXICO|B|FRANQUICIA|ALVARO OBREGON|1417|C|LA CRUZ|LA MAGDALENA CONTRERAS|10800|CIUDAD DE MÉXICO|CALLEJON CIPRES|PRIVADA F.F.C.C DE CUERNAVACA|CALLEJON CIPRES|5526155145|#N/D
74190A|cf74190a|74190|HEROES DE CHURUBUSCO 2, IZTAPALAPA|CIUDAD DE MÉXICO|A|FRANQUICIA|RODOLFO USIGLI|1565||HEROES DE CHURUBUSCO|IZTAPALAPA|09090|CIUDAD DE MÉXICO|ESQ. SUR 111 A|SUR 111|ANASTACIO G. SARABIA|5588485552|#N/D
74199A|cf74199a|74199|NARVARTE ORIENTE 2, BENITO JUAREZ|CIUDAD DE MÉXICO|A|FRANQUICIA|JOSE MARIA VERTIZ|808|LOCALES F Y G|NARVARTE ORIENTE|BENITO JUAREZ|03023|CIUDAD DE MÉXICO|ESQ. TEPOZTECO|CUMBRES DE MALTRATA|MITLA|5523458602|#N/D
74201A|cf74201a|74201|SANTA LUCIA, ALVARO OBREGON|CIUDAD DE MÉXICO|A|FRANQUICIA|TAMAULIPAS|110||SANTA LUCIA|ALVARO OBREGON|01500|CIUDAD DE MÉXICO|AÑO 1991|AV. DE LOS POETAS|0|5550840171|#N/D
74213A|cf74213a|74213|TACUBA, MIGUEL HIDALGO|CIUDAD DE MÉXICO|A|FRANQUICIA|LAGO ONTARIO|39||TACUBA|MIGUEL HIDALGO|11410|CIUDAD DE MÉXICO|GOLFO DE SAN LORENZO|GOLFO DE GUAYAQUIL|LAGO ERIE|5552667408|#N/D
7426A|cf7426a|7426|MEXICO NUEVO 1.|CIUDAD DE MÉXICO|A|FRANQUICIA|LAGO VIEDMA|110||MEXICO NUEVO|MIGUEL HIDALGO|11260|CIUDAD DE MÉXICO|IGNACIO ALLENDE|XIMILPA|0|5590360364|#N/D
74273A|cf74273a|74273|EL VERGEL, IZTAPALAPA|CIUDAD DE MÉXICO|A|FRANQUICIA|AGUJAS|725||EL VERGEL|IZTAPALAPA|09880|CIUDAD DE MÉXICO|ESQ. MORELOS|JACARANDAS|ESPERANZA|5593160738|#N/D
74294A|cf74294a|74294|MERCED GOMEZ 3, ALVARO OBREGON|CIUDAD DE MÉXICO|A|FRANQUICIA|CENTENARIO|76||MERCED GOMEZ|ALVARO OBREGON|01600|CIUDAD DE MÉXICO|TACUBAYA|COYOACAN|5 DE MAYO|5551613281|#N/D
74303A|cf74303a|74303|AV. DEL IMAN, COYOACAN|CIUDAD DE MÉXICO|A|FRANQUICIA|DEL IMAN|769||EL CARACOL|COYOACAN|04739|CIUDAD DE MÉXICO|CHICARAS|EUDEVAS|TEAXOAPOLTECAS|5550878418|#N/D
74332A|cf74332a|74332|JARDIN BALBUENA, VENUSTIANO C.|CIUDAD DE MÉXICO|A|FRANQUICIA|CECILIO ROBELO|380||JARDIN BALBUENA|VENUSTIANO CARRANZA|15900|CIUDAD DE MÉXICO|MANUEL RIVERA|RETORNO 24 DE CECILIO ROBELO|IGNACIO ZARAGOZA|5588480843|#N/D
74335A|cf74335a|74335|SAN ANDRES TOTOLTEPEC 2, TLALPAN|CIUDAD DE MÉXICO|A|FRANQUICIA|TLAZOPILLI|35||SAN ANDRES TOTOLTEPEC|TLALPAN|14400|CIUDAD DE MÉXICO|BENITO JUAREZ|PILLALI|PROL. CORREGIDORA|5550875097|#N/D
74339A|cf74339a|74339|INDUSTRIAL VALLEJO, AZCAPOTZALCO|CIUDAD DE MÉXICO|A|FRANQUICIA|SAN JUAN DE ARAGON (EJE 5 NORTE)|1025|LOCAL A|SAN JUAN DE ARAGON|GUSTAVO A MADERO|07950|CIUDAD DE MÉXICO|PABLO GALEANA|BENITO JUAREZ|FELIPE ANGELES|5591305135|#N/D
74343A|cf74343a|74343|ERMITA IZTAPALAPA 3, IZTAPALAPA|CIUDAD DE MÉXICO|A|FRANQUICIA|ERMITA IZTAPALAPA|4040||SANTA MARTHA ACATITLA|IZTAPALAPA|09510|CIUDAD DE MÉXICO|NIÑOS HEROES|DEL CONSUELO|0|5559108929|#N/D
74362A|cf74362a|74362|AV. SAN FERNANDO, TLALPAN|CIUDAD DE MÉXICO|A|FRANQUICIA|SAN FERNANDO|490||TLALPAN CENTRO|TLALPAN|14000|CIUDAD DE MÉXICO|AYUNTAMIENTO|ONCE MARTIRES|INDEPENDENCIA|5521205980|#N/D
74399A|cf74399a|74399|HEROES DE PADIERNA 2, TLALPAN|CIUDAD DE MÉXICO|A|FRANQUICIA|TEKAL|MZ 272|LT 8|HEROES DE PADIERNA|TLALPAN|14200|CIUDAD DE MÉXICO|SACALUM|POMUCH|HOMUN|5543177249|#N/D
74417A|cf74417a|74417|JARDIN BALBUENA 2, V. CARRANZA|CIUDAD DE MÉXICO|A|FRANQUICIA|CECILIO ROBELO|S/N||JARDIN BALBUENA|VENUSTIANO CARRANZA|15900|CIUDAD DE MÉXICO|7MA RETORNO DE CECILIO ROBELO|RETORNO 5 DE CECILIO ROBELO|RETORNO 2 LAZARO PAVIA|5559417889|#N/D
74418A|cf74418a|74418|AMPLIACION POPO, MIGUEL HIDALGO|CIUDAD DE MÉXICO|A|FRANQUICIA|PONIENTE 111|204||AMPLIACION POPO|MIGUEL HIDALGO|11489|CIUDAD DE MÉXICO|ESQ. RIO SAN JOAQUIN|LAGO GINEBRA|LAGO FONDO|5525894307|#N/D
74421A|cf74421a|74421|SANTA ROSA 2, GUSTAVO A. MADERO|CIUDAD DE MÉXICO|A|FRANQUICIA|26-A|13||SANTA ROSA|GUSTAVO A MADERO|07620|CIUDAD DE MÉXICO|EJE 1 PONIENTE CALZADA VALLEJO|AV. 1-A|CALLE 28-A|5558864784|#N/D
74443A|cf74443a|74443|LOMAS DE CHAPULTEPEC, CDMX|CIUDAD DE MÉXICO|A|FRANQUICIA|VOSGOS|105||LOMAS DE CHAPULTEPEC IV SECCION|MIGUEL HIDALGO|11000|CIUDAD DE MÉXICO|MONTES URALES|PEDREGAL|TEAPA|5588485641|#N/D
74472A|cf74472a|74472|HIPODROMO, CUAUHTEMOC|CIUDAD DE MÉXICO|A|FRANQUICIA|#N/D|#N/D|#N/D|#N/D|#N/D|#N/D|#N/D|#N/D|#N/D|#N/D|#N/D|#N/D
74476A|cf74476a|74476|MIGUEL HIDALGO 2, TLAHUAC|CIUDAD DE MÉXICO|A|FRANQUICIA|GUILLERMO PRIETO|S/N||MIGUEL HIDALGO|TLAHUAC|13200|CIUDAD DE MÉXICO|ANDRES NELLADO|AGUSTIN DIAZ|LAZARO CARDENAS|5515509083|#N/D
74489A|cf74489a|74489|CUAJIMALPA 5, CDMX|CIUDAD DE MÉXICO|A|FRANQUICIA|JOSE MARIA CASTORENA|484||CUAJIMALPA|CUAJIMALPA DE MORELOS|05000|CIUDAD DE MÉXICO|ANTONIO ANCONA|CARRETERA MEXICO-TOLUCA|CARRETERA MEXICO-TOLUCA|5521630092|#N/D
74494A|cf74494a|74494|AGRICOLA PANTITLAN 5, IZTACALCO|CIUDAD DE MÉXICO|A|FRANQUICIA|CENTRAL|114||AGRICOLA PANTITLAN|IZTACALCO|08100|CIUDAD DE MÉXICO|AV CENTRAL|AV NORTE|AV CENTRAL|5587559156|#N/D
74510A|cf74510a|74510|AGRICOLA ORIENTAL 6, IZTACALCO|CIUDAD DE MÉXICO|A|FRANQUICIA|ORIENTE 229|59||AGRICOLA ORIENTAL|IZTACALCO|08500|CIUDAD DE MÉXICO|ESQ. SUR 4|SUR 2|ORIENTE 227|5583779019|#N/D
74535A|cf74535a|74535|ESTRELLA DEL SUR, IZTAPALAPA|CIUDAD DE MÉXICO|A|FRANQUICIA|ARROYO TLALOC|15||ESTRELLA DEL SUR|IZTAPALAPA|09820|CIUDAD DE MÉXICO|XOCHIQUETZAL|XOCHIPILLI|CHIMACOATL|5550858084|#N/D
74552A|cf74552a|74552|SAN LORENZO HUIPULCO 2, TLALPAN|CIUDAD DE MÉXICO|A|FRANQUICIA|MEXICO-XOCHIMILCO|16||SAN LORENZO HUIPULCO|TLALPAN|14370|CIUDAD DE MÉXICO|TLALPAN|ACUEDUCTO|ACUEDUCTO|5555136470|#N/D
74553A|cf74553a|74553|TABLAS DE SAN AGUSTIN, GUSTAVO A MADERO|CIUDAD DE MÉXICO|A|FRANQUICIA|ORIENTE 101|3112|LOCALES 1 Y 2|TABLAS DE SAN AGUSTIN|GUSTAVO A MADERO|07860|CIUDAD DE MÉXICO|ESQ. NTE 62-A|NTE 64|ORIENTE 103|5526033257|#N/D
74554A|cf74554a|74554|GABRIEL HERNANDEZ, GUSTAVO A MADERO, TLALPAN|CIUDAD DE MÉXICO|A|FRANQUICIA|BUENA ESPERANZA|340|LOCAL E|AMPLIACION GABRIEL HERNANDEZ|GUSTAVO A MADERO|07080|CIUDAD DE MÉXICO|EVA SAMANO DE LOPEZ MATEOS|CABO FINISTERRE|0|5527341170|#N/D
74556A|cf74556a|74556|INDUSTRIAL 2, GUSTAVO A MADERO|CIUDAD DE MÉXICO|A|FRANQUICIA|ROBLES DOMINGUEZ|4|LETRA C|INDUSTRIAL|GUSTAVO A MADERO|07800|CIUDAD DE MÉXICO|ESQ. CALZADA DE GUADALUPE|MISTERIOS|EUZKADI|5557394730|#N/D
74557A|cf74557a|74557|SANTA MARTHA ACATITLA 3, IZTAPALAPA|CIUDAD DE MÉXICO|A|FRANQUICIA|FRANCISCO SARABIA|MZ. 20 LT. 15||SANTA MARTHA ACATITLA|IZTAPALAPA|09510|CIUDAD DE MÉXICO|AMADOR SALAZAR|VENUSTIANO CARRANZA|FRANCISCO I. MADERO|5522372442|#N/D
74559A|cf74559a|74559|GUADALUPE VICTORIA, GUSTAVO A MADERO|CIUDAD DE MÉXICO|A|FRANQUICIA|LEOPOLDO AUER|162|LOCAL B2|GUADALUPE VICTORIA|GUSTAVO A MADERO|07790|CIUDAD DE MÉXICO|ESQ. CUITLAHUAC|GAYARRE|MIGUEL GLINKA|5553552957|#N/D
74561A|cf74561a|74561|JOSE LOPEZ PORTILLO 2, IZTAPALAPA|CIUDAD DE MÉXICO|A|FRANQUICIA|1|MZ. 71|LT. 4A|JOSE LOPEZ PORTILLO|IZTAPALAPA|09920|CIUDAD DE MÉXICO|CALLE 22|CANAL DE CHALCO|CALLE 2|5558594380|#N/D
74562A|cf74562a|74562|JUAN ESCUTIA 6, IZTAPALAPA|CIUDAD DE MÉXICO|A|FRANQUICIA|FLORENCIO ANTILLON|136||JUAN ESCUTIA|IZTAPALAPA|09100|CIUDAD DE MÉXICO|ESQ. TEXCOCO|JESUS GARCIA MORALES|JOSE MARIA PATONI|5557445150|#N/D
74564A|cf74564a|74564|TEPALCATES 2, IZTAPALAPA|CIUDAD DE MÉXICO|A|FRANQUICIA|SANTA TERESA|60||TEPALCATES|IZTAPALAPA|09210|CIUDAD DE MÉXICO|IGNACIO ZARAGOZA|MIGUEL HIDALGO|GENERAL NICOLAS BRAVO|5592092235|#N/D
74566A|cf74566a|74566|AV. EDUARDO MOLINA, G.A.M.|CIUDAD DE MÉXICO|A|FRANQUICIA|ING. EDUARDO MOLINA|4723||LA MALINCHE|GUSTAVO A MADERO|07899|CIUDAD DE MÉXICO|ORIENTE 95|ORIENTE 91|NORTE 78 A|5511140432|#N/D
74567A|cf74567a|74567|AV. CONGRESO DE LA UNION, G.A.M.|CIUDAD DE MÉXICO|A|FRANQUICIA|EJE 2 ORIENTE CONGRESO DE LA UNION|3730||MARTIRES DE RIO BLANCO|GUSTAVO A MADERO|07880|CIUDAD DE MÉXICO|ORIENTE 91|ORIENTE 87|NORTE 60 A|5511140624|#N/D
74572A|cf74572a|74572|STA. MARIA AZTAHUACAN 2, IZTAPALAPA|CIUDAD DE MÉXICO|A|FRANQUICIA|PLAN DE AYALA|MZ 79|LT 91|SANTA MARIA AZTAHUACAN|IZTAPALAPA|09570|CIUDAD DE MÉXICO|ESQUINA FILOMENO MATA|FELIPE ANGELES|20 DE NOVIEMBRE|5556906216|#N/D
74604A|cf74604a|74604|ARENAL 2, VENUSTIANO CARRANZA|CIUDAD DE MÉXICO|A|FRANQUICIA|XICHU|MZ C10||ARENAL 3A SECCION|VENUSTIANO CARRANZA|15660|CIUDAD DE MÉXICO|ESQ. XOCHITLAN NORTE|PRIV. XICHU|XOCHITLAN SUR|5550856375|#N/D
74639A|cf74639a|74639|SAN NICOLAS TOLENTINO, IZTAPALAPA|CIUDAD DE MÉXICO|A|FRANQUICIA|SAN LORENZO|35||SAN NICOLAS TOLENTINO|IZTAPALAPA|09850|CIUDAD DE MÉXICO|ESQ. CATARROJA|BILBAO|CANILES|5594021363|#N/D
74641A|cf74641a|74641|SANTIAGO ATZACOALCO, G.A.M.|CIUDAD DE MÉXICO|A|FRANQUICIA|CENTENARIO|2113||SANTIAGO ATZACOALCO|GUSTAVO A MADERO|07040|CIUDAD DE MÉXICO|CERRADA EJIDO DEL OBRERO|FERROCARRIL HIDALGO|0|5550887782|#N/D
7465A|cf7465a|7465|SANTA FE 1, ALVARO OBREGON|CIUDAD DE MÉXICO|A|FRANQUICIA|VASCO DE QUIROGA|1535||SANTA FE (MARGARITA MAZA DE JUAREZ)|ALVARO OBREGON|01210|CIUDAD DE MÉXICO|ESQ. NICOLAS BRAVO|POLVORA|0|5555702787|#N/D
74664A|cf74664a|74664|PASEOS DEL SUR, XOCHIMILCO|CIUDAD DE MÉXICO|A|FRANQUICIA|PROLONGACION IGNACIO ALDAMA|MZ E|LT 17 (59)|PASEOS DEL SUR|XOCHIMILCO|16010|CIUDAD DE MÉXICO|PASEO DE LOS CEREZOS|PASEO DE LOS SAUCES|PASEO DE LOS CEDROS|5517173990|#N/D
7466A|cf7466a|7466|LAS AGUILAS 1|CIUDAD DE MÉXICO|A|FRANQUICIA|DE LAS AGUILAS|807|LOCAL 1|AMPLIACION LAS AGUILAS|ALVARO OBREGON|01759|CIUDAD DE MÉXICO|ESQ. 4TA. CERRADA DE LAS|0|0|5555931907|#N/D
7466B|cf7466b|7466|LAS AGUILAS 1|CIUDAD DE MÉXICO|B|FRANQUICIA|DE LAS AGUILAS|807|LOCAL 1|AMPLIACION LAS AGUILAS|ALVARO OBREGON|01759|CIUDAD DE MÉXICO|ESQ. 4TA. CERRADA DE LAS|0|0|5555931907|#N/D
74672A|cf74672a|74672|DEL VALLE SUR 3, BENITO JUAREZ|CIUDAD DE MÉXICO|A|FRANQUICIA|COYOACAN|1435|LOCAL G47|DEL VALLE SUR|BENITO JUAREZ|03104|CIUDAD DE MÉXICO|FELIX CUEVAS|PARROQUIA|ADOLFO PRIETO|5555245327|#N/D
74694A|cf74694a|74694|NARVARTE PONIENTE 2, BENITO JUAREZ|CIUDAD DE MÉXICO|A|FRANQUICIA|XOLA|1113||NARVARTE PONIENTE|BENITO JUAREZ|03020|CIUDAD DE MÉXICO|ENRIQUE PESTALOZZI|PITAGORAS|DIAGONAL SAN ANTONIO|5528395097|#N/D
74717A|cf74717a|74717|VIADUCTO PIEDAD, IZTACALCO|CIUDAD DE MÉXICO|A|FRANQUICIA|LA CORUÑA|350||VIADUCTO PIEDAD|IZTACALCO|08200|CIUDAD DE MÉXICO|ESQ. AV. ANDRES MOLINA|SUR 73|VIADUCTO RIO DE LA PIEDAD|5522900320|#N/D
74720A|cf74720a|74720|INDEPENDENCIA, BENITO JUAREZ|CIUDAD DE MÉXICO|A|FRANQUICIA|ANGEL URRAZA (EJE VIAL 6 SUR)|2035||INDEPENDENCIA|BENITO JUAREZ|03630|CIUDAD DE MÉXICO|ZEMPOALA|MITLA|LUIS BRAILE|5550857869|#N/D
7472A|cf7472a|7472|INDIOS VERDES.|CIUDAD DE MÉXICO|A|FRANQUICIA|QUETZALCOATL (HUITZILIHUITL)|42|LOCAL B|SANTA ISABEL TOLA|GUSTAVO A MADERO|07010|CIUDAD DE MÉXICO|AV. INSURGENTES NORTE|AV. HUITZILIHUITL|0|5557483359|#N/D
74796A|cf74796a|74796|SAN ANTONIO, AZCAPOTZALCO|CIUDAD DE MÉXICO|A|FRANQUICIA|CAMPO CANTEMOC|170||SAN ANTONIO|AZCAPOTZALCO|02720|CIUDAD DE MÉXICO|ESQ. CAMPO BOCA DEL TORO|CAMPO LAS PIEDRAS|CAMPO FORTUNA NACIONAL|5551600626|#N/D
74797A|cf74797a|74797|AV. RIO MAYO, IZTAPALAPA|CIUDAD DE MÉXICO|A|FRANQUICIA|RIO MAYO|86||DR ALFONSO ORTIZ TIRADO|IZTAPALAPA|09020|CIUDAD DE MÉXICO|EJE 4 SUR (SAN RAFAEL ATLIXCO)|RIO SOTO LA MARINA|PLAZA DE LA PAJA|5592791658|#N/D
74801A|cf74801a|74801|ROMA SUR, CUAUHTEMOC|CIUDAD DE MÉXICO|A|FRANQUICIA|CUAUHTEMOC|363||ROMA SUR|CUAUHTEMOC|06760|CIUDAD DE MÉXICO|AV. BAJA CALIFORNIA|HUATABAMPO|TOLUCA|5559415357|#N/D
74831A|cf74831a|74831|SANTA BARBARA, IZTAPALAPA|CIUDAD DE MÉXICO|A|FRANQUICIA|ERMITA IZTAPALAPA EJE 8 SUR|920||SANTA BARBARA|IZTAPALAPA|09000|CIUDAD DE MÉXICO|GENERAL ANAYA|TERCERA SAN NICOLAS|PRIMER CALLEGON DE GENERAL|5589335271|#N/D
74835A|cf74835a|74835|SAN LORENZO TEZONCO 2, IZTAPALAPA|CIUDAD DE MÉXICO|A|FRANQUICIA|JARDIN HORTENSIAS|76||JARDINES DE SAN LORENZO TEZONCO|IZTAPALAPA|09940|CIUDAD DE MÉXICO|ESQ. CUAUHTEMOC|IGNACIO ALDAMA|JARDIN DALIAS|5524605795|#N/D
74845A|cf74845a|74845|PEDREGAL DE SAN NICOLAS 3, TLALPAN|CIUDAD DE MÉXICO|A|FRANQUICIA|OPICHEN|MZ 108|LT 1|PEDREGAL DE SAN NICOLAS 1A SECCION|TLALPAN|14100|CIUDAD DE MÉXICO|HAMPOLOL|CANSAHCAB|POPOLNA|5591553324|#N/D
74899A|cf74899|74899|ESCUADRON 201 2, IZTAPALAPA|CIUDAD DE MÉXICO|A|FRANQUICIA|TENIENTE FAUSTO VEGA SANTANDER|402|LOCAL A|ESCUADRON 201|IZTAPALAPA|09060|CIUDAD DE MÉXICO|ESQ. ATANASIO G. SARABIA|RODOLFO USIGLI|TENIENTE HECTOR ESPINOZA|5589360741|#N/D
7489A|cf7489a|7489|AV. DE LAS GRANJAS 1|CIUDAD DE MÉXICO|A|FRANQUICIA|DE LAS GRANJAS|137|B|JARDIN AZPEITIA|AZCAPOTZALCO|02530|CIUDAD DE MÉXICO|ESQUINA AQUILES EL ORDUY|0|0|5572584433|#N/D
7492A|cf7492a|7492|JUVENTINO ROSAS 1, IZTACALCO|CIUDAD DE MÉXICO|A|FRANQUICIA|SUR 115 A|MZ. 13|LT. 1|JUVENTINO ROSAS|IZTACALCO|08700|CIUDAD DE MÉXICO|ESQ. AV. DEL RECREO|0|0|5556647297|#N/D
74991A|cf74991a|74991|TORIELLO GUERRA, TLALPAN|CIUDAD DE MÉXICO|A|FRANQUICIA|AJUSCO|2|D|TORIELLO GUERRA|TLALPAN|14050|CIUDAD DE MÉXICO|COAPA|PEÑA POBRE|LUIS G. INCLAN|5556669755|#N/D
74999A|cf74999a|74999|HOSPITAL GENERAL|CIUDAD DE MÉXICO|A|FRANQUICIA|L - 3 METRO HOSPITAL GENERAL|09|CC|DOCTORES|CUAUHTEMOC|06720|CIUDAD DE MÉXICO|DOCTOR PASTEUR|0|0|5555885157|#N/D
749A|cs0749a|749|PROVIDENCIA 2|CIUDAD DE MÉXICO|A|SUCURSAL|CONSTITUCION DE LA REPUBLICA |140 ||PROVIDENCIA |GUSTAVO A MADERO|07550|CIUDAD DE MÉXICO|ESTADO DE GUERRERO|ESQ. CONSTITUCION DE LA REPUBLICA||5557125229|#N/D
75008A|cf75008a|75008|ZAPOTLA, IZTACALCO (PA)|CIUDAD DE MÉXICO|A|FRANQUICIA|DEL RECREO|81||ZAPOTLA|IZTACALCO|08610|CIUDAD DE MÉXICO|ESQ. ZAPOTLA|CHIMALPOPOCA|LOS REYES|5589250951|#N/D
75013A|cf75013a|75013|ZACAHUITZCO, IZTAPALAPA (PA)|CIUDAD DE MÉXICO|A|FRANQUICIA|PIE DE LA CUESTA|191||ZACAHUITZCO|IZTAPALAPA|09440|CIUDAD DE MÉXICO|PLAYA DE HORNOS|LABORISTAS|0|5511066631|#N/D
75014A|cf75014a|75014|SAN ANDRES TOMATLAN, IZTAPALAPA (PA)|CIUDAD DE MÉXICO|A|FRANQUICIA|TLAHUAC|521||SAN ANDRES TOMATLAN|IZTAPALAPA|09870|CIUDAD DE MÉXICO|LUIS FRANCISCO BREGUET|HERMANOS WRIGHT|G. FARENHEIT|5562369093|#N/D
75021A|cf75021a|75021|STA. MARIA AZTAHUACAN, IZTAPALAPA (PA)|CIUDAD DE MÉXICO|A|FRANQUICIA|MEXICO|82||SANTA MARIA AZTAHUACAN|IZTAPALAPA|09500|CIUDAD DE MÉXICO|2A. CERRADA MEXICO|SAN PEDRO|0|5589758343|#N/D
75046A|cf75046a|75046|PUEBLA, VENUSTIANO CARRANZA (PA)|CIUDAD DE MÉXICO|A|FRANQUICIA|VIADUCTO RIO DE LA PIEDAD|S/N||PUEBLA|VENUSTIANO CARRANZA|15020|CIUDAD DE MÉXICO|CALLE 77|CALLE 73|AV 8|5525905965|#N/D
75055A|cf75055a|75055|CONSTITUCION DE 1917 2, IZTAPALAPA|CIUDAD DE MÉXICO|A|FRANQUICIA|JUAN DE DIOS BOJORQUEZ|83|LOCAL 2|CONSTITUCION DE 1917|IZTAPALAPA|09260|CIUDAD DE MÉXICO|ESQ. HIDALGO|ALFONSO CRAVIOTO|GRAL. DONATO BRAVO IZQUIERDO|5515440011|#N/D
75074A|cf75074a|75074|SAN PEDRO DE LOS PINOS, A. OBREGON (PA)|CIUDAD DE MÉXICO|A|FRANQUICIA|10|132||SAN PEDRO DE LOS PINOS|ALVARO OBREGON|01180|CIUDAD DE MÉXICO|TOLTECAS|FERROCARRIL DE CUERNAVACA|CALLE 16|5559495417|#N/D
75101A|cf75101a|75101|LA CRUZ, IZTACALCO (PA)|CIUDAD DE MÉXICO|A|FRANQUICIA|16 DE SEPTIEMBRE|10||LA CRUZ|IZTACALCO|08310|CIUDAD DE MÉXICO|1ERO DE MAYO|PRIMERA CERRADA 16 DE|UNION|5558037169|#N/D
7510A|cf7510a|7510|SAN MIGUEL AJUSCO 1, TLALPAN|CIUDAD DE MÉXICO|A|FRANQUICIA|MIGUEL HIDALGO|S/N|LOCALES 1,2,3|SAN MIGUEL AJUSCO|TLALPAN|14700|CIUDAD DE MÉXICO|MARIANO ABASOLO|MARIANO MATAMOROS|0|5558462470|#N/D
7511A|cf0511a|7511|ESTRELLA 1, GUSTAVO A. MADERO|CIUDAD DE MÉXICO|A|FRANQUICIA|AZABACHE|95||ESTRELLA|GUSTAVO A MADERO|07810|CIUDAD DE MÉXICO|ESQ. TALISMAN|JOYAS|BRILLANTE|5557814285|#N/D
75125A|cf75125a|75125|EL ROSARIO 2, AZCAPOTZALCO|CIUDAD DE MÉXICO|A|FRANQUICIA|AQUILES SERDAN|1341||EL ROSARIO|AZCAPOTZALCO|02100|CIUDAD DE MÉXICO|OSA MAYOR|AV. EL ROSARIO|RIO BLANCO|5553779089|#N/D
75128A|cf75128a|75128|SANTA CRUZ MEYEHUALCO 6, IZTAPALAPA|CIUDAD DE MÉXICO|A|FRANQUICIA|SAMUEL GOMPERS (CLL. 53)|S/N (NO. 133)||SANTA CRUZ MEYEHUALCO|IZTAPALAPA|09290|CIUDAD DE MÉXICO|ESQ. 53|51|14|5591310368|#N/D
75138A|cf75138a|75138|ROMERO RUBIO, V. CARRANZA (PA)|CIUDAD DE MÉXICO|A|FRANQUICIA|MARRUECOS|144||ROMERO RUBIO|VENUSTIANO CARRANZA|15400|CIUDAD DE MÉXICO|ESQ. PUERTO ARTURO|PEKIN|PERSIA|5559211246|#N/D
7513A|cf0513a|7513|SAN MIGUEL 1, GUSTAVO A. MADERO|CIUDAD DE MÉXICO|A|FRANQUICIA|PUERTO DE MARFIL|MZ. 73|LT. 1|SAN MIGUEL|GUSTAVO A MADERO|07100|CIUDAD DE MÉXICO|FLORIDA|COMETA|0|5536090134|#N/D
75152A|cf75152a|75152|SAN JOSE DE LOS CEDROS, CUAJIMALPA (PA)|CIUDAD DE MÉXICO|A|FRANQUICIA|SAN JOSE DE LOS CEDROS|259||SAN JOSE DE LOS CEDROS|CUAJIMALPA DE MORELOS|05200|CIUDAD DE MÉXICO|JACARANDAS|ROBLE|MADROÑO|5521552954|#N/D
75170A|cf75170a|75170|LA CONCHITA ZAPOTITLAN 2, TLAHUAC (PA)|CIUDAD DE MÉXICO|A|FRANQUICIA|FRANCISCO JIMENEZ|110||LA CONCHITA ZAPOTITLAN|TLAHUAC|13360|CIUDAD DE MÉXICO|SANTIAGO FERNANDEZ|SIMON ALVAREZ|SEBASTIAN TREJO|5591310763|#N/D
75173A|cf75173a|75173|NAPOLES, BENITO JUAREZ (PA)|CIUDAD DE MÉXICO|A|FRANQUICIA|INSURGENTES SUR|634||NAPOLES|BENITO JUAREZ|03810|CIUDAD DE MÉXICO|YOSEMITE|VERMONT|COLORADO|5550879683|#N/D
7519A|cf7519a|7519|ROMERO RUBIO 1, VENUSTIANO CARRANZA|CIUDAD DE MÉXICO|A|FRANQUICIA|DAMASCO|74||ROMERO RUBIO|VENUSTIANO CARRANZA|15400|CIUDAD DE MÉXICO|ESQ. PLAZA AFRICA|JAPON|0|5526166952|#N/D
75215A|cf75215a|75215|CLAVERIA 2, AZCAPOTZALCO (PA)|CIUDAD DE MÉXICO|A|FRANQUICIA|CUITLAHUAC|44||CLAVERIA|AZCAPOTZALCO|02080|CIUDAD DE MÉXICO|ESQ. PONIENTE 44|EGIPTO|NORTE 79-A|5553418421|#N/D
75225A|cf75225a|75225|SAN BARTOLO ATEPEHUACAN, G.A.M. (PA)|CIUDAD DE MÉXICO|A|FRANQUICIA|EJIDO|8|2|SAN BARTOLO ATEPEHUACAN|GUSTAVO A MADERO|07730|CIUDAD DE MÉXICO|ESQ. EJE CENTRAL|STA BARBARA|MORA|5589510134|#N/D
75245A|cf75245a|75245|PEDREGAL DE SAN NICOLAS 4, TLALPAN|CIUDAD DE MÉXICO|A|FRANQUICIA|SINANCHE|MZ 14|LT 24|PEDREGAL DE SAN NICOLAS 1A SECCION|TLALPAN|14100|CIUDAD DE MÉXICO|KOPOMA|KANTUNIL|CHEMAX|5553639165|#N/D
75256A|cf75256a|75256|SAN MIGUEL TEOTONGO, IZTAPALAPA|CIUDAD DE MÉXICO|A|FRANQUICIA|GENARO VAZQUEZ|MZ 54|LT 15|SAN MIGUEL TEOTONGO SECCION CORRALES|IZTAPALAPA|09630|CIUDAD DE MÉXICO|JOSELITO HUERTA|JOSE LOPEZ PORTILLO|JACARANDA|5521274148|#N/D
75279A|cf75279a|75279|LINDAVISTA NORTE, G.A.M|CIUDAD DE MÉXICO|A|FRANQUICIA|LIMA (SIERRAVISTA)|S/N (0220)|LOCAL B|LINDAVISTA NORTE|GUSTAVO A MADERO|07300|CIUDAD DE MÉXICO|SIERRAVISTA|LINDAVISTA|LATACUNGA|5591353863|#N/D
75302A|cf75302a|75302|20 DE NOVIEMBRE 2, V. CARRANZA|CIUDAD DE MÉXICO|A|FRANQUICIA|HORTELANOS|122||20 DE NOVIEMBRE|VENUSTIANO CARRANZA|15300|CIUDAD DE MÉXICO|ESQ. VULCANIZACION|AV. ING. EDUARDO MOLINA|YESEROS|5590262306|#N/D
7539A|cf0539a|7539|SAN PEDRO DE LOS PINOS 2|CIUDAD DE MÉXICO|A|FRANQUICIA|REVOLUCION|545||SAN PEDRO DE LOS PINOS|BENITO JUAREZ|03800|CIUDAD DE MÉXICO|CALLE 8|CALLE 6|AV. PRIMERO DE MAYO|5552769861|#N/D
753A|cs0753a|753|PROGRESO TIZAPAN|CIUDAD DE MÉXICO|A|SUCURSAL|MEXICO |35 ||PROGRESO |ALVARO OBREGON|01080|CIUDAD DE MÉXICO|AV. TOLUCA|GUERRERO||5556166832|#N/D
75403A|cf75403a|75403|TIZAPAN, ALVARO OBREGON|CIUDAD DE MÉXICO|A|FRANQUICIA|SAN JERONIMO|273||TIZAPAN|ALVARO OBREGON|01090|CIUDAD DE MÉXICO|IGLESIA|REVOLUCION|RIO DE LA MAGDALENA|5550854029|#N/D
75432A|cf75432a|75432|EJERCITO DE AGUA PRIETA, IZTAPALAPA|CIUDAD DE MÉXICO|A|FRANQUICIA|SEBASTIAN BARRIGÜETE ANDRADE|S/N||EJERCITO DE AGUA PRIETA|IZTAPALAPA|09578|CIUDAD DE MÉXICO|HILARIO ESPARZA|ANGEL FLORES|5 SUR (AV. CIRCUNVALACION)|5590325802|#N/D
75440A|cf75440a|75440|LA CRUZ 2, LA MAGDALENA CONTRERAS (PA)|CIUDAD DE MÉXICO|A|FRANQUICIA|MEXICO|1311||LA CRUZ|LA MAGDALENA CONTRERAS|10800|CIUDAD DE MÉXICO|05 DE MAYO|CHABACANO|05 DE MAYO|5521556773|#N/D
75461A|cf75461a|75461|SELENE 2, TLAHUAC|CIUDAD DE MÉXICO|A|FRANQUICIA|10 SUR (CARRETERA A SANTA CATARINA)|290||SELENE|TLAHUAC|13420|CIUDAD DE MÉXICO|ESQ. ESTANISLAO RAMIREZ RUIZ|CIRCO JOLIOT|LAGO DE LA MUERTE|5589545699|#N/D
75467A|cf75467a|75467|LAS ANIMAS, XOCHIMILCO|CIUDAD DE MÉXICO|A|FRANQUICIA|AQUILES SERDAN|293||LAS ANIMAS|XOCHIMILCO|16749|CIUDAD DE MÉXICO|ESQ. MIGUEL PARRA|FRANCISCO VILLA|1A. FRANCISCO VILLA|5589546129|#N/D
75481A|cf75481a|75481|NUEVA SANTA MARIA 3, AZCAPOTZALCO|CIUDAD DE MÉXICO|A|FRANQUICIA|ALHELI|71||NUEVA SANTA MARIA|AZCAPOTZALCO|02800|CIUDAD DE MÉXICO|ESQ. PLAN DE SAN LUIS|COCOTEROS|CLAVEL|5521264327|#N/D
75529A|cf75529a|75529|LOMAS DE LA ERA, ALVARO OBREGON|CIUDAD DE MÉXICO|A|FRANQUICIA|29 DE OCTUBRE|MZ 73 LT 2||LOMAS DE LA ERA|ALVARO OBREGON|01860|CIUDAD DE MÉXICO|JACARANDAS|PRIVADA DEL ROSAL|EMILIANO ZAPATA|5591312381|#N/D
75530A|cf75530a|75530|EL TORO, MAGDALENA CONTRERAS |CIUDAD DE MÉXICO|A|FRANQUICIA|SAN JERONIMO|1925||EL TORO|LA MAGDALENA CONTRERAS|10610|CIUDAD DE MÉXICO|DALIA|VIOLETA|CLAVEL|5550853966|#N/D
75564A|cf75564a|75564|VALLE DE SAN LORENZO, IZTAPALAPA|CIUDAD DE MÉXICO|A|FRANQUICIA|RIO NILO|73||VALLE DE SAN LORENZO|IZTAPALAPA|09970|CIUDAD DE MÉXICO|RIO PAPALOAPAN|RIO YAQUI|RIO SENA|5592405271|#N/D
7557A|cf0557a|7557|SANTA MARIA LA RIBERA 1, CUAUHTEMOC|CIUDAD DE MÉXICO|A|FRANQUICIA|DR ATL (CARPIO)|99|LOCAL 1|SANTA MARIA LA RIBERA|CUAUHTEMOC|06400|CIUDAD DE MÉXICO|MANUEL CARPIO|ELIGIO ANCONA|0|5555411296|#N/D
75588A|cf75588a|75588|TRANSITO 2, CUAUHTEMOC|CIUDAD DE MÉXICO|A|FRANQUICIA|CLAVIJERO|181||TRANSITO|CUAUHTEMOC|06820|CIUDAD DE MÉXICO|ALFREDO CHAVERO|RAFAEL ANGEL DE LA PEÑA|XOCONGO|5592087784|#N/D
75616A|cf75616a|75616|SIMON BOLIVAR, V. CARRANZA|CIUDAD DE MÉXICO|A|FRANQUICIA|INTERIOR AVENIDA RIO CONSULADO|2355 6||SIMON BOLIVAR|VENUSTIANO CARRANZA|15410|CIUDAD DE MÉXICO|EMILIANO ZAPATA|CARLOS MAX|BALBOAS|5557513887|#N/D
75674A|cf75674a|75674|ALGARIN, CUAUHTEMOC|CIUDAD DE MÉXICO|A|FRANQUICIA|3 SUR (JOSE PEON CONTRERAS)|56||ALGARIN|CUAUHTEMOC|06880|CIUDAD DE MÉXICO|BOLIVAR|JOSE MARIA BUSTILLOS|JUAN E. HERNANDEZ Y DAVALOS|5555383656|#N/D
75683A|cf75683a|75683|LOMAS DE ZARAGOZA 2, IZTAPALAPA|CIUDAD DE MÉXICO|A|FRANQUICIA|PIPILA|MZ 106 LT 2||LOMAS DE ZARAGOZA|IZTAPALAPA|09620|CIUDAD DE MÉXICO|FLOR DE DURAZNO|DE LAS TORRES|15 DE SEPTIEMBRE|5592094151|#N/D
75708A|cf75708a|75708|LOMAS DE LA ESTANCIA, IZTAPALAPA|CIUDAD DE MÉXICO|A|FRANQUICIA|CAÑADA (CARLOS HANK GONZALEZ)|MZ 01 LT 18||LOMAS DE LA ESTANCIA|IZTAPALAPA|09640|CIUDAD DE MÉXICO|AVELLANO|PAPIRO|0|5510563679|#N/D
75738A|cf75738a|75738|MIGUEL HIDALGO 3A SECC. 2, TLALPAN|CIUDAD DE MÉXICO|A|FRANQUICIA|ALFREDO V. BONFIL|MZ 10|LT 1|MIGUEL HIDALGO 3A SECCION|TLALPAN|14250|CIUDAD DE MÉXICO|JESUS LECUONA|FELIPE ANGELES|ADOLFO DE LA HUERTA|5559222855|#N/D
75761A|cf75761a|75761|AMPLIACION EMILIANO ZAPATA, CDMX|CIUDAD DE MÉXICO|A|FRANQUICIA|CUCO SANCHEZ|MZ 131|LT 32|AMPLIACION EMILIANO ZAPATA|IZTAPALAPA|09638|CIUDAD DE MÉXICO|DOLORES DEL RIO|CARCEL DE MUJERES|JOAQUIN PARDAVE|5551229785|#N/D
75762A|cf75762a|75762|RENOVACION, IZTAPALAPA|CIUDAD DE MÉXICO|A|FRANQUICIA|5 (CARLOS L. GARCIA)|MZ 20|LT 17|RENOVACION|IZTAPALAPA|09209|CIUDAD DE MÉXICO|CALLE 5|CALLE 4|AV. 9|5591299174|#N/D
75797A|cf75797a|75797|SAN LORENZO LA CEBADA 2, XOCHIMILCO|CIUDAD DE MÉXICO|A|FRANQUICIA|MUYUGUARDA|12||SAN LORENZO LA CEBADA|XOCHIMILCO|16035|CIUDAD DE MÉXICO|10 DE ABRIL DE 1919|CONSTITUCION DE 1857|PLAN DE SAN LUIS|5589547356|#N/D
75828A|cf75828a|75828|SANTIAGO ATZACOALCO 2, G.A.M.|CIUDAD DE MÉXICO|A|FRANQUICIA|CENTENARIO|1972||SANTIAGO ATZACOALCO|GUSTAVO A MADERO|07040|CIUDAD DE MÉXICO|ESQ. CUAUHTEMOC|EMILIANO ZAPATA|CABO FINISTERRE|5521275749|#N/D
75837A|cf75837a|75837|CULHUACAN 2, COYOACAN|CIUDAD DE MÉXICO|A|FRANQUICIA|ROSARIO CASTELLANOS|MZ A LT 191 B|LOCALES 1 Y 2 PB|CULHUACAN CTM SECCION IX-A|COYOACAN|04909|CIUDAD DE MÉXICO|ESQ. ELVIRA VARGAS|CONCHITA URQUIZA|CONCHITA URQUIZA|5517155431|#N/D
75845A|cf75845a|75845|FELIPE ANGELES, VENUSTIANO CARRANZA|CIUDAD DE MÉXICO|A|FRANQUICIA|INGENIERO EDUARDO MOLINA (EJE VIAL 3 ORIENTE)|S/N||FELIPE ANGELES|VENUSTIANO CARRANZA|15310|CIUDAD DE MÉXICO|ESQ. ESTAÑO|PLATINO|CERRADA EDUARDO MOLINA|5521249596|#N/D
75846A|cf75846a|75846|PERALVILLO 4, CUAUHTEMOC|CIUDAD DE MÉXICO|A|FRANQUICIA|JUVENTINO ROSAS|56||EX-HIPODROMO DE PERALVILLO|CUAUHTEMOC|06250|CIUDAD DE MÉXICO|ESQ. FLORENTINO CONSTANTINO|C. WAGNER|ARRIGO BOITIO|5591306614|#N/D
7584A|cf7584a|7584|SANTA CRUZ ATOYAC 1, BENITO JUAREZ|CIUDAD DE MÉXICO|A|FRANQUICIA|MUNICIPIO LIBRE|346||SANTA CRUZ ATOYAC|BENITO JUAREZ|03310|CIUDAD DE MÉXICO|UXMAL|IXCATEOPAN|CALLEJON ZARAGOZA|5556040953|#N/D
75855A|cf75855a|75855|SAN MIGUEL, MILPA ALTA|CIUDAD DE MÉXICO|A|FRANQUICIA|FABIAN FLORES|100||SAN MIGUEL|MILPA ALTA|12400|CIUDAD DE MÉXICO|NICOLAS BRAVO|ABASOLO|HIDALGO|5520766256|#N/D
7587A|cf7587a|7587|PRO HOGAR 2, AZCAPOTZALCO|CIUDAD DE MÉXICO|A|FRANQUICIA|CUITLAHUAC|229||PRO HOGAR|AZCAPOTZALCO|02600|CIUDAD DE MÉXICO|CALLE 12|CALLE 10|0|5553558425|#N/D
75901A|cf75901a|75901|COLINA DEL SUR 2, ALVARO OBREGON|CIUDAD DE MÉXICO|A|FRANQUICIA|DE LAS ARCADAS|5||COLINA DEL SUR|ALVARO OBREGON|01430|CIUDAD DE MÉXICO|CENTENARIO|DE LAS CARRETAS|DE LA ROMERIA|5527902349|#N/D
75904A|cf75904a|75904|NONOALCO TLATELOLCO 3, CUAUHTEMOC|CIUDAD DE MÉXICO|A|FRANQUICIA|RICARDO FLORES MAGON|ANDADOR ALM. 74|E 338 CHIHUAHUA L 10|NONOALCO TLATELOLCO|CUAUHTEMOC|06900|CIUDAD DE MÉXICO|EJE CENTRAL LAZARO CARDENAS|PASEO DE LA REFORMA|MANUEL GONZALEZ|5591306632|#N/D
75919A|cf75919a|75919|SAN JERONIMO LIDICE 2, LA MAGDALENA C.|CIUDAD DE MÉXICO|A|FRANQUICIA|CONTRERAS|386|LOCAL 5|SAN JERONIMO LIDICE|LA MAGDALENA CONTRERAS|10200|CIUDAD DE MÉXICO|AV. LUIS CABRERA|TIHUATLAN|PERIFERICO SUR|5546350126|#N/D
75921A|cf75921a|75921|PEDREGAL SANTO DOMINGO 4, COYOACAN|CIUDAD DE MÉXICO|A|FRANQUICIA|CICALCO|324||PEDREGAL DE SANTO DOMINGO|COYOACAN|04369|CIUDAD DE MÉXICO|ESQ. ZIHUATLAN|AHUANUSCO|PAPALOTL|5591308729|#N/D
75924A|cf75924a|75924|AGRICOLA ORIENTAL 9, IZTACALCO|CIUDAD DE MÉXICO|A|FRANQUICIA|ORIENTE 259|MZ 5|CASA 3|AGRICOLA ORIENTAL|IZTACALCO|08500|CIUDAD DE MÉXICO|SUR 27|SUR 28-A|ORIENTE 253|5591313400|#N/D
75958A|cf75958a|75958|LINDAVISTA NORTE 2, G.A.M.|CIUDAD DE MÉXICO|A|FRANQUICIA|CIENFUEGOS|985||LINDAVISTA NORTE|GUSTAVO A MADERO|07300|CIUDAD DE MÉXICO|ESQ. AV. TICOMAN|SIERRAVISTA|CUZCO|5550356850|#N/D
75983A|cf75983a|75983|SAN NICOLAS TOTOLAPAN, LA M.C.|CIUDAD DE MÉXICO|A|FRANQUICIA|SOLEDAD|260||SAN NICOLAS TOTOLAPAN|LA MAGDALENA CONTRERAS|10900|CIUDAD DE MÉXICO|LAS FLORES|TENERIA|0|5591553308|#N/D
75A|cs0075a|75|AGRICOLA ORIENTAL 1|CIUDAD DE MÉXICO|A|SUCURSAL|SUR 16 |330 |1|AGRICOLA ORIENTAL |IZTACALCO|08500|CIUDAD DE MÉXICO|AV. JAVIER ROJO GOMEZ|OTE. 241-A||5557582235|#N/D
75B|cs0075b|75|AGRICOLA ORIENTAL 1|CIUDAD DE MÉXICO|B|SUCURSAL|SUR 16 |330 |1|AGRICOLA ORIENTAL |IZTACALCO|08500|CIUDAD DE MÉXICO|AV. JAVIER ROJO GOMEZ|OTE. 241-A||5557582235|#N/D
75C|cs0075c|75|AGRICOLA ORIENTAL 1|CIUDAD DE MÉXICO|C|SUCURSAL|SUR 16 |330 |1|AGRICOLA ORIENTAL |IZTACALCO|08500|CIUDAD DE MÉXICO|AV. JAVIER ROJO GOMEZ|OTE. 241-A||5557582235|#N/D
76053A|cf76053a|76053|ISIDRO FABELA 2, TLALPAN|CIUDAD DE MÉXICO|A|FRANQUICIA|1 NORTE|141||ISIDRO FABELA|TLALPAN|14030|CIUDAD DE MÉXICO|ESQ. 10 ORIENTE|11 ORIENTE|ADOLFO RUIZ CORTINEZ|5521554579|#N/D
76087A|cf76087a|76087|EJIDOS SAN PEDRO MARTIR 2, TLALPAN|CIUDAD DE MÉXICO|A|FRANQUICIA|CEDRAL|91||EJIDOS DE SAN PEDRO MARTIR|TLALPAN|14640|CIUDAD DE MÉXICO|JAZMIN|RAQUEL JUAREZ|EMILIANO ZAPATA|5591549082|#N/D
76088A|cf76088a|76088|SAN JOSE TLAHUAC, CDMX|CIUDAD DE MÉXICO|A|FRANQUICIA|CARLOS MARTINEZ GIL (ORIENTE 10)|63||SAN JOSE|TLAHUAC|13020|CIUDAD DE MÉXICO|ESQ. TIERRA Y LIBERTAD|LA RONDALLA (NORTE 1)|AGUSTIN LARA|5558426611|#N/D
76092A|cf76092a|76092|TENORIOS, IZTAPALAPA|CIUDAD DE MÉXICO|A|FRANQUICIA|SAUCES|MZ 90|LT 11|TENORIOS|IZTAPALAPA|09680|CIUDAD DE MÉXICO|CALABAZAS|LA ERA|DE PINO|5591305823|#N/D
76098A|cf76098a|76098|SAN MIGUEL TOPILEJO 2, TLALPAN|CIUDAD DE MÉXICO|A|FRANQUICIA|JOSE MARIA MORELOS|36 BIS||SAN MIGUEL TOPILEJO|TLALPAN|14500|CIUDAD DE MÉXICO|CAMPO FLORIDO|JOSE MARIA MORELOS|MOCTEZUMA|5558335607|#N/D
76099A|cf76099a|76099|SAN PEDRO XALPA, AZCAPOTZALCO|CIUDAD DE MÉXICO|A|FRANQUICIA|SAN ISIDRO (EJE VIAL 3 NORTE)|588||SAN PEDRO XALPA|AZCAPOTZALCO|02710|CIUDAD DE MÉXICO|MORELOS|FRANCISCO I MADERO|HIDALGO|5552551562|#N/D
76178A|cf76178a|76178|BUENAVISTA 3, IZTAPALAPA|CIUDAD DE MÉXICO|A|FRANQUICIA|VILLA FRANQUEZA|MZ 26|LT 63|BUENAVISTA|IZTAPALAPA|09700|CIUDAD DE MÉXICO|ESQ. VIESCA|PRIMERA ORTEGA|0|5551296425|#N/D
76200A|cf76200a|76200|SAN MIGUEL 2, IZTAPALAPA|CIUDAD DE MÉXICO|A|FRANQUICIA|HIDALGO|458||SAN MIGUEL|IZTAPALAPA|09360|CIUDAD DE MÉXICO|MATEO DE LEON (GAVILAN)|JUSTO P. GONZALEZ (FAISAN)|ISIDRO CAMARA|5524863624|#N/D
76218A|cf76218a|76218|HUICHAPAN, XOCHIMILCO|CIUDAD DE MÉXICO|A|FRANQUICIA|MARTIRES DE RIO BLANCO|8||HUICHAPAN|XOCHIMILCO|16030|CIUDAD DE MÉXICO|14 DE JULIO|20 DE NOVIEMBRE|PLAN SEXENAL|5551616679|#N/D
76219A|cf76219a|76219|CARLOS HANK GONZALEZ 2, IZTAPALAPA|CIUDAD DE MÉXICO|A|FRANQUICIA|VICENTE SUAREZ|MZ 41|LT 33|CARLOS HANK GONZALEZ|IZTAPALAPA|09700|CIUDAD DE MÉXICO|CANAL DE SUEZ|VICENTE SUAREZ|JESUS MARIA|5558011078|#N/D
76221A|cf76221a|76221|SANTA MARTHA ACATITLA, IZTAPALAPA|CIUDAD DE MÉXICO|A|FRANQUICIA|EXPLORADORES DE ZARAGOZA|LT 22|MZ 19|SANTA MARTHA ACATITLA|IZTAPALAPA|09510|CIUDAD DE MÉXICO|MANUEL GANDARA|IGNACIO LOPEZ TARSO|REPUBLICA FEDERAL DEL SUR|5550859738|#N/D
7624A|cf0624a|7624|VILLA LAZARO CARDENAS 1, TLALPAN|CIUDAD DE MÉXICO|A|FRANQUICIA|ACOXPA|429||VILLA LAZARO CARDENAS|TLALPAN|14370|CIUDAD DE MÉXICO|CLUB DEPORTIVO TOLUCA|CLUB DEPORTIVO IRAPUATO|0|5556739508|#N/D
76286A|cf76286a|76286|SAN PABLO 3, IZTAPALAPA|CIUDAD DE MÉXICO|A|FRANQUICIA|CANUTILLO|MZ 22|LT 5|SAN PABLO|IZTAPALAPA|09648|CIUDAD DE MÉXICO|CAÑUELAS|MIRASOL|CAÑAMO|5559295001|#N/D
7635A|cf7635a|7635|RANCHO TEJOMULCO D.F.|CIUDAD DE MÉXICO|A|FRANQUICIA|XOCHIMILCO TULYEHUALCO|275||RANCHO TEJOMULCO|XOCHIMILCO|16429|CIUDAD DE MÉXICO|CISNE|AHUEHUETITLA|0|5521577145|#N/D
76402A|cf76402a|76402|SANTA ISABEL TOLA, GUSTAVO A. MADERO|CIUDAD DE MÉXICO|A|FRANQUICIA|MEZTLI|MZ 35|LT 407A|SANTA ISABEL TOLA|GUSTAVO A. MADERO|07010|CIUDAD DE MÉXICO|ESQ. XOCHIQUETZAL|HUITZILIHUITL|TLACOAPAN|5551604792|#N/D
76409A|cf76409a|76409|SANTA URSULA XITLA, TLALPAN|CIUDAD DE MÉXICO|A|FRANQUICIA|AHUALULCOS|MZ 1|LT 1|SANTA URSULA XITLA (PROLONGACION USCOVI)|TLALPAN|14420|CIUDAD DE MÉXICO|CALACOAYA|MIRADOR|0|5524869165|#N/D
76421A|cf76421a|76421|UNIDAD VICENTE GUERRERO, IZTAPALAPA|CIUDAD DE MÉXICO|A|FRANQUICIA|CAMPAÑA DEL EBANO|MZ 1|LT 36|UNIDAD VICENTE GUERRERO|IZTAPALAPA|09200|CIUDAD DE MÉXICO|COMBATE DE CELAYA|2 JOSE VICTORIA|1 JOSE VICTORIA|5556927929|#N/D
76437A|cf76437a|76437|ALCANTARILLA, ALVARO OBREGON|CIUDAD DE MÉXICO|A|FRANQUICIA|DESIERTO DE LOS LEONES|1417||ALCANTARILLA|ALVARO OBREGON|01729|CIUDAD DE MÉXICO|TOLUCA|OCOTILLOS|0|5591559169|#N/D
76462A|cf76462a|76462|EL ARBOL, ECATEPEC|CIUDAD DE MÉXICO|A|FRANQUICIA|JOSE MARIA MORELOS|47||EL ARBOL|ECATEPEC DE MORELOS|55027|ESTADO DE MÉXICO|TOLSTOI|MORELOS|MORELOS|5559274132|#N/D
7652A|cf0652a|7652|AZCAPOTZALCO, LOS REYES, D.F.|CIUDAD DE MÉXICO|A|FRANQUICIA|AZCAPOTZALCO|744||BARRIO LOS REYES|AZCAPOTZALCO|02010|CIUDAD DE MÉXICO|AV. CASTILLA|CAPILLA DE LOS REYES|0|5553536055|#N/D
7652B|cf7652b|7652|AZCAPOTZALCO, LOS REYES, D.F.|CIUDAD DE MÉXICO|B|FRANQUICIA|AZCAPOTZALCO|744||BARRIO LOS REYES|AZCAPOTZALCO|02010|CIUDAD DE MÉXICO|AV. CASTILLA|CAPILLA DE LOS REYES|0|5553536055|#N/D
76637A|cf76637a|76637|AMPLIACION NATIVITAS, XOCHIMILCO|CIUDAD DE MÉXICO|A|FRANQUICIA|A SANTA JULIA|72||AMPLIACION NATIVITAS|XOCHIMILCO|16459|CIUDAD DE MÉXICO|ESQ. CAMINO REAL A LA JOYA|LA JOYA|0|5589548689|#N/D
76646A|cf76646a|76646|SAN MIGUEL TOPILEJO 3, TLALPAN|CIUDAD DE MÉXICO|A|FRANQUICIA|CRUZ BLANCA|120||SAN MIGUEL TOPILEJO|TLALPAN|14500|CIUDAD DE MÉXICO|DE LAS TORRES|MIRADOR CHAPULTEPEC|0|5513153195|#N/D
76652A|cf76652a|76652|CHINAMPAC DE JUAREZ 1, IZTAPALAPA|CIUDAD DE MÉXICO|A|FRANQUICIA|1|628||CHINAMPAC DE JUAREZ|IZTAPALAPA|09208|CIUDAD DE MÉXICO|ESQ. 3 PTE|CLL. 4 PTE|CLL. 2|5571637970|#N/D
76662A|cf76662a|76662|CARLOS A. MADRAZO, ALVARO OBREGON|CIUDAD DE MÉXICO|A|FRANQUICIA|GOMEZ FARIAS|MZ 11|LT 5|CARLOS A. MADRAZO|ALVARO OBREGON|01320|CIUDAD DE MÉXICO|PROLONGACION PASEO|ANDADOR PUENTE RAFAEL|VASCO DE QUIROGA|5517172859|#N/D
76696A|cf76696a|76696|AGRICOLA METROPOLITANA, TLAHUAC|CIUDAD DE MÉXICO|A|FRANQUICIA|LA TURBA|MZ 31|LT 20|AGRICOLA METROPOLITANA|TLAHUAC|13280|CIUDAD DE MÉXICO|DON PASCUALE|BARBERO DE SEVILLA|JACOBO DE LIEJA|5522865296|#N/D
76794A|cf76794a|76794|HEROES DE PADIERNA 3, TLALPAN|CIUDAD DE MÉXICO|A|FRANQUICIA|PICACHO AJUSCO|925|LOCAL 3|HEROES DE PADIERNA|TLALPAN|14200|CIUDAD DE MÉXICO|TEYA|TELCHAC|MAXCANU|5589557186|#N/D
767A|cs0767a|767|TLACAMACA|CIUDAD DE MÉXICO|A|SUCURSAL|PONIENTE 112 |312 ||TLACAMACA |GUSTAVO A MADERO|07380|CIUDAD DE MÉXICO|NORTE 1-B|NORTE1-A||5557193452|#N/D
76837A|cf76837a|76837|SANTA CATARINA, COYOACAN|CIUDAD DE MÉXICO|A|FRANQUICIA|MIGUEL ANGEL DE QUEVEDO|354||SANTA CATARINA|COYOACAN|04010|CIUDAD DE MÉXICO|MIGUEL ANGEL DE QUEVEDO|IGNACIO ZARAGOZA|0|5515399116|#N/D
7685A|cf0685a|7685|LEYES DE REFORMA 1, IZTAPALAPA|CIUDAD DE MÉXICO|A|FRANQUICIA|BATALLA DE PASO DE OVEJAS|MZ. 92|LT. 976|LEYES DE REFORMA 1A SECCION|IZTAPALAPA|09310|CIUDAD DE MÉXICO|ESQ. AV. GUERRA DE REFORMA|0|0|5556409512|#N/D
76866A|cf76866a|76866|VALLE DE SAN LORENZO 2, IZTAPALAPA|CIUDAD DE MÉXICO|A|FRANQUICIA|1RA PRIVADA SAN ANTONIO|28||VALLE DE SAN LORENZO|IZTAPALAPA|09970|CIUDAD DE MÉXICO|ESQ. SAN ANTONIO|LAS TORRES|ADOLFO RUIZ CORTINEZ|5558593926|#N/D
7689A|cf7689a|7689|ZAPOTITLA 1, TLAHUAC|CIUDAD DE MÉXICO|A|FRANQUICIA|HORACIO SOBARZO||MZ. 1 LT. 6|ZAPOTITLA|TLAHUAC|13310|CIUDAD DE MÉXICO|ESQ. CECILIO ACOSTA|EDUARDO ACEVEDO|SALVADOR DIAZ MIRON|5551260341|#N/D
76923A|cf76923a|76923|ANGEL ZIMBRON, AZCAPOTZALCO|CIUDAD DE MÉXICO|A|FRANQUICIA|EJE VIAL 2 NORTE INVIERNO (JOSE F. GUTIERREZ)|260 (272)||ANGEL ZIMBRON|AZCAPOTZALCO|02099|CIUDAD DE MÉXICO|AQUILES SERDAN|JOSE F. GUTIERREZ|OTOÑO|5555277751|#N/D
76942A|cf76942a|76942|EJERCITO DE AGUA PRIETA 2, IZTAPALAPA|CIUDAD DE MÉXICO|A|FRANQUICIA|FUERTE DE LORETO|MZ 43| LT 26|EJERCITO DE AGUA PRIETA|IZTAPALAPA|09578|CIUDAD DE MÉXICO|AGUSTIN BOTELLO|AGUSTIN BOTELLO|0|5593726133|#N/D
76950A|cf76950a|76950|LA MALINCHE, GUSTAVO A. MADERO|CIUDAD DE MÉXICO|A|FRANQUICIA|ORIENTE 81|4315||LA MALINCHE|GUSTAVO A MADERO|07899|CIUDAD DE MÉXICO|NORTE 86 A|NORTE 84|CIRCUITO INTERIOR|5557608499|#N/D
77008A|cf77008a|77008|PARRES EL GUARDA, TLALPAN|CIUDAD DE MÉXICO|A|FRANQUICIA|MORELOS|12||PARRES EL GUARDA|TLALPAN|14900|CIUDAD DE MÉXICO|ALLENDE|MIGUEL HIDALGO|GUERRERO|5528396935|#N/D
77010A|cf77010a|77010|TORIELLO GUERRA 2, TLALPAN|CIUDAD DE MÉXICO|A|FRANQUICIA|DE TLALPAN|4456|LOCALES 1 Y 2|TORIELLO GUERRA|TLALPAN|14050|CIUDAD DE MÉXICO|ANILLO PERIFERICO|HUIPULCO|CAMINO REAL|5511049690|#N/D
77020A|cf77020a|77020|GUADALUPE INN, ALVARO OBREGON|CIUDAD DE MÉXICO|A|FRANQUICIA|INSURGENTES SUR|1783||GUADALUPE INN|ALVARO OBREGON|01020|CIUDAD DE MÉXICO|SU SANTIDAD JUAN PABLO II|ERNESTO ELORDOY|ALFONSO ESPARZA OTEO|5556621601|#N/D
77169A|cf77169a|77169|EL PARAISO 2, IZTAPALAPA|CIUDAD DE MÉXICO|A|FRANQUICIA|QUETZAL|MZ. 118|LT. 17|EL PARAISO|IZTAPALAPA|09230|CIUDAD DE MÉXICO|ESQ. REYNA XOCHITL|TOPILTZIN|XOCHITL|5595335585|#N/D
7721A|cf7721a|7721|MIXCOAC 1, BENITO JUAREZ|CIUDAD DE MÉXICO|A|FRANQUICIA|TIZIANO|11|LOCAL B|MIXCOAC|BENITO JUAREZ|03910|CIUDAD DE MÉXICO|AV. REVOLUCION|MIGUEL ANGEL|0|5515180142|#N/D
77278A|cf77278a|77278|SANTA ANA TLACOTENCO, MILPA ALTA|CIUDAD DE MÉXICO|A|FRANQUICIA|ALVARO OBREGON|S/N||SAN JOSE STA ANA TLACOTENCO|MILPA ALTA|12940|CIUDAD DE MÉXICO|ESQ. CORREGIDORA|BENITO JUAREZ|IGNACIO ZARAGOZA|5558445528|#N/D
7759A|cf7759a|7759|SANTA CRUZ MEYEHUALCO 4, IZTAPALAPA|CIUDAD DE MÉXICO|A|FRANQUICIA|ERMITA IZTAPALAPA|MZ. 19|LT. 6|SANTA CRUZ MEYEHUALCO|IZTAPALAPA|09700|CIUDAD DE MÉXICO|MARIANO MATAMOROS|JUSTO SIERRA|JAVIER MINA|5515461176|#N/D
7777A|cf7777a|7777|BUENAVISTA 1 IZTAPALAPA|CIUDAD DE MÉXICO|A|FRANQUICIA|POZOS|MZ. 1|LT. 8|BUENAVISTA|IZTAPALAPA|09700|CIUDAD DE MÉXICO|ESQ. MINE PLANTE|0|0|5512729089|#N/D
7779A|cf7779a|7779|AGRICOLA PANTITLAN 2, IZTACALCO|CIUDAD DE MÉXICO|A|FRANQUICIA|4|81||AGRICOLA PANTITLAN|IZTACALCO|08100|CIUDAD DE MÉXICO|PUEBLA|CDA. BOLAÑOS|CALLE 5|5551125699|#N/D
7780A|cf7780a|7780|GERTRUDIS SANCHEZ 1, GUSTAVO A. M.|CIUDAD DE MÉXICO|A|FRANQUICIA|HENRY FORD (NORTE 84)|5634||GERTRUDIS SANCHEZ 3A SECCIÓN (GERTRUDIS SANCHEZ 2A SECCIÓN)|GUSTAVO A MADERO|07838|CIUDAD DE MÉXICO|NORTE 82 B|NORTE 84|0|5526035628|#N/D
7823A|cf7823a|7823|LA POLVORILLA 1, IZTAPALAPA|CIUDAD DE MÉXICO|A|FRANQUICIA|PLAYA CONDESA|MZ. 25|LT. 82|LA POLVORILLA|IZTAPALAPA|09750|CIUDAD DE MÉXICO|ATLIXCO|PUERTO MARQUES|PLAYA COPACABANA|5550340671|#N/D
784A|cs0784a|784|CENTRO 6|CIUDAD DE MÉXICO|A|SUCURSAL|REGINA |51 |A|CENTRO |CUAUHTEMOC|06080|CIUDAD DE MÉXICO|5 DE FEBRERO|ISABEL LA CATOLICA|SAN JERONIMO|5557091302|#N/D
7860A|cf7860a|7860|PEDREGAL DE STO DOMINGO 1, COYOACAN|CIUDAD DE MÉXICO|A|FRANQUICIA|ANACAHUITA|264||PEDREGAL DE SANTO DOMINGO|COYOACAN|04369|CIUDAD DE MÉXICO|ESCUINAPA|COYAMEL|JIUMATE|5550886816|#N/D
787A|cs0787a|787|TLALPAN 5|CIUDAD DE MÉXICO|A|SUCURSAL|TLALPAN |1265 |LC C|SAN SIMON TICUMAC |BENITO JUAREZ|03660|CIUDAD DE MÉXICO|CALZ. SANTA CRUZ|LIBERTAD||5552434624|#N/D
788A|cs0788a|788|CASAS ALEMAN 2|CIUDAD DE MÉXICO|A|SUCURSAL|PUERTO VERACRUZ |9 ||CASAS ALEMAN |GUSTAVO A MADERO|07580|CIUDAD DE MÉXICO|SAN JUAN DE ARAGON|ESQUINA SAN JUAN ARAGON||5557377365|#N/D
78A|cs0078a|78|CENTRO 2|CIUDAD DE MÉXICO|A|SUCURSAL|5 DE FEBRERO |17 ||CENTRO |CUAUHTEMOC|06060|CIUDAD DE MÉXICO|VENUSTIANO CARRANZA|REPUBLICA DE URUGUAY||5555182772|#N/D
78B|cs0078b|78|CENTRO 2|CIUDAD DE MÉXICO|B|SUCURSAL|5 DE FEBRERO |17 ||CENTRO |CUAUHTEMOC|06060|CIUDAD DE MÉXICO|VENUSTIANO CARRANZA|REPUBLICA DE URUGUAY||5555182772|#N/D
7960A|cf7960a|7960|MIGUEL HIDALGO 1A SECCION 1, TLALPAN|CIUDAD DE MÉXICO|A|FRANQUICIA|JOSE MARIA MESTER|52||MIGUEL HIDALGO 1A SECCION|TLALPAN|14260|CIUDAD DE MÉXICO|EMILIANO ZAPATA|PROGRESO|0|5556235949|#N/D
7976A|cf7976a|7976|LOMAS DE SAN LORENZO 1, IZTAPALAPA|CIUDAD DE MÉXICO|A|FRANQUICIA|3|MZ. 3 LT.  20 Z|SECC. 1A|LOMAS DE SAN LORENZO|IZTAPALAPA|09780|CIUDAD DE MÉXICO|FLOR DE CAMELIA|PALMILLAS|0|5558409745|#N/D
797A|cs0797a|797|MOCTEZUMA 2|CIUDAD DE MÉXICO|A|SUCURSAL|ORIENTE 164 |237 ||MOCTEZUMA 2A SECCION |VENUSTIANO CARRANZA|15530|CIUDAD DE MÉXICO|NORTE 25|NORTE 21 A||5526433392|#N/D
7996A|cf7996a|7996|MERCED GOMEZ 1, ALVARO OBREGON|CIUDAD DE MÉXICO|A|FRANQUICIA|CENTENARIO|348|LOCALES C Y D|MERCED GOMEZ|ALVARO OBREGON|01600|CIUDAD DE MÉXICO|ESQ. MEJIA DELGADO|SANTA FE MILPA ALTA|5 DE MAYO|5556160418|#N/D
842A|cs0842a|842|CORUÑA 2|CIUDAD DE MÉXICO|A|SUCURSAL|DE TLALPAN |498 |LC A|VIADUCTO PIEDAD |IZTACALCO|08200|CIUDAD DE MÉXICO|CORUÑA|SANTA ANITA||5555197701|#N/D
843A|cs0843a|843|CENTRO 9|CIUDAD DE MÉXICO|A|SUCURSAL|JOSE MARIA IZAZAGA |50 ||CENTRO DE LA CIUDAD DE MEXICO AREA 8 |CUAUHTEMOC|06080|CIUDAD DE MÉXICO|BOLIVAR|ISABEL LA CATOLICA||5557099861|#N/D
845A|cs0845a|845|ASTURIAS|CIUDAD DE MÉXICO|A|SUCURSAL|CHABACANO |65 |LC 1 Y 2|ASTURIAS |CUAUHTEMOC|06850|CIUDAD DE MÉXICO|JOSE A. TORRES|JOSE SOTERO CASTAÑEDA||5557409824|#N/D
868A|cs0868a|868|SANTA MARTHA 3|CIUDAD DE MÉXICO|A|SUCURSAL|IGNACIO ZARAGOZA |3254 |B-11|SANTA MARTHA ACATITLA NORTE |IZTAPALAPA|09140|CIUDAD DE MÉXICO|PROLONGACION OCTAVIO PAZ|JESUS DIAZ CARRILLO||5515524211|#N/D
869A|cs0869a|869|IZTAPALAPA 6|CIUDAD DE MÉXICO|A|SUCURSAL|IGNACIO ZARAGOZA |2613 ||SANTA MARTHA ACATITLA SUR |IZTAPALAPA|09530|CIUDAD DE MÉXICO|LUIS JASSO|REPUBLICA FEDERAL DEL SUR||5526333048|#N/D
870A|cs0870a|870|CIRCUNVALACION 2|CIUDAD DE MÉXICO|A|SUCURSAL|ANILLO DE CIRCUNVALACION |1009 |LC A|CENTRO DE LA CIUDAD DE MEXICO AREA 9 |CUAUHTEMOC|06090|CIUDAD DE MÉXICO|FRAY SERVANDO Y TERESA DE MIER|PUENTE DE SANTO TOMAS||5555425064|#N/D
873A|cs0873a|873|TACUBA 3|CIUDAD DE MÉXICO|A|SUCURSAL|GOLFO DE CALIFORNIA |6 |LC 3|TACUBA |MIGUEL HIDALGO|11410|CIUDAD DE MÉXICO|MAR NEGRO|MEXICO TAC|GOLFO DE CAMPECHE|5591555773|#N/D
88A|cs0088a|88|XOCHIMILCO 1|CIUDAD DE MÉXICO|A|SUCURSAL|AHUEHUETES |10 |LC B Y C|EL ROSARIO |XOCHIMILCO|16070|CIUDAD DE MÉXICO|AHUEHUETES|MIGUEL HIDALGO||5556761986|#N/D
95A|cs0095a|95|CIRCUNVALACION 1|CIUDAD DE MÉXICO|A|SUCURSAL|BERRIOZABAL |34 |LOC. B-C-D-E|MORELOS |CUAUHTEMOC|06200|CIUDAD DE MÉXICO|ESQ. VIDAL ALCOCER|||5557045179|#N/D
98A|cs0098a|98|MOCTEZUMA 1|CIUDAD DE MÉXICO|A|SUCURSAL|ORIENTE 148 |82 ||MOCTEZUMA |VENUSTIANO CARRANZA|15530|CIUDAD DE MÉXICO|IZTACCIHUATL|EMILIANO CARRANZA||5557627387|#N/D
FC0054A|cfc0054a|FC0054|SAN MATEO XALPA 1, XOCHIMILCO|CIUDAD DE MÉXICO|A|FRANQUICIA|MIGUEL HIDALGO|22||SAN MATEO XALPA|XOCHIMILCO|16800|CIUDAD DE MÉXICO|ESQ. 12 DE OCTUBRE|0|0|5521565794|#N/D
FC0089A|cfc0089a|FC0089|PORTALES SUR 1, BENITO JUAREZ|CIUDAD DE MÉXICO|A|FRANQUICIA|POPOCATEPETL|153-A|LOCAL C|PORTALES SUR|BENITO JUAREZ|03300|CIUDAD DE MÉXICO|ESQ. EJE CENTRAL LAZARO|0|0|5556016771|#N/D
FC0258A|cfc0258a|FC0258|TIERRA NUEVA 1, AZCAPOTZALCO|CIUDAD DE MÉXICO|A|FRANQUICIA|PUENTE DE GUERRA|2|LOCAL 1|TIERRA NUEVA|AZCAPOTZALCO|02130|CIUDAD DE MÉXICO|AV AQUILES SERDAN|TIERRA FRIA|0|5526263163|#N/D
FC0268A|cfc0268a|FC0268|SAN BERNABE OCOTEPEC 1, D. F.|CIUDAD DE MÉXICO|A|FRANQUICIA|ALVARO OBREGON|8|A|SAN BERNABE OCOTEPEC|LA MAGDALENA CONTRERAS|10300|CIUDAD DE MÉXICO|EMILIANO ZAPATA|CDA. ALVARO OBREGON|0|5554250578|#N/D
FC0282A|cfc0282a|FC0282|SAN ANDRES TOTOLTEPEC 1|CIUDAD DE MÉXICO|A|FRANQUICIA|REFORMA||18|SAN ANDRES TOTOLTEPEC|TLALPAN|14400|CIUDAD DE MÉXICO|5 DE MAYO|5 DE FEBRERO|0|5515390251|#N/D
FC0283A|cfc0283a|FC0283|CULHUACAN PUEBLO|CIUDAD DE MÉXICO|A|FRANQUICIA|TLAHUAC|1616|A|PUEBLO CULHUACAN|IZTAPALAPA|09800|CIUDAD DE MÉXICO|MORELOS|AGUSTIN DE ITURBIDE|0|5556080391|#N/D
FC0325A|cfc0325a|FC0325|ACOXPA|CIUDAD DE MÉXICO|A|FRANQUICIA|LA GARITA (EL LINDERO)|2|LOCAL E|NARCISO MENDOZA|TLALPAN|14390|CIUDAD DE MÉXICO|EL LINDERO|CALZ. ACOXPA|0|5526524096|#N/D
FC0346A|cfc0346a|FC0346|IZTAPALAPA 2|CIUDAD DE MÉXICO|A|FRANQUICIA|DEL ROSAL|MZ. 5|LT. 24|LOS ANGELES|IZTAPALAPA|09830|CIUDAD DE MÉXICO|ESQ. BUGAMBILIA|0|0|5556123724|#N/D
FC0347A|cfc0347a|FC0347|LA ESTACION 1, TLAHUAC|CIUDAD DE MÉXICO|A|FRANQUICIA|SAN RAFAEL ATLIXCO|MZ. 29|LT. 3|LA ESTACION|TLAHUAC|13319|CIUDAD DE MÉXICO|ESQ. CDA. SAN RAFAEL ATLIXCO|0|0|5512723591|#N/D
FC0369A|cfc0369a|FC0369|PENSIL 1, MIGUEL HIDALGO|CIUDAD DE MÉXICO|A|FRANQUICIA|LAGO NAUR|57|C|PENSIL NORTE|MIGUEL HIDALGO|11430|CIUDAD DE MÉXICO|LAGO WETTER|DANIEL CABRERA|0|5552550827|#N/D
FC0369B|cfc0369b|FC0369|PENSIL 1, MIGUEL HIDALGO|CIUDAD DE MÉXICO|B|FRANQUICIA|LAGO NAUR|57|C|PENSIL NORTE|MIGUEL HIDALGO|11430|CIUDAD DE MÉXICO|LAGO WETTER|DANIEL CABRERA|0|5552550827|#N/D
FC0399A|cfc0399a|FC0399|PEDREGAL DE CARRASCO|CIUDAD DE MÉXICO|A|FRANQUICIA|CENTRO URBANO ED. E-9|19||PEDREGAL DE CARRASCO|COYOACAN|04700|CIUDAD DE MÉXICO|AV. PANAMERICANA|AV. PANAMERICANA|0|5556657539|#N/D
FC0411A|cfc0411a|FC0411|CRISTO REY 1, ALVARO OBREGON|CIUDAD DE MÉXICO|A|FRANQUICIA|ROQUE VELASCO CERON (JAVIER MARTINEZ VALLE)|4|LOCAL G|CRISTO REY|ALVARO OBREGON|01150|CIUDAD DE MÉXICO|JAVIER MARTINEZ|CAMINO REAL A TOLUCA|ROQUE VELASCO CERON|5521213704|#N/D
FC0548A|cfc0548a|FC0548|HIDALGO - TLALPAN D.F.|CIUDAD DE MÉXICO|A|FRANQUICIA|AYUNTAMIENTO|24||MIGUEL HIDALGO 1A SECCION|TLALPAN|14260|CIUDAD DE MÉXICO|ESQ. JOAQUIN ROMO|CDA. DE AYUNTAMIENTO|0|5556062746|#N/D
FC0571A|cfc0571a|FC0571|SAN JUAN DE ARAGON III SECCION 1|CIUDAD DE MÉXICO|A|FRANQUICIA|604|37||SAN JUAN DE ARAGON III SECCION|GUSTAVO A MADERO|07970|CIUDAD DE MÉXICO|CALLE 595|CALLE 597|0|5557995693|#N/D
FC0581A|cfc0581a|FC0581|SAN JUAN XALPA 1.|CIUDAD DE MÉXICO|A|FRANQUICIA|11|39|LOCAL A BIS|SAN JUAN XALPA|IZTAPALAPA|09850|CIUDAD DE MÉXICO|NAUTLA|MEMBRILLO|0|5559705411|#N/D
FC0586A|cfc0586a|FC0586|MIGUEL HIDALGO 1, TLAHUAC|CIUDAD DE MÉXICO|A|FRANQUICIA|CANAL DE LA TURBA|912||MIGUEL HIDALGO|TLAHUAC|13200|CIUDAD DE MÉXICO|ESQUINA MACBETH|0|0|5513127403|#N/D
FC0595A|cfc0595a|FC0595|CORPUS CHRISTY D.F.|CIUDAD DE MÉXICO|A|FRANQUICIA|TAMAULIPAS|1276||CORPUS CHRISTY|ALVARO OBREGON|01530|CIUDAD DE MÉXICO|SAN LUIS|SANTA ANITA|0|5588489717|#N/D
FC0595B|cfc0595b|FC0595|CORPUS CHRISTY D.F.|CIUDAD DE MÉXICO|B|FRANQUICIA|TAMAULIPAS|1276||CORPUS CHRISTY|ALVARO OBREGON|01530|CIUDAD DE MÉXICO|SAN LUIS|SANTA ANITA|0|5588489717|#N/D
FC0671A|cfc0671a|FC0671|IZTAPALAPA 6|CIUDAD DE MÉXICO|A|FRANQUICIA|SAN FELIPE DE JESUS|10 PB|1|SAN MIGUEL|IZTAPALAPA|09360|CIUDAD DE MÉXICO|ERMITA IZTAPALAPA|MIGUEL HIDALGO|0|5556145945|#N/D
FC0684A|cfc0684a|FC0684|CUAUTEPEC 3, GUSTAVO A. MADERO|CIUDAD DE MÉXICO|A|FRANQUICIA|GUADALUPE VICTORIA|46||CUAUTEPEC DE MADERO|GUSTAVO A MADERO|07200|CIUDAD DE MÉXICO|BENITO JUAREZ|FRANCISCO VILLA|0|5522277169|#N/D
FC0691A|cfc0691a|FC0691|PROGRESO TIZAPAN 1, ALVARO OBREGON|CIUDAD DE MÉXICO|A|FRANQUICIA|QUERETARO|81||PROGRESO TIZAPAN|ALVARO OBREGON|01080|CIUDAD DE MÉXICO|JALAPA|OLIVAR|0|5556837622|#N/D
FC0694A|cfc0694a|FC0694|NUEVA VALLEJO|CIUDAD DE MÉXICO|A|FRANQUICIA|NORTE 23 A|66||NUEVA VALLEJO|GUSTAVO A MADERO|07750|CIUDAD DE MÉXICO|PONIENTE 134|PONIENTE 140|0|5589544675|#N/D
FC0721A|cfc0721a|FC0721|SANTA CRUZ MEYEHUALCO 3|CIUDAD DE MÉXICO|A|FRANQUICIA|VILLA BRAZ|MZ. 23|LT. 7|DESARROLLO URBANO QUETZALCOATL|IZTAPALAPA|09700|CIUDAD DE MÉXICO|VILLA DIEGO|VILLA CONSISTORIOS|0|5515465707|#N/D
FC0744A|cfc0744a|FC0744|NONOALCO TLALTELOLCO 1, CUAUHTEMOC|CIUDAD DE MÉXICO|A|FRANQUICIA|LERDO|284|LOCAL 11|NONOALCO TLATELOLCO|CUAUHTEMOC|06900|CIUDAD DE MÉXICO|RICARDO FLORES MAGON|MANUEL GONZALEZ|EJE 1 PONIENTE GUERRERO|5557826230|#N/D
FC0778A|cfc0778a|FC0778|SINATEL 1, IZTAPALAPA|CIUDAD DE MÉXICO|A|FRANQUICIA|ORIENTE 172|454||SINATEL|IZTAPALAPA|09470|CIUDAD DE MÉXICO|SUR 73-A|SUR 73-B|ORIENTE 172|5556725146|#N/D
FC0864A|cfc0864a|FC0864|OBRERO POPULAR.|CIUDAD DE MÉXICO|A|FRANQUICIA|PONIENTE 58 (CLL. NORTE 73)|3105|LOCAL A|OBRERO POPULAR|AZCAPOTZALCO|02840|CIUDAD DE MÉXICO|NORTE 73|NORTE 71|0|5553415453|#N/D
FC0949A|cfc0949a|FC0949|AGRICOLA PANTITLAN 3.|CIUDAD DE MÉXICO|A|FRANQUICIA|IGNACIO ZARAGOZA|1238|LOCAL 18|AGRICOLA PANTITLAN|IZTACALCO|08100|CIUDAD DE MÉXICO|ESQ. CALLE 7|CALLE 6|PUEBLA|5522356929|#N/D
FC0957A|cfc0957a|FC0957|IZTAPALAPA 9|CIUDAD DE MÉXICO|A|FRANQUICIA|SAMUEL GOMPERS|172|1|JACARANDAS|IZTAPALAPA|09280|CIUDAD DE MÉXICO|ESQ. CLL. 3 CASIMIRO DEL VALLE|0|0|5515465292|#N/D
FC0957B|cfc0957b|FC0957|IZTAPALAPA 9|CIUDAD DE MÉXICO|B|FRANQUICIA|SAMUEL GOMPERS|172|1|JACARANDAS|IZTAPALAPA|09280|CIUDAD DE MÉXICO|ESQ. CLL. 3 CASIMIRO DEL VALLE|0|0|5515465292|#N/D
FC0995A|CFC0995A|FC0995|ISIDRO FABELA 1, TLALPAN|CIUDAD DE MÉXICO|A|FRANQUICIA|PONIENTE 2|87||ISIDRO FABELA|TLALPAN|14030|CIUDAD DE MÉXICO|ESQ. NORTE 1|0|0|5555288892|#N/D
FC1012A|cfc1012a|FC1012|PERALVILLO 1, CUAUHTEMOC|CIUDAD DE MÉXICO|A|FRANQUICIA|EJE CENTRAL LAZARO CARDENAS|95|N/A|PERALVILLO|CUAUHTEMOC|06220|CIUDAD DE MÉXICO|FRANZ LISZT|FELIPE VILLANUEVA|JUAN SEBASTIAN BACH|5591026895|#N/D
FC1016A|cfc1016a|FC1016|SANTA FE 2, ALVARO OBREGON|CIUDAD DE MÉXICO|A|FRANQUICIA|VASCO DE QUIROGA|1697||SANTA FE|ALVARO OBREGON|01210|CIUDAD DE MÉXICO|ESQ. HIDALGO|CERRADA DE FRESNO|PRIMAVERA|5521670239|#N/D
FC1035A|cfc1035a|FC1035|CALZADA DE LA VIRGEN 1|CIUDAD DE MÉXICO|A|FRANQUICIA|DE LA VIRGEN|MZ. 25|LT. 4|CARMEN SERDAN|COYOACAN|04910|CIUDAD DE MÉXICO|MARIA TERVEL|MA. TOMASA ESTEVEZ|0|5556954945|#N/D
FC1047A|cfc1047a|FC1047|LINDAVISTA 3, GUSTAVO A. MADERO|CIUDAD DE MÉXICO|A|FRANQUICIA|POLITECNICO NACIONAL|1833||LINDAVISTA|GUSTAVO A MADERO|07300|CIUDAD DE MÉXICO|ESQ. QUITO|MANIZALES|BUENAVISTA|5559100713|#N/D
FC1102A|cfc1102a|FC1102|PEDREGAL SANTO DOMINGO 3|CIUDAD DE MÉXICO|A|FRANQUICIA|AHUANUSCO|3|LOCAL 3|PEDREGAL DE SANTO DOMINGO|COYOACAN|04369|CIUDAD DE MÉXICO|ANACAHUITA|MOLACACHON|0|5515173913|#N/D
FC1178A|cfc1178a|FC1178|IZTAPALAPA 13|CIUDAD DE MÉXICO|A|FRANQUICIA|VILLA FRANQUEZA (CLL. VILLA BA)|MZ. A|LT. 59 LOCAL 1|DESARROLLO URBANO QUETZALCOATL|IZTAPALAPA|09700|CIUDAD DE MÉXICO|ESQ. VILLA GERIS|VICENTE GONZALO|0|5554288879|#N/D
FC1192A|cfc1192a|FC1192|DEL VALLE CENTRO 2|CIUDAD DE MÉXICO|A|FRANQUICIA|JOSE MARIA RICO|137||DEL VALLE CENTRO|BENITO JUAREZ|03100|CIUDAD DE MÉXICO|BUFALO|SAN FRANCISCO|0|5555248111|#N/D
FC1217A|cfc1217a|FC1217|LOMAS DE ZARAGOZA 1, IZTAPALAPA|CIUDAD DE MÉXICO|A|FRANQUICIA|FELIPE ANGELES|MZ. 13|LT.3|LOMAS DE ZARAGOZA|IZTAPALAPA|09620|CIUDAD DE MÉXICO|ESQ. REAL DEL MONTE.|0|0|5571592325|#N/D
FC1262A|cfc1262a|FC1262|LA CONCHITA ZAPOTITLAN 1, TLAHUAC|CIUDAD DE MÉXICO|A|FRANQUICIA|FRANCISCO JIMENEZ|2||LA CONCHITA ZAPOTITLAN|TLAHUAC|13360|CIUDAD DE MÉXICO|AV. TLAHUAC|AGUSTIN CAMARENA|0|5513128133|#N/D
FC1289A|cfc1289a|FC1289|LOS CIPRESES 1.|CIUDAD DE MÉXICO|A|FRANQUICIA|TLAHUAC|1||LOS CIPRESES|IZTAPALAPA|09810|CIUDAD DE MÉXICO|ERMITA IZTAPALAPA|COSECHADORES|SUR 129|5554458727|#N/D
FC1345A|cfc1345a|FC1345|SAN PEDRO DE LOS PINOS|CIUDAD DE MÉXICO|A|FRANQUICIA|7|67||SAN PEDRO DE LOS PINOS|BENITO JUAREZ|03800|CIUDAD DE MÉXICO|AV. 1|AV. 2|0|5555169806|#N/D
FC1346A|cfc1346a|FC1346|IZTAPALAPA 3|CIUDAD DE MÉXICO|A|FRANQUICIA|OAXACA|1||SAN SEBASTIAN TECOLOXTITLA|IZTAPALAPA|09520|CIUDAD DE MÉXICO|ESQUINA YUCATAN|0|0|5593794747|#N/D
FC1355A|cfc1355a|FC1355|20 DE NOVIEMBRE|CIUDAD DE MÉXICO|A|FRANQUICIA|CANAL DEL NORTE|427|LOCAL D|20 DE NOVIEMBRE|VENUSTIANO CARRANZA|15300|CIUDAD DE MÉXICO|ESQUINA GRABADOS|0|0|5591305075|#N/D
FC1360A|cfc1360a|FC1360|NUEVA SANTA MARIA|CIUDAD DE MÉXICO|A|FRANQUICIA|MEMBRILLO|180|LOCAL 4|NUEVA SANTA MARIA|AZCAPOTZALCO|02800|CIUDAD DE MÉXICO|CLAVELINAS|BEGONIAS|0|5555565669|#N/D
FC1373A|cfc1373a|FC1373|MERCED GOMEZ 2, ALVARO OBREGON|CIUDAD DE MÉXICO|A|FRANQUICIA|DR. FRANCISCO DE P. MIRANDA|163||MERCED GOMEZ|ALVARO OBREGON|01600|CIUDAD DE MÉXICO|CUAJIMALPA|CIRCUITO UNO|0|5555930288|#N/D
FC1381A|cfc1381a|FC1381|REFORMA IZTACCIHUALT NORTE|CIUDAD DE MÉXICO|A|FRANQUICIA|PLAYA ROQUETA|76||REFORMA IZTACCIHUATL NORTE|IZTACALCO|08810|CIUDAD DE MÉXICO|PLAYA AZUL|0|0|5555790280|#N/D
FC1382A|cfc1382a|FC1382|LA PASTORA, D.F.|CIUDAD DE MÉXICO|A|FRANQUICIA|JOHN F. KENNEDY|13|LOCAL 1|LA PASTORA|GUSTAVO A MADERO|07290|CIUDAD DE MÉXICO|AV. CUAUTEPEC|CDA. JONH F KENNEDY|0|5591731087|#N/D
FC1383A|cfc1383a|FC1383|CAMINO A SANTA FE, ALVARO OBREGON|CIUDAD DE MÉXICO|A|FRANQUICIA|A SANTA FE|485||MARIA G DE GARCIA RUIZ|ALVARO OBREGON|01160|CIUDAD DE MÉXICO|ESQ. ARGENTINOS|URUGUAYOS|MEXICANOS|5552722698|#N/D
FC1408A|cfc1408a|FC1408|POPOTLA 1.|CIUDAD DE MÉXICO|A|FRANQUICIA|MEXICO TACUBA|411||POPOTLA|MIGUEL HIDALGO|11400|CIUDAD DE MÉXICO|MAR ARAFURA|MAR DE JAVA|MAR MEDITERRANEO|5563870390|#N/D
FC1411A|cfc1411a|FC1411|AV. SANTIAGO 1|CIUDAD DE MÉXICO|A|FRANQUICIA|SANTIAGO|241||SAN PEDRO|IZTACALCO|08220|CIUDAD DE MÉXICO|AMACUZAC|PLAYA CAREYES|0|5591803301|#N/D
FC1423A|cfc1423a|FC1423|SAN PEDRO ZACATENCO, G.A.M.|CIUDAD DE MÉXICO|A|FRANQUICIA|MANIZALES|1552||SAN PEDRO ZACATENCO|GUSTAVO A MADERO|07360|CIUDAD DE MÉXICO|PINAR DEL RIO|LA RIOJA|MATAGALPA|5555209187|#N/D
FC1455A|cfc1455a|FC1455|ANAHUAC I SECCION 1, MIGUEL HIDALGO|CIUDAD DE MÉXICO|A|FRANQUICIA|LAGUNA DE GUZMAN|96|LOCAL C|ANAHUAC I SECCION|MIGUEL HIDALGO|11320|CIUDAD DE MÉXICO|ESQ. LAGUNA DE TERMINOS|0|0|5552602288|#N/D
FC1593A|cfc1593a|FC1593|AV. SAN JERONIMO 1|CIUDAD DE MÉXICO|A|FRANQUICIA|SAN JERONIMO|1||EL ROSAL|LA MAGDALENA CONTRERAS|10600|CIUDAD DE MÉXICO|PAPALOTECA|PRIMERA DEL DESIERTO|0|5515206085|#N/D
FC1706A|cfc1706a|FC1706|TABACALERA 1, CUAUHTEMOC|CIUDAD DE MÉXICO|A|FRANQUICIA|PUENTE DE ALVARADO|78|N/A|TABACALERA|CUAUHTEMOC|06030|CIUDAD DE MÉXICO|IGNACIO ARRIAGA|JOSE MARIA IGLESIAS|IGNACIO MARISCAL|5555354607|#N/D
FC1716A|cfc1716a|FC1716|CANDELARIA 1, COYOACAN|CIUDAD DE MÉXICO|A|FRANQUICIA|SANTA CRUZ|175||LA CANDELARIA|COYOACAN|04380|CIUDAD DE MÉXICO|CERRADA SANTA CRUZ|PANTEON|0|5554214897|#N/D
FC1746A|cfc1746a|FC1746|CAMPESTRE POTRERO|CIUDAD DE MÉXICO|A|FRANQUICIA|ALAMOS|MZ. 11|LT. 109|CAMPESTRE POTRERO|IZTAPALAPA|09637|CIUDAD DE MÉXICO|ESQUINA PINO|0|0|5524833647|#N/D
FC2030A|cfc2030a|FC2030|DEL VALLE CENTRO 3|CIUDAD DE MÉXICO|A|FRANQUICIA|MATIAS ROMERO|1236|LOCAL 3|DEL VALLE CENTRO|BENITO JUAREZ|03100|CIUDAD DE MÉXICO|MATIAS ROMERO|PITAGORAS|0|5556012068|#N/D
FC2117A|cfc2117a|FC2117|TLALCOLIGIA 1, TLALPAN|CIUDAD DE MÉXICO|A|FRANQUICIA|OTOMIES|MZ. 4|LT. 3|TLALCOLIGIA|TLALPAN|14430|CIUDAD DE MÉXICO|ESQ. CEMPOALTECAS|0|0|5554851497|#N/D
FC2147A|cfc2147a|FC2147|MOLINO DE ROSAS 1, ALVARO OBREGON|CIUDAD DE MÉXICO|A|FRANQUICIA|ROSA BLANCA|110||MOLINO DE ROSAS|ALVARO OBREGON|01470|CIUDAD DE MÉXICO|ROSA DE CASTILLA|AVENIDA DEL ROSAL|0|5556603572|#N/D
FC2147B|cfc2147b|FC2147|MOLINO DE ROSAS 1, ALVARO OBREGON|CIUDAD DE MÉXICO|B|FRANQUICIA|ROSA BLANCA|110||MOLINO DE ROSAS|ALVARO OBREGON|01470|CIUDAD DE MÉXICO|ROSA DE CASTILLA|AVENIDA DEL ROSAL|0|5556603572|#N/D
FC2238A|cfc2238a|FC2238|ARAGON INGUARAN|CIUDAD DE MÉXICO|A|FRANQUICIA|LA VICTORIA OTE. (CLL. PATAMBAN)|6003|LOCAL B|ARAGON INGUARAN|GUSTAVO A MADERO|07820|CIUDAD DE MÉXICO|ESQ. VICTORIA ORIENTE|0|0|5511140795|#N/D
FC2269A|cfc2269a|FC2269|POPULAR RASTRO|CIUDAD DE MÉXICO|A|FRANQUICIA|CANAL DEL NORTE|162|A|POPULAR RASTRO|VENUSTIANO CARRANZA|15220|CIUDAD DE MÉXICO|EL CATORCE|COALCOLMAN|0|5590452040|#N/D
FC2327A|cfc2327a|FC2327|SAN SIMON CULHUACAN 1.|CIUDAD DE MÉXICO|A|FRANQUICIA|SAMUEL FB MORSE|10||SAN SIMON CULHUACAN|IZTAPALAPA|09800|CIUDAD DE MÉXICO|ESQ. AV. TLAHUAC|0|0|5525961993|#N/D
FC2333A|cfc2333a|FC2333|RINCONADA DEL MOLINO 1, IZTAPALAPA|CIUDAD DE MÉXICO|A|FRANQUICIA|PIRAÑA|MZ. 11|LT. 16|RINCONADA DEL MOLINO|IZTAPALAPA|09960|CIUDAD DE MÉXICO|ESQ. MOLINO DE LA MAGNOLIA|MOLINO DE GARDENIA|MOLINO DEL TULIPAN|5568324037|#N/D
FC2363A|cfc2363a|FC2363|NUEVA ATZACOALCO 1, GUSTAVO A. MADERO|CIUDAD DE MÉXICO|A|FRANQUICIA|303|202||NUEVA ATZACOALCO|GUSTAVO A MADERO|07420|CIUDAD DE MÉXICO|ESQ. CALLE 304|CALLE 306|AV. ING. EDUARDO MOLINA|5527340579|#N/D
FC2367A|cfc2367a|FC2367|MAGDALENA DE LAS SALINAS 1 GUSTAVO A MADERO|CIUDAD DE MÉXICO|A|FRANQUICIA|PONIENTE 112|751|LOCAL B|MAGDALENA DE LAS SALINAS|GUSTAVO A MADERO|07760|CIUDAD DE MÉXICO|NORTE 15|NORTE 13|0|5553683206|#N/D
FC2373A|cfc2373a|FC2373|BELLAVISTA 1, ALVARO OBREGON.|CIUDAD DE MÉXICO|A|FRANQUICIA|CAMINO REAL A TOLUCA|74|LOCAL A|BELLAVISTA|ALVARO OBREGON|01140|CIUDAD DE MÉXICO|ESQ. RUISEÑOR|CISNE|AGUILA|5552714803|#N/D
FC2385A|cfc2385a|FC2385|CALZADA DEL HUESO D.F.|CIUDAD DE MÉXICO|A|FRANQUICIA|CAFETALES|1823|EDIFICIO 1 P.B.|HACIENDAS DE COYOACAN|COYOACAN|04970|CIUDAD DE MÉXICO|CALZADA DEL HUESO|RANCHO SANTA TERESA|0|5556094745|#N/D
FC2441A|cfc2441a|FC2441|MINAS DE CRISTO 1, ALVARO OBREGON|CIUDAD DE MÉXICO|A|FRANQUICIA|CENTRAL|MZ. 5|LT. 63|MINAS DE CRISTO|ALVARO OBREGON|01419|CIUDAD DE MÉXICO|PALANQUIN|RIO BECERRA|0|5556116753|#N/D
FC2449A|cfc2449a|FC2449|PEDREGAL SANTO DOMINGO 2, COYOACAN|CIUDAD DE MÉXICO|A|FRANQUICIA|PEDRO ENRIQUEZ UREÑA|226|LOCAL 1|PEDREGAL DE SANTO DOMINGO|COYOACAN|04369|CIUDAD DE MÉXICO|ESQ. BASALTO|0|0|5554219905|#N/D
FC2458A|cfc2458a|FC2458|SAN MATEO TLALTENANGO 2, CUAJIMALPA|CIUDAD DE MÉXICO|A|FRANQUICIA|PORFIRIO DIAZ|10 BIS||SAN MATEO TLALTENANGO|CUAJIMALPA DE MORELOS|05600|CIUDAD DE MÉXICO|ESQUINA ALLENDE|HIDALGO|MINA|5563803693|#N/D
FH0057A|cfh0057a|FH0057|U.H VILLA COAPA, TLALPAN, D.F.|CIUDAD DE MÉXICO|A|FRANQUICIA|LA ACEQUIA|52||VILLA COAPA|TLALPAN|14390|CIUDAD DE MÉXICO|SILOS|ALTILLOS|0|5556940182|#N/D
FH0083A|cfh0083a|FH0083|CTM ARAGON 1, GUSTAVO A MADERO|CIUDAD DE MÉXICO|A|FRANQUICIA|ANDADOR 665|67||C.T.M. ARAGON|GUSTAVO A MADERO|07990|CIUDAD DE MÉXICO|CALLE 664|0|0|5526519626|#N/D
FH0142A|cfh0142a|FH0142|CULHUACAN, COYOACAN|CIUDAD DE MÉXICO|A|FRANQUICIA|CARLOTA ARMERO|MZ. A LT. 5A|LOCALES 1, 2 Y 3|CULHUACAN CTM SECCION VII|COYOACAN|04430|CIUDAD DE MÉXICO|MARIQUITA SANCHEZ|MANUELA SAENZ|0|5556072125|#N/D
FH0186A|cfh0186a|FH0186|NONOALCO TLALTELOLCO 2, CUAUHTEMOC|CIUDAD DE MÉXICO|A|FRANQUICIA|GUERRERO|340|LOCAL 19|NONOALCO TLATELOLCO|CUAUHTEMOC|06900|CIUDAD DE MÉXICO|ESQ. AV. RICARDO FLORES MAGON|EJE 2 NORTE|0|5555836079|#N/D
FH0187A|cfh0187a|FH0187|U.H SAN JUAN DE ARAGON 2DA SECCION|CIUDAD DE MÉXICO|A|FRANQUICIA|549|112||SAN JUAN DE ARAGON II SECCION|GUSTAVO A MADERO|07969|CIUDAD DE MÉXICO|4A. 547|AV. 506|AV. 547|5526030366|#N/D
FH0188A|cfh0188a|FH0188|U.H SANTA ANA ,CTM|CIUDAD DE MÉXICO|A|FRANQUICIA|SANTA ANA|MZ. 4 LT.  273|LOCAL A|CULHUACAN CTM SECCION V|COYOACAN|04440|CIUDAD DE MÉXICO|ANDADOR KABAH|EJE 3 OTE CARLOTA ARMERO|0|5525963872|#N/D
FH0237A|cfh0237a|FH0237|SAN LORENZO ACOPILCO 1, CUAJIMALPA|CIUDAD DE MÉXICO|A|FRANQUICIA|LEANDRO VALLE|218||SAN LORENZO ACOPILCO|CUAJIMALPA DE MORELOS|05410|CIUDAD DE MÉXICO|MELCHOR OCAMPO|FRANCISCO JAVIER MINA|0|5593881607|#N/D
FH0240A|cfh0240a|FH0240|NATIVITAS 1|CIUDAD DE MÉXICO|A|FRANQUICIA|JUSTINA|64||NATIVITAS|BENITO JUAREZ|03500|CIUDAD DE MÉXICO|ESQ. VIRGINIA|ELENA|DON JUAN|5594932711|#N/D
FH0243A|cfh0243a|FH0243|CUITLAHUAC 1|CIUDAD DE MÉXICO|A|FRANQUICIA|CUITLAHUAC|3329||OBRERO POPULAR|AZCAPOTZALCO|02840|CIUDAD DE MÉXICO|CLZD. CAMARONES|PONIENTE 62|NORTE 77|5553414935|#N/D
102A|cs0102a|102|SATELITE 1|ESTADO DE MÉXICO|A|SUCURSAL|MANUEL A. CAMACHO |1565 ||FLORIDA |NAUCALPAN DE JUAREZ|53120|ESTADO DE MÉXICO|PASEO DEL OTOÑO|PASEO DE LA FLORIDA||5553734039|#N/D
102B|cs0102b|102|SATELITE 1|ESTADO DE MÉXICO|B|SUCURSAL|MANUEL A. CAMACHO |1565 ||FLORIDA |NAUCALPAN DE JUAREZ|53120|ESTADO DE MÉXICO|PASEO DEL OTOÑO|PASEO DE LA FLORIDA||5553734039|#N/D
1035A|cs1035a|1035|NEZAHUALCOYOTL 11|ESTADO DE MÉXICO|A|SUCURSAL|MARIQUITA LINDA |395 |LT1 MZ 259|BENITO JUAREZ |NEZAHUALCOYOTL|57000|ESTADO DE MÉXICO|RANCHO GRANDE|MAÑANITAS||5557302206|#N/D
1036A|cs1036a|1036|ECATEPEC 7|ESTADO DE MÉXICO|A|SUCURSAL|ACAMBAY |1 |2|ALTAVILLA |ECATEPEC DE MORELOS|55390|ESTADO DE MÉXICO|AV. ALTAVILLA|RIO DE LOS REMEDIOS|LAGOS DE MORENO|5557158444|#N/D
1039A|cs1039a|1039|IXTAPALUCA 5|ESTADO DE MÉXICO|A|SUCURSAL|CUAUHTEMOC |13 ||IXTAPALUCA CENTRO |IXTAPALUCA|56530|ESTADO DE MÉXICO|IGNACIO ZARAGOZA|SAN JOSE||5559727905|#N/D
1039B|cs1039b|1039|IXTAPALUCA 5|ESTADO DE MÉXICO|B|SUCURSAL|CUAUHTEMOC |13 ||IXTAPALUCA CENTRO |IXTAPALUCA|56530|ESTADO DE MÉXICO|IGNACIO ZARAGOZA|SAN JOSE||5559727905|#N/D
103A|cs0103a|103|ECATEPEC 2|ESTADO DE MÉXICO|A|SUCURSAL|MORELOS ORIENTE |64 ||SAN CRISTOBAL |ECATEPEC DE MORELOS|55000|ESTADO DE MÉXICO|ESQ. PROLONGACION EMILIANO ZAPATA|||5557707051|#N/D
103B|cs0103b|103|ECATEPEC 2|ESTADO DE MÉXICO|B|SUCURSAL|MORELOS ORIENTE |64 ||SAN CRISTOBAL |ECATEPEC DE MORELOS|55000|ESTADO DE MÉXICO|ESQ. PROLONGACION EMILIANO ZAPATA|||5557707051|#N/D
1076A|cs1076a|1076|NEZAHUALCOYOTL 13|ESTADO DE MÉXICO|A|SUCURSAL|FLOR SILVESTRE 295 Y 297 |MZ190 |LT25 Y 26|BENITO JUAREZ |NEZAHUALCOYOTL|57000|ESTADO DE MÉXICO|ESQ. GUSTAVO BAZ|||5557306778|#N/D
1095A|cs1095a|1095|CHIMALHUACAN 6|ESTADO DE MÉXICO|A|SUCURSAL|DALIA |MZ 5 |LT 1|CARPINTEROS |CHIMALHUACAN|56334|ESTADO DE MÉXICO|AV. LOS PATOS|CAPATLI||5521261289|#N/D
1101A|cs1101a|1101|EL MOLINITO 3|ESTADO DE MÉXICO|A|SUCURSAL|MOLINITO |25 ||EL MOLINITO |NAUCALPAN DE JUAREZ|53530|ESTADO DE MÉXICO|FERROCARRIL DE ACAMBARO|EL OLIVAR||5553582540|#N/D
1106A|cs1106a|1106|CUAUTITLAN IZCALLI 2|ESTADO DE MÉXICO|A|SUCURSAL|PASEOS DEL BOSQUE |MZ 48 |LT 2|BOSQUES DE MORELOS |CUAUTITLAN IZCALLI|54760|ESTADO DE MÉXICO|GRANADOS|MANZANOS||5526020437|#N/D
1107A|cs1107a|1107|TULTITLAN 1|ESTADO DE MÉXICO|A|SUCURSAL|LA PERLA |S/N ||EL TESORO |TULTITLAN|54957|ESTADO DE MÉXICO|PLATINO|ZAFIRO||5553809516|#N/D
1158A|cs1158a|1158|CHIMALHUACAN 7|ESTADO DE MÉXICO|A|SUCURSAL|ARCA DE NOE |MZ 1 |LT 1|ACUITLAPILCO 1A SECC |CHIMALHUACAN|56335|ESTADO DE MÉXICO|MARGARITA|CAMELIA|RIO LERMA|5550441024|#N/D
1197A|cs1197a|1197|CHIMALHUACAN 8|ESTADO DE MÉXICO|A|SUCURSAL|YAUTLI |MZ 697 |LT 17|CURTIDORES |CHIMALHUACAN|56366|ESTADO DE MÉXICO|EJIDO COLECTIVO|OBRERISMO||5526131442|#N/D
1245A|cs1245a|1245|NEZAHUALCOYOTL 16|ESTADO DE MÉXICO|A|SUCURSAL|CARMELO PEREZ |692 ||BENITO JUAREZ |NEZAHUALCOYOTL|57000|ESTADO DE MÉXICO|ESQ. AV. 4TA|||5557307676|#N/D
1261A|cs1261a|1261|CHIMALHUACAN 9|ESTADO DE MÉXICO|A|SUCURSAL|OBRERISIMO |MZ 67 |LT 19|VIDRIEROS |CHIMALHUACAN|56356|ESTADO DE MÉXICO|OCELOT|AYOTL||5522284950|#N/D
1263A|cs1263a|1263|IXTAPALUCA 6|ESTADO DE MÉXICO|A|SUCURSAL|CUAUHTEMOC |MZ 136 |LT 14|LOMA BONITA AMPLIACION |IXTAPALUCA|56563|ESTADO DE MÉXICO|HIDALGO|ALLENDE|AV. ACOZAC|5559428003|#N/D
1271A|cs1271a|1271|NEZAHUALCOYOTL 17|ESTADO DE MÉXICO|A|SUCURSAL|CUAUHTEMOC |34 |MZ78 LT35|MARAVILLAS |NEZAHUALCOYOTL|57410|ESTADO DE MÉXICO|CALLE 12|CALLE 13||5522359224|#N/D
1279A|cs1279a|1279|SAN VICENTE CHICOLOAPAN|ESTADO DE MÉXICO|A|SUCURSAL|JUAREZ |163 ||SAN VICENTE CHICOLOAPAN DE JUAREZ CENTRO |CHICOLOAPAN|56370|ESTADO DE MÉXICO|MEJORAMIENTO DEL AMBIENTE|LEONA VICARIO||5559218078|#N/D
1301A|cs1301a|1301|ECATEPEC 9|ESTADO DE MÉXICO|A|SUCURSAL|RIO BRAVO Y CARRETERA MEXICO LAREDO |MZ 2 |LT 1|NUEVO LAREDO |ECATEPEC DE MORELOS|55080|ESTADO DE MÉXICO|ESQUINA RIO BRAVO|CUARTA CALLE ORIENTE|QUINTA CALLE NORTE|5551167312|#N/D
137A|cs0137a|137|NEZAHUALCOYOTL 3|ESTADO DE MÉXICO|A|SUCURSAL|DOS ARBOLITOS |293 ||BENITO JUAREZ |NEZAHUALCOYOTL|57000|ESTADO DE MÉXICO|ESQ. DR. GUSTAVO BAZ|||5557340969|#N/D
138A|cs0138a|138|NEZAHUALCOYOTL 4|ESTADO DE MÉXICO|A|SUCURSAL|CHIMALHUACAN |460 ||BENITO JUAREZ |NEZAHUALCOYOTL|57000|ESTADO DE MÉXICO|MARIQUITA|MEXICO LINDO||5557311447|#N/D
138B|cs138b|138|NEZAHUALCOYOTL 4|ESTADO DE MÉXICO|B|SUCURSAL|CHIMALHUACAN |460 ||BENITO JUAREZ |NEZAHUALCOYOTL|57000|ESTADO DE MÉXICO|MARIQUITA|MEXICO LINDO||5557311447|#N/D
1438A|cs1438a|1438|NEZAHUALCOYOTL 18|ESTADO DE MÉXICO|A|SUCURSAL|TEXCOCO |568 |MZ 7 LT2|LAS AGUILAS |NEZAHUALCOYOTL|57900|ESTADO DE MÉXICO|CALLE 9|CALLE 11||5557321363|#N/D
1439A|cs1439a|1439|ZUMPANGO 3|ESTADO DE MÉXICO|A|SUCURSAL|JESUS CARRANZA |5 ||SAN JUAN |ZUMPANGO|55600|ESTADO DE MÉXICO|CUAUHTEMOC|GUSTAVO BAZ||5911001657|#N/D
1444A|cs1444a|1444|TECAMAC 2|ESTADO DE MÉXICO|A|SUCURSAL|FRANCISCO GONZALEZ BOCANEGRA |S/N ||TECAMAC DE FELIPE VILLANUEVA CENTRO |TECAMAC|55740|ESTADO DE MÉXICO|ESQUINA CALLE 5 DE FEBRERO|||5559343465|#N/D
146A|cs0146a|146|ARAGON 1|ESTADO DE MÉXICO|A|SUCURSAL|VALLE DE SANTIAGO |66 |2|VALLE DE ARAGON |NEZAHUALCOYOTL|57100|ESTADO DE MÉXICO|RIO DE VOLGA|RIO LOS REMEDIOS||5551208953|#N/D
146B|cs0146b|146|ARAGON 1|ESTADO DE MÉXICO|B|SUCURSAL|VALLE DE SANTIAGO |66 |2|VALLE DE ARAGON |NEZAHUALCOYOTL|57100|ESTADO DE MÉXICO|RIO DE VOLGA|RIO LOS REMEDIOS||5551208953|#N/D
1472A|cs1472a|1472|NEZAHUALCOYOTL 19|ESTADO DE MÉXICO|A|SUCURSAL|CHIMALHUACAN |315 MZ 56-A|LTE 47 Y 48|LA AURORA SUR |NEZAHUALCOYOTL|57000|ESTADO DE MÉXICO|ESQUINA GALLO COLORADO|||5522323541|#N/D
149A|cs0149a|149|NEZAHUALCOYOTL 5|ESTADO DE MÉXICO|A|SUCURSAL|TEXCOCO |268 ||METROPOLITANA |NEZAHUALCOYOTL|57730|ESTADO DE MÉXICO|ESQ. PLATEROS|||5557927964|#N/D
1501A|cs1501a|1501|NEZAHUALCOYOTL 20|ESTADO DE MÉXICO|A|SUCURSAL|CENTRAL |790 MZ 4 |SMZ4 LT5|VALLE DE ARAGON |NEZAHUALCOYOTL|57100|ESTADO DE MÉXICO|AVENIDA VALLE DE YUKON|VALLE DE LAS ZAPATAS||5551206981|#N/D
1564A|cs1564a|1564|VALLE DE CHALCO 7|ESTADO DE MÉXICO|A|SUCURSAL|EMILIANO ZAPATA |MZ 1589 |LT 1|SANTA CRUZ |VALLE DE CHALCO SOLIDARIDAD|56617|ESTADO DE MÉXICO|NORTE 6|NORTE 5||5530911261|#N/D
1571A|cs1571a|1571|VALLE DE CHALCO 8|ESTADO DE MÉXICO|A|SUCURSAL|ALFREDO DEL MAZO |295 ||CONCEPCION |VALLE DE CHALCO SOLIDARIDAD|56615|ESTADO DE MÉXICO|NORTE 10|NORTE 11||5530915324|#N/D
1578A|cs1578a|1578|TECAMAC 3|ESTADO DE MÉXICO|A|SUCURSAL|MEXIQUENSE |MZ 10 LT 4 |LOCAL 1|FRACCIONAMIENTO LOS HEROES |TECAMAC|55765|ESTADO DE MÉXICO|JARDINES DEL MAR|JARDINES ESCULTORICOS||5559255641|#N/D
15A|cs0015a|15|NAUCALPAN 1|ESTADO DE MÉXICO|A|SUCURSAL|ESTACAS NORTE |16 |17 Y 18|NAUCALPAN DE JUAREZ |NAUCALPAN DE JUAREZ|53500|ESTADO DE MÉXICO|ZARAGOZA|ABASOLO||5555763631|#N/D
15B|cs0015b|15|NAUCALPAN 1|ESTADO DE MÉXICO|B|SUCURSAL|ESTACAS NORTE |16 |17 Y 18|NAUCALPAN DE JUAREZ |NAUCALPAN DE JUAREZ|53500|ESTADO DE MÉXICO|ZARAGOZA|ABASOLO||5555763631|#N/D
1641A|cs1641a|1641|TEZOYUCA 1|ESTADO DE MÉXICO|A|SUCURSAL|DEL TRABAJO |S/N |LOCAL 2 Y 3|BARRIO LA ASCENCION |TEZOYUCA|56000|ESTADO DE MÉXICO|ESQUINA PASCUAL LUNA|||5949344218|#N/D
1681A|cs1681a|1681|NEZAHUALCOYOTL 26|ESTADO DE MÉXICO|A|SUCURSAL|DOCTOR GUSTAVO BAZ |215 |MZ.345 LT.1|COLONIA BENITO JUAREZ (ANTES AURORA) |NEZAHUALCOYOTL|57000|ESTADO DE MÉXICO|ESQUINA CON CALLE PANCHITA|||5511089526|#N/D
1702A|cs1702a|1702|ECATEPEC 12|ESTADO DE MÉXICO|A|SUCURSAL|ABASOLO |11 |LOCAL A Y B|SAN CRISTOBAL CENTRO |ECATEPEC DE MORELOS|55000|ESTADO DE MÉXICO|ESQUINA CALLE EMILIO CARRANZA|||5551160789|#N/D
1715A|cs1715a|1715|CHIMALHUACAN 12|ESTADO DE MÉXICO|A|SUCURSAL|FRANCISCO I. MADERO |MZ-1-A LT-105|LOCAL 3 Y 4|ACUITLAPILCO 2DA. SECCION |CHIMALHUACAN|56335|ESTADO DE MÉXICO|ESQUINA ARCA DE NOE|||5526358279|#N/D
1743A|cs1743a|1743|CUAUTITLAN IZCALLI 3|ESTADO DE MÉXICO|A|SUCURSAL|JORGE JIMENEZ CANTU |S/N ||CENTRO URBANO |CUAUTITLAN IZCALLI|54700|ESTADO DE MÉXICO|VIA SATELITE|CHALMA||5511131827|#N/D
1755A|cs1755a|1755|IXTAPAN DE LA SAL 2|TOLUCA|A|SUCURSAL|20 DE NOVIEMBRE |206 ||PUEBLO IXTAPAN DE LA SAL |IXTAPAN DE LA SAL|51900|TOLUCA|IGNACIO ALLENDE|MARIANO MATAMOROS||7211430916|TOLUCA
183A|cs0183a|183|CHIMALHUACAN 1|ESTADO DE MÉXICO|A|SUCURSAL|PEÑON |MZ 72 |18 - 19|BARRIO TEJEDORES |CHIMALHUACAN|56330|ESTADO DE MÉXICO|AYOTL|YACATLY||5558536494|#N/D
1841A|cs1841a|1841|NEZAHUALCOYOTL 27|ESTADO DE MÉXICO|A|SUCURSAL|NEZAHUALCOYOTL |151 |MZ. 11 LT.25|ATLACOMULCO |NEZAHUALCOYOTL|57720|ESTADO DE MÉXICO|Y NICOLAS BRAVO|||5522320495|#N/D
1919A|cs1919a|1919|ECATEPEC 13|ESTADO DE MÉXICO|A|SUCURSAL|CENTRAL |MZ-1, LT- 12, SM-5|LOCAL 4|VALLE DE ARAGON |ECATEPEC DE MORELOS|55280|ESTADO DE MÉXICO|VALLE GUADIANA|VALLE DE GARONA||5550353734|#N/D
194A|cs0194a|194|EL MOLINITO 1|ESTADO DE MÉXICO|A|SUCURSAL|FF.CC. DE ACAMBARO |40 ||EL MOLINITO |NAUCALPAN DE JUAREZ|53530|ESTADO DE MÉXICO|MERCADO|RIO VERDE||5553583132|#N/D
194B|cs0194b|194|EL MOLINITO 1|ESTADO DE MÉXICO|B|SUCURSAL|FF.CC. DE ACAMBARO |40 ||EL MOLINITO |NAUCALPAN DE JUAREZ|53530|ESTADO DE MÉXICO|MERCADO|RIO VERDE||5553583132|#N/D
194C|cs0194c|194|EL MOLINITO 1|ESTADO DE MÉXICO|C|SUCURSAL|FF.CC. DE ACAMBARO |40 ||EL MOLINITO |NAUCALPAN DE JUAREZ|53530|ESTADO DE MÉXICO|MERCADO|RIO VERDE||5553583132|#N/D
1958A|cs1958a|1958|TULTITLAN 5|ESTADO DE MÉXICO|A|SUCURSAL|VIA JOSE LOPEZ PORTILLO |S/N |MZ-1 LT-1|EJIDO DE BUENAVISTA |TULTITLAN|54955|ESTADO DE MÉXICO|CALLE HERMENEGILDO GALEANA|||5591550242|#N/D
1959A|cs1959a|1959|IXTAPALUCA 8|ESTADO DE MÉXICO|A|SUCURSAL|CUAUHTEMOC |5503 ||TLALPIZAHUAC CENTRO |IXTAPALUCA|56576|ESTADO DE MÉXICO|NICOLAS BRAVO|AGRICULTURA||5589494715|#N/D
1965A|cs1965a|1965|TECAMAC 4|ESTADO DE MÉXICO|A|SUCURSAL|FRANCISCO MURGUIA |S/N |MZ-1 LT-2 LOCAL 4|FRACCIONAMIENTO LOS HEROES |TECAMAC|55764|ESTADO DE MÉXICO|FELIPE VILLANUEVA|JOSE MARIA PINO SUAREZ||5551607600|#N/D
1981A|cs1981a|1981|NEZAHUALCOYOTL 31|ESTADO DE MÉXICO|A|SUCURSAL|QUIMICA |69 |MZ. 32, LT. 3|MEXICO TERCERA SECCION |NEZAHUALCOYOTL|57440|ESTADO DE MÉXICO|Y AVENIDA PANTITLAN|||5590376929|#N/D
1995A|cs1995a|1995|IXTAPALUCA 9|ESTADO DE MÉXICO|A|SUCURSAL|BOULEVARD CUAUHTEMOC |4300 ||AYOTLA CENTRO |IXTAPALUCA|56560|ESTADO DE MÉXICO|ESQUINA CALLE XICO|||5551602677|#N/D
2001A|cs2001a|2001|TULTEPEC 2|ESTADO DE MÉXICO|A|SUCURSAL|JOAQUIN MONTENEGRO |60 |LOCALES 1 Y 2|BARRIO SAN RAFAEL |TULTEPEC|54960|ESTADO DE MÉXICO|AV. ZACATENCO|CALICANTO||5550855371|#N/D
2002A|cs2002a|2002|NAUCALPAN 8|ESTADO DE MÉXICO|A|SUCURSAL|ECHEGARAY |SN ||DIEZ DE ABRIL |NAUCALPAN DE JUAREZ|53320|ESTADO DE MÉXICO|CALZADA DE LAS ARMAS|LUIS ECHEVERRIA||5521246605|#N/D
2008A|cs2008a|2008|TOLUCA 8|TOLUCA|A|SUCURSAL|BENITO JUAREZ SUR |500 ||FRANCISCO MURGUIA EL RANCHITO |TOLUCA|50130|TOLUCA|JUAN ALVAREZ|JOSE MARIA ARTEAGA||7222383376|TOLUCA
2020A|cs2020a|2020|TOLUCA 9|TOLUCA|A|SUCURSAL|CONSTITUCION |108 ||TOLUCA DE LERDO CENTRO |TOLUCA|50000|TOLUCA|HIDALGO|AVENIDA DE LA INDEPENDENCIA||7222383356|TOLUCA
2026A|cs2026a|2026|TULTITLAN 6|ESTADO DE MÉXICO|A|SUCURSAL|RECURSOS HIDRAULICOS |S/N |S/N|SAN PABLO DE LAS SALINAS |TULTITLAN|54930|ESTADO DE MÉXICO|PRADOS SUR|||5552669469|#N/D
2037A|cs2037a|2037|TENANGO DEL AIRE 1 EDO MEX|ESTADO DE MÉXICO|A|SUCURSAL|NACIONAL |2 ||BARRIO AMILCO |TENANGO DEL AIRE|56780|ESTADO DE MÉXICO|ESQUINA 18 DE MARZO|||5976881484|#N/D
2062A|cs2062a|2062|NEZAHUALCOYOTL 32|ESTADO DE MÉXICO|A|SUCURSAL|CAPIRO |MZ 220-A LT27 NUM50||AURORA ROMERO |NEZAHUALCOYOTL|57000|ESTADO DE MÉXICO|ESQUINA CAMA DE PIEDRA|||5591310067|#N/D
2075A|cs2075a|2075|NEZAHUALCOYOTL 33|ESTADO DE MÉXICO|A|SUCURSAL|TEXCOCO |2 ||ATLACOMULCO |NEZAHUALCOYOTL|57720|ESTADO DE MÉXICO|VILLA VICTORIA|AV. NEZAHUALCOYOTL||5558010660|#N/D
2081A|cs2081a|2081|ZUMPANGO 4 |ESTADO DE MÉXICO|A|SUCURSAL|MELCHOR OCAMPO |26 |S/N|BARRIO DE SAN JUAN |ZUMPANGO|55600|ESTADO DE MÉXICO|JORGE JIMENEZ CANTU|LOPEZ MATEOS||5916883585|#N/D
2085A|cs2085a|2085|NEZAHUALCOYOTL 35|ESTADO DE MÉXICO|A|SUCURSAL|ADOLFO LOPEZ MATEOS |125 |MZ. 55-B LT 28|METROPOLITANA 2A SECC |NEZAHUALCOYOTL|57740|ESTADO DE MÉXICO|ESCALERILLAS|||5551292650|#N/D
2090A|cs2090a|2090|CHIMALHUACAN 13|ESTADO DE MÉXICO|A|SUCURSAL|NEZAHUALCOYOTL |S/N ||SANTA MARIA NATIVITAS |CHIMALHUACAN|56335|ESTADO DE MÉXICO|SAUCES|NEZAHUALCOYOTL||5589433782|#N/D
20C|cs0020c|20|NEZAHUALCOYOTL 1|ESTADO DE MÉXICO|C|SUCURSAL|HIDALGO 249 |MZ. 28 LT. 25||AMPLIACION ROMERO SECCION LAS FUENTES |NEZAHUALCOYOTL|57600|ESTADO DE MÉXICO|AVENIDA PANTITLAN|CALLE COATEPEC||5557655436|#N/D
2104A|cs2104a|2104|NAUCALPAN 9|ESTADO DE MÉXICO|A|SUCURSAL|DE LOS PINOS |MANZANA 49 |LOTE 23|MINAS COYOTE |NAUCALPAN DE JUAREZ|53694|ESTADO DE MÉXICO|NOGALES|FRESNOS||5589693451|#N/D
2108A|cs2108a|2108|CHIMALHUACAN 14|ESTADO DE MÉXICO|A|SUCURSAL|CALLE 6 |MZ 23 |LT 1|ARTURO MONTIEL |CHIMALHUACAN|56353|ESTADO DE MÉXICO|CENTRAL|AVENIDA EJIDO COLECTIVO||5559208086|#N/D
2114A|cs2114a|2114|ZUMPANGO 5|ESTADO DE MÉXICO|A|SUCURSAL|HIDALGO |117 |S/N|SAN MIGUEL |ZUMPANGO|55603|ESTADO DE MÉXICO|TLALAPANGO|||5916883693|#N/D
2119A|cs2119a|2119|CHIMALHUACAN 15|ESTADO DE MÉXICO|A|SUCURSAL|NOCHE BUENA |LT 02 MZ 06|S/N|ACUITLAPILCO 2DA. SECCION |CHIMALHUACAN|56335|ESTADO DE MÉXICO|AV. ACUITLAPILCO|ARCA DE NOE||5558335817|#N/D
2128A|cs2128a|2128|TLALNEMEX|ESTADO DE MÉXICO|A|SUCURSAL|ATLACOMULCO |52 ||TLALNEMEX |TLALNEPANTLA DE BAZ|54070|ESTADO DE MÉXICO|IXTLAHUACA|ACOLMAN||5521242646|#N/D
212A|cs0212a|212|IXTACALA|ESTADO DE MÉXICO|A|SUCURSAL|EJIDOS |216 |B|LOS REYES IXTACALA |TLALNEPANTLA DE BAZ|54090|ESTADO DE MÉXICO|CLAVEL|CRISANTEMO||5553838702|#N/D
2133A|cs2133a|2133|VALLE DE CHALCO 10 |ESTADO DE MÉXICO|A|SUCURSAL|CUAUHTEMOC |LT 1 MZ 1288||MARIA ISABEL |VALLE DE CHALCO SOLIDARIDAD|56615|ESTADO DE MÉXICO|NORTE 16|||5572632464|#N/D
2134A|cs2134a|2134|TULTITLAN 8|ESTADO DE MÉXICO|A|SUCURSAL|VIA MEXIQUENSE |S/N LOTE 4 |LOCAL 9|VILLA ESMERALDA |TULTITLAN|54910|ESTADO DE MÉXICO|ESQUINA CON AVENIDA DE LAS TORRES|||5521279958|#N/D
2158A|cs2158a|2158|SAN JUAN IXHUATEPEC 3|ESTADO DE MÉXICO|A|SUCURSAL|RIO DE LOS REMEDIOS |62 |S/N|SAN JUAN IXHUATEPEC |TLALNEPANTLA DE BAZ|54180|ESTADO DE MÉXICO|MORELOS|MARIANO ABASOLO||5590376929|#N/D
2179A|cs2179a|2179|TOLUCA 10|TOLUCA|A|SUCURSAL|INDEPENDENCIA ORIENTE |410 ||BARRIO SANTA CLARA |TOLUCA|50090|TOLUCA|SOR JUANA INES DE LA CRUZ|BLVD. JOSE MARIA PINO SUAREZ||7222138224|TOLUCA
2184A|cs2184a|2184|TECAMAC 5|ESTADO DE MÉXICO|A|SUCURSAL|DE LA SOLEDAD |S/N ||TECAMAC CENTRO |TECAMAC|55740|ESTADO DE MÉXICO|MESONES|RAYON||5559344115|#N/D
2192A|cs2192a|2192|JUCHITEPEC 2|ESTADO DE MÉXICO|A|SUCURSAL|JUAN FLORES Y CASAS |14 ||CALAYUCO |JUCHITEPEC|56860|ESTADO DE MÉXICO|INDEPENDENCIA SUR|NEGRETE SUR||5976880870|#N/D
2205A|cs2205a|2205|CHALCO 9|ESTADO DE MÉXICO|A|SUCURSAL|VICENTE GUERRERO |S/N |ALMACEN 1|CHALCO DE DIAZ COVARRUBIAS CENTRO |CHALCO|56600|ESTADO DE MÉXICO|REFORMA|EMILIANO ZAPATA||5591334935|#N/D
220A|cs0220a|220|VALLE DE CHALCO 1|ESTADO DE MÉXICO|A|SUCURSAL|ALFREDO DEL MAZO |MZ 632 |5|INDEPENDENCIA |VALLE DE CHALCO SOLIDARIDAD|56617|ESTADO DE MÉXICO|NORTE 26|NORTE 27||5530910868|#N/D
220B|cs0220b|220|VALLE DE CHALCO 1|ESTADO DE MÉXICO|B|SUCURSAL|ALFREDO DEL MAZO |MZ 632 |5|INDEPENDENCIA |VALLE DE CHALCO SOLIDARIDAD|56617|ESTADO DE MÉXICO|NORTE 26|NORTE 27||5530910868|#N/D
221A|cs0221a|221|ECATEPEC 3|ESTADO DE MÉXICO|A|SUCURSAL|VIA MORELOS |244 ||SANTA MARIA TULPETLAC |ECATEPEC DE MORELOS|55400|ESTADO DE MÉXICO|AV. CHIAPAS|AV. MEXICO PONIENTE||5557759927|#N/D
2223A|cs2223a|2223|TECAMAC 6|ESTADO DE MÉXICO|A|SUCURSAL|BOSQUES DEL ESTADO DE MEXICO |2 ||LOS HEROES TECAMAC II |TECAMAC|55764|ESTADO DE MÉXICO|BOSQUE DE LOS CIPRESES|||5551258986|#N/D
2241A|cs2241a|2241|ATIZAPAN 3|ESTADO DE MÉXICO|A|SUCURSAL|LAGO DE GUADALUPE |53 MZ 122 LT 3|S/N|CERRO GRANDE |ATIZAPAN DE ZARAGOZA|52920|ESTADO DE MÉXICO|MALINCHE|TEZCATLIPOCA||5591311814|#N/D
2265A|cs2265a|2265|LERMA 2|TOLUCA|A|SUCURSAL|REVOLUCION |S/N ||GUADALUPE LA CIENEGA |LERMA|52004|TOLUCA|MIGUEL HIDALGO|ZARAGOZA||7286881234|TOLUCA
2274A|cs2274a|2274|NICOLAS ROMERO 1,EDO MEX |ESTADO DE MÉXICO|A|SUCURSAL|PRINCIPAL JAIME NUNO |S/N ||SAN IDELFONSO |NICOLAS ROMERO|54470|ESTADO DE MÉXICO|MIRADOR PTE|REFORMA||5591555663|#N/D
2277A|cs2277a|2277|TECAMAC 7 |ESTADO DE MÉXICO|A|SUCURSAL|MEXICO PACHUCA |S/N |S/N|TECAMAC DE FELIPE VILLANUEVA CENTRO |TECAMAC|55740|ESTADO DE MÉXICO|SAN FELIPE|CENTENARIO DE LA EDUCACION||5559347103|#N/D
230A|cs0230a|230|TENAYUCA|ESTADO DE MÉXICO|A|SUCURSAL|CUAUHTEMOC |41 ||TENAYUCA |TLALNEPANTLA DE BAZ|54150|ESTADO DE MÉXICO|CUAUHTEMOC|MOCTEZUMA||5550391041|#N/D
2320A|cs2320a|2320|NICOLAS ROMERO 2 EDO MEX |ESTADO DE MÉXICO|A|SUCURSAL|LOPEZ MATEOS |S/N |S/N|VICENTE GUERRERO |NICOLAS ROMERO|54425|ESTADO DE MÉXICO|EL FRESNO|SAN MIGUEL HILA||5558230525|#N/D
2324A|cs2324a|2324|ECATEPEC 15|ESTADO DE MÉXICO|A|SUCURSAL|MEXICO TEPEXPAN Y CARRETERA TEXCOCO LECHERIA|8 |MODULO B LOCAL 3|SAN ISIDRO ATLAUTENCO |ECATEPEC DE MORELOS|55064|ESTADO DE MÉXICO|AVENIDA DE LAS BOMBAS|CARRETERA LECHERIA TEXCOCO||5517102948|#N/D
2333A|cs2333a|2333|CHIMALHUACAN 16|ESTADO DE MÉXICO|A|SUCURSAL|JUAREZ |65 |S/N|XOCHITENCO |CHIMALHUACAN|56350|ESTADO DE MÉXICO|MIRAMAR|ZARAGOZA||5558532175|#N/D
239A|cs0239a|239|CHIMALHUACAN 2|ESTADO DE MÉXICO|A|SUCURSAL|TOCHCALLI |MZ 473 |LT 31|SARAPEROS |CHIMALHUACAN|56355|ESTADO DE MÉXICO|AV. DEL OBRERISMO|CALLE ATEXCAL||5551116637|#N/D
2403A|cs2403a|2403|ZUMPANGO 6|ESTADO DE MÉXICO|A|SUCURSAL|HIDALGO |1 ||BARRIO SAN JUAN |ZUMPANGO|55600|ESTADO DE MÉXICO|ESQ. PLAZA JUAREZ|||5939154511|#N/D
2407A|cs2407a|2407|VALLE DE BRAVO 4|TOLUCA|A|SUCURSAL|COLORINES-VALLE DE BRAVO |100 ||EL ARCO |VALLE DE BRAVO|51200|TOLUCA|VALLE DE BRAVO SANTO TOMAS DE LOS PLATANOS|CARRETERA SAN FRANCISCO TLALCILALCALPAN||7266882534|TOLUCA
240A|cs0240a|240|AV. CENTRAL 2|ESTADO DE MÉXICO|A|SUCURSAL|MIGUEL ALEMAN VALDEZ |MZ 59 |LT 8|VALLE DE ANAHUAC SECC A |ECATEPEC DE MORELOS|55210|ESTADO DE MÉXICO|AV. CENTRAL CARLOS HANK GONZALEZ|LEONA VICARIO||5557916271|#N/D
2435A|cs2435a|2435|COACALCO 2|ESTADO DE MÉXICO|A|SUCURSAL|BOSQUE CENTRAL |S/N ||BOSQUES DEL VALLE 1A SECC |COACALCO DE BERRIOZABAL|55717|ESTADO DE MÉXICO|BOSQUE DE LAURA|BOSQUE DE VIVI||5521594150|#N/D
2453A|cs2453a|2453|IXTAPAN DE LA SAL 3|TOLUCA|A|SUCURSAL|JUAREZ SUR |S/N ||BARRIO SANTA CATARINA |IXTAPAN DE LA SAL|51905|TOLUCA|ESQUINA TAXCO IXTAPAN DE LA SAL|||7211435136|TOLUCA
2462A|cs2462a|2462|LERMA 3|ESTADO DE MÉXICO|A|SUCURSAL|REOLIN BAREJON |41 PTE. ||LA ESTACION |LERMA|52006|ESTADO DE MÉXICO|AV. MIGUEL HIDALGO|VICENTE FOX QUESADA||7286881282|#N/D
267A|cs0267a|267|VALLE DE CHALCO 2|ESTADO DE MÉXICO|A|SUCURSAL|NORTE VEINTE |MZ 529 |LT 26|SAN ISIDRO |VALLE DE CHALCO SOLIDARIDAD|56617|ESTADO DE MÉXICO|ESQ. EMILIANO ZAPATA|||5530912650|#N/D
272A|cs0272a|272|NAUCALPAN 2|ESTADO DE MÉXICO|A|SUCURSAL|DE LA NARANJA |36 ||AHUIZOTLA |NAUCALPAN DE JUAREZ|53378|ESTADO DE MÉXICO|ABUNDIO GOMEZ|GOBERNADOR LIC. ISIDRO FABELA||5555761238|#N/D
306A|cs0306a|306|NEZAHUALCOYOTL 6|ESTADO DE MÉXICO|A|SUCURSAL|CUAUHTEMOC |90 ||LAS MARAVILLAS |NEZAHUALCOYOTL|57410|ESTADO DE MÉXICO|CHALCO|VALLE DE BRAVO||5551128524|#N/D
306B|cs0306b|306|NEZAHUALCOYOTL 6|ESTADO DE MÉXICO|B|SUCURSAL|CUAUHTEMOC |90 ||LAS MARAVILLAS |NEZAHUALCOYOTL|57410|ESTADO DE MÉXICO|CHALCO|VALLE DE BRAVO||5551128524|#N/D
313A|cs0313a|313|VALLE DE BRAVO 1|TOLUCA|A|SUCURSAL|MIGUEL HIDALGO |100 |LET B|CENTRO |VALLE DE BRAVO|51200|TOLUCA|INDEPENDENCIA|5 DE FEBRERO||7262626230|TOLUCA
314A|cs0314a|314|IXTAPAN DE LA SAL|TOLUCA|A|SUCURSAL|VICENTE GUERRERO |26 ||SANTA CATARINA |IXTAPAN DE LA SAL|51905|TOLUCA|ITURBIDE|CDA. VICENTE GUERRERO|FLORES MAGON|7211433684|TOLUCA
315A|cs0315a|315|LERMA|TOLUCA|A|SUCURSAL|MIGUEL HIDALGO Y COSTILLA |6 |LC A|CENTRO |LERMA DE VILLADA|52000|TOLUCA|2 DE MARZO|5 DE FEBRERO||7282825740|TOLUCA
332A|cs0332a|332|IXTAPALUCA 1|ESTADO DE MÉXICO|A|SUCURSAL|JOSE MA. MORELOS |MZ 8 |LT 19|LOS HEROES |IXTAPALUCA|56585|ESTADO DE MÉXICO|ESQ. HERMENEJILDO GALEANA|||5526385411|#N/D
333A|cs0333a|333|EL OLIVO|ESTADO DE MÉXICO|A|SUCURSAL|TECAMACHALCO |MZ 8 |LT 2|EL OLIVO |HUIXQUILUCAN|52789|ESTADO DE MÉXICO|EL SABINO|EL ROBLE||5552532371|#N/D
336A|cs0336a|336|CHIMALHUACAN 3|ESTADO DE MÉXICO|A|SUCURSAL|DEL PEÑON |MZ 1 |LT 1|BARRIO HERREROS |CHIMALHUACAN|56365|ESTADO DE MÉXICO|ALVARO OBREGON|JUAN DE LA BARRERA||5558537615|#N/D
337A|cs0337a|337|TULTEPEC|ESTADO DE MÉXICO|A|SUCURSAL|16 DE SEPTIEMBRE |10 ||CENTRO |TULTEPEC|54973|ESTADO DE MÉXICO|VICENTE GUERRERO|BENITO JUAREZ||5558926210|#N/D
371A|cs0371a|371|ZUMPANGO 1|ESTADO DE MÉXICO|A|SUCURSAL|FEDERICO GOMEZ |36 ||SAN MIGUEL ZUMPANGO |ZUMPANGO|55600|ESTADO DE MÉXICO|URUGUAY|RAYON||5919176652|#N/D
373A|cs0373a|373|CD. AZTECA|ESTADO DE MÉXICO|A|SUCURSAL|CIRCUNVALACION SUR |42 ||JARDINES DE SANTA CLARA |ECATEPEC DE MORELOS|55420|ESTADO DE MÉXICO|CALLE DOS|CALLE CENTRAL||5526465751|#N/D
374A|cs0374a|374|ECATEPEC 4|ESTADO DE MÉXICO|A|SUCURSAL|BOSQUES DE ECATEPEC |MZ 1 LT8 |LC A,B,C|VILLAS DE ECATEPEC |ECATEPEC DE MORELOS|55056|ESTADO DE MÉXICO|AVENIDA DE PALOMAS|CERRADA DE MIRLOS||5558544767|#N/D
386A|cs0386a|386|VILLA DEL CARBON|ESTADO DE MÉXICO|A|SUCURSAL|SILVIANO ENRIQUEZ |3 |LC A|CENTRO |VILLA DEL CARBON|54300|ESTADO DE MÉXICO|PLAZA HIDALGO|OBISPO VALVERDE||5889131302|#N/D
397A|cs0397a|397|NAUCALPAN 3|ESTADO DE MÉXICO|A|SUCURSAL|DE LOS MAESTROS |183 ||SAN ANTONIO ZOMEYUCAN |NAUCALPAN DE JUAREZ|53750|ESTADO DE MÉXICO|AV. SAN JOSE|AV. DE LA TOLVA||5521666752|#N/D
397B|cs0397b|397|NAUCALPAN 3|ESTADO DE MÉXICO|B|SUCURSAL|DE LOS MAESTROS |183 ||SAN ANTONIO ZOMEYUCAN |NAUCALPAN DE JUAREZ|53750|ESTADO DE MÉXICO|AV. SAN JOSE|AV. DE LA TOLVA||5521666752|#N/D
409A|cs0409a|409|COACALCO|ESTADO DE MÉXICO|A|SUCURSAL|8 |MZ H |LT 66|SAN RAFAEL |COACALCO DE BERRIOZABAL|55719|ESTADO DE MÉXICO|ENRIQUE MILLAN CEJUDO|CERRADA EJE 8||5558911914|#N/D
413A|cs0413a|413|IXTAPALUCA 2|ESTADO DE MÉXICO|A|SUCURSAL|LA COTERA |MZ 8 LT 10 ||SANTA BARBARA |IXTAPALUCA|56538|ESTADO DE MÉXICO|CALLE HORNO|CALLE ORGANO||5526069679|#N/D
413B|cs0413b|413|IXTAPALUCA 2|ESTADO DE MÉXICO|B|SUCURSAL|LA COTERA |MZ 8 LT 10 ||SANTA BARBARA |IXTAPALUCA|56538|ESTADO DE MÉXICO|CALLE HORNO|CALLE ORGANO||5526069679|#N/D
415A|cs0415a|415|IXTAPALUCA 3|ESTADO DE MÉXICO|A|SUCURSAL|CUAUHTEMOC |7 |LC 4|AMPLIACION SANTA BARBARA |IXTAPALUCA|56538|ESTADO DE MÉXICO|LAZARO CARDENAS|PLUTARCO ELIAS CALLES||5559724643|#N/D
420A|cs0420a|420|TOLUCA 2|TOLUCA|A|SUCURSAL|IGNACIO LOPEZ RAYON |210 ||CENTRO |TOLUCA|50000|TOLUCA|INDEPENDENCIA|1º DE MAYO||7222130049|TOLUCA
420B|cs0420b|420|TOLUCA 2|TOLUCA|B|SUCURSAL|IGNACIO LOPEZ RAYON |210 ||CENTRO |TOLUCA|50000|TOLUCA|INDEPENDENCIA|1º DE MAYO||7222130049|TOLUCA
427A|cs0427a|427|SAN JUAN IXHUATEPEC|ESTADO DE MÉXICO|A|SUCURSAL|RIO DE LOS REMEDIOS |57 ||SAN JUAN IXHUATEPEC |TLALNEPANTLA DE BAZ|54180|ESTADO DE MÉXICO|AQUILES SERDAN|MORELOS||5557469592|#N/D
438A|cs0438a|438|CIUDAD LAGO|ESTADO DE MÉXICO|A|SUCURSAL|AEROPUERTO |68 ||CIUDAD LAGO |NEZAHUALCOYOTL|57180|ESTADO DE MÉXICO|LAGO VALENCIA|LAGO CARDIEZ||5526514651|#N/D
453A|cs0453a|453|CHICOLOAPAN|ESTADO DE MÉXICO|A|SUCURSAL|MEXICO - TEXCOCO KM. 27.5 |LT 15 |LOC 2 Y 3|REVOLUCION |CHICOLOAPAN|56370|ESTADO DE MÉXICO|PINO SUAREZ|ALLENDE||5550446223|#N/D
459A|cs0459a|459|CHALCO 2|ESTADO DE MÉXICO|A|SUCURSAL|CUAUHTEMOC |7 ||CENTRO |CHALCO|56600|ESTADO DE MÉXICO|ALZATE|MORELOS||5559754740|#N/D
459C|cs0459c|459|CHALCO 2|ESTADO DE MÉXICO|C|SUCURSAL|CUAUHTEMOC |7 ||CENTRO |CHALCO|56600|ESTADO DE MÉXICO|ALZATE|MORELOS||5559754740|#N/D
507A|cs0507a|507|TOREO|ESTADO DE MÉXICO|A|SUCURSAL|RODOLFO GAONA |6 LOC 1-2 |LC 3-6|LOMAS DE SOTELO |NAUCALPAN DE JUAREZ|53390|ESTADO DE MÉXICO|AV. INGENIEROS MILITARES|AV. DE LAS TORRES||5555574056|#N/D
508A|cs0508a|508|SATELITE 2|ESTADO DE MÉXICO|A|SUCURSAL|CIRUJANO |16 |LC A|CIUDAD SATELITE |NAUCALPAN DE JUAREZ|53100|ESTADO DE MÉXICO|CIRCUITO MEDICOS|CIRCUITO PUERICULTORES||5555729010|#N/D
541A|cs0541a|541|NEZAHUALCOYOTL 7|ESTADO DE MÉXICO|A|SUCURSAL|PANTITLAN |707 |MZA181 LT1|PERLA REFORMA |NEZAHUALCOYOTL|57848|ESTADO DE MÉXICO|PONIENTE 8|PONIENTE 9||5575942150|#N/D
566A|cs0566a|566|TEYAHUALCO|ESTADO DE MÉXICO|A|SUCURSAL|BENITO JUAREZ |S/N ||SANTIAGO TEOYAHUALCO |TULTEPEC|54980|ESTADO DE MÉXICO|10 DE JUNIO|VENUSTIANO CARRANZA||5558857344|#N/D
566B|cs0566b|566|TEYAHUALCO|ESTADO DE MÉXICO|B|SUCURSAL|BENITO JUAREZ |S/N ||SANTIAGO TEOYAHUALCO |TULTEPEC|54980|ESTADO DE MÉXICO|10 DE JUNIO|VENUSTIANO CARRANZA||5558857344|#N/D
568A|cs0568a|568|OJO DE AGUA|ESTADO DE MÉXICO|A|SUCURSAL|HUERTAS |MZA 78 |LT 29|HACIENDA OJO DE AGUA |TECAMAC|55770|ESTADO DE MÉXICO|BLVD. OJO DE AGUA|CALZADA DE LA HACIENDA||5559387013|#N/D
579A|cs0579a|579|TEQUESQUINAHUAC|ESTADO DE MÉXICO|A|SUCURSAL|GUSTAVO BAZ |9 ||TEQUESQUINAHUAC |TLALNEPANTLA DE BAZ|54020|ESTADO DE MÉXICO|CERRADA GUSTAVO BAZ|MIRADOR||5553177299|#N/D
581A|cs0581a|581|BOSQUES DE ECHEGARAY|ESTADO DE MÉXICO|A|SUCURSAL|DE LA HACIENDA DE ECHEGARAY |9 ||BOSQUE DE ECHEGARAY |NAUCALPAN DE JUAREZ|53310|ESTADO DE MÉXICO|BLVD. MANUEL AVILA CAMACHO|CAMINO A SAN MATEO||5553637968|#N/D
648A|cs0648a|648|GUSTAVO BAZ|ESTADO DE MÉXICO|A|SUCURSAL|GUSTAVO BAZ |253 ||HACIENDA DE ECHEGARAY |NAUCALPAN DE JUAREZ|53300|ESTADO DE MÉXICO|HACIENDA DE ATENCO|HACIENDA VALPARAISO||5553631310|#N/D
672A|cs0672a|672|AV. CENTRAL 3|ESTADO DE MÉXICO|A|SUCURSAL|CENTRAL |773 |LC 2|VALLE DE ARAGON SEGUNDA SECC |NEZAHUALCOYOTL|57100|ESTADO DE MÉXICO|VALLE DE ZAPATA|VALLE DEL YAQUI||5526172690|#N/D
676A|cs0676a|676|ECATEPEC 6|ESTADO DE MÉXICO|A|SUCURSAL|MEXICO - PACHUCA |27 |LT2 MZ11|FUENTES DE SAN CRISTOBAL |ECATEPEC DE MORELOS|55040|ESTADO DE MÉXICO|LA VIGA|CIRDUITO FUENTES||5551161398|#N/D
685A|cs0685a|685|PRENSA NACIONAL|ESTADO DE MÉXICO|A|SUCURSAL|EL NACIONAL |792 ||PRENSA NACIONAL |TLALNEPANTLA DE BAZ|54170|ESTADO DE MÉXICO|ESQ. EXCELSIOR|||5553680417|#N/D
69A|cs0069a|69|CHALCO 1|ESTADO DE MÉXICO|A|SUCURSAL|FRANCISCO I. MADERO |16 ||CENTRO |CHALCO|56600|ESTADO DE MÉXICO|ESQ. CUAUHTEMOC|CDA. FRANCISCO I. MADERO||5530921844|#N/D
69B|cs0069b|69|CHALCO 1|ESTADO DE MÉXICO|B|SUCURSAL|FRANCISCO I. MADERO |16 ||CENTRO |CHALCO|56600|ESTADO DE MÉXICO|ESQ. CUAUHTEMOC|CDA. FRANCISCO I. MADERO||5530921844|#N/D
7002A|cf7002a|7002|TLALNEPANTLA 1|ESTADO DE MÉXICO|A|FRANQUICIA|EMILIO CARRANZA|48||TLALNEPANTLA CENTRO|TLALNEPANTLA DE BAZ|54000|ESTADO DE MÉXICO|REVOLUCION|PASAJE SAN JUAN(PORFIRIO DIAZ)|ZAHUATLAN|5553900549|#N/D
7024A|cf7024a|7024|TOLUCA 1|TOLUCA|A|FRANQUICIA|ISIDRO FABELA|1115||NUEVA SANTA MARIA DE LAS ROSAS|TOLUCA|50140|TOLUCA|ALFREDO ZARATE ALBARRAN|WENSESLAO LABRA|0|7222704740|TOLUCA
7024B|cf7024b|7024|TOLUCA 1|TOLUCA|B|FRANQUICIA|ISIDRO FABELA|1115||NUEVA SANTA MARIA DE LAS ROSAS|TOLUCA|50140|TOLUCA|ALFREDO ZARATE ALBARRAN|WENSESLAO LABRA|0|7222704740|TOLUCA
7026A|cf7026a|7026|COACALCO|ESTADO DE MÉXICO|A|FRANQUICIA|HIDALGO|24|S/N|SAN LORENZO TETLIXTAC|COACALCO DE BERRIOZABAL|55714|ESTADO DE MÉXICO|VICENTE GUERRERO|INDEPENDENCIA|MARIANO DE ABASOLO|5591547348|#N/D
7033A|cf7033a|7033|HUIXQUILUCAN 3, MEX|ESTADO DE MÉXICO|A|FRANQUICIA|BOSQUE DE MOCTEZUMA|1 EDIFICIO 5|LOCAL 6|LA HERRADURA(PARQUES DE LA HERRADURA)|HUIXQUILUCAN|52784|ESTADO DE MÉXICO|BOSQUE DE LA PASTORA|BOSQUE DE LA LUZ|FUENTE DEL REY|5550882201|#N/D
7034A|cf7034a|7034|TEXCOCO 1|ESTADO DE MÉXICO|A|FRANQUICIA|MANUEL GONZALEZ|205|1|TEXCOCO DE MORA CENTRO|TEXCOCO|56100|ESTADO DE MÉXICO|ESQ.FRAY PEDRO DE GANTE|0|0|5959547436|#N/D
7037A|cf7037a|7037|CHALMA LA UNION 1, TLALNEPANTLA|ESTADO DE MÉXICO|A|FRANQUICIA|CUAUTEPEC|55|LOCAL 1|CHALMA LA UNION|TLALNEPANTLA DE BAZ|54142|ESTADO DE MÉXICO|ESQ. AZUCENA|0|0|5518587041|#N/D
7037B|cf7037b|7037|CHALMA LA UNION 1, TLALNEPANTLA|ESTADO DE MÉXICO|B|FRANQUICIA|CUAUTEPEC|55|LOCAL 1|CHALMA LA UNION|TLALNEPANTLA DE BAZ|54142|ESTADO DE MÉXICO|ESQ. AZUCENA|0|0|5518587041|#N/D
7038A|cf0038a|7038|CUAUTITLAN IZCALLI 1|ESTADO DE MÉXICO|A|FRANQUICIA|ACAMBAY|2|PB LOCAL 1|CENTRO URBANO|CUAUTITLAN IZCALLI|54700|ESTADO DE MÉXICO|ESQ. DR JIMENEZ CANTU|AV 1 DE MAYO|0|5558681520|#N/D
7048A|cf7048a|7048|TULTITLAN 1|ESTADO DE MÉXICO|A|FRANQUICIA|PRADOS DEL NORTE|LT. 100|LOCALES 9, 10 Y 11|SAN PABLO DE LAS SALINAS|TULTITLAN|54930|ESTADO DE MÉXICO|AV. PENSAMIENTOS|AV. PLANICIE|0|5510392066|#N/D
7048B|cf7048b|7048|TULTITLAN 1|ESTADO DE MÉXICO|B|FRANQUICIA|PRADOS DEL NORTE|LT. 100|LOCALES 9, 10 Y 11|SAN PABLO DE LAS SALINAS|TULTITLAN|54930|ESTADO DE MÉXICO|AV. PENSAMIENTOS|AV. PLANICIE|0|5510392066|#N/D
7051A|cf7051a|7051|NICOLAS ROMERO 1, MEX.|ESTADO DE MÉXICO|A|FRANQUICIA|16 DE SEPTIEMBRE|51||VILLA NICOLAS ROMERO CENTRO|NICOLAS ROMERO|54400|ESTADO DE MÉXICO|FRANCISCO I. MADERO|NIÑOS HEROES|0|5558231424|#N/D
7055A|cf7055a|7055|CUAUTITLAN IZCALLI 2|ESTADO DE MÉXICO|A|FRANQUICIA|CENTRO URBANO PTE|18|LOCAL 382|INFONAVIT NORTE 1A SECCION|CUAUTITLAN IZCALLI|54720|ESTADO DE MÉXICO|AJUSCO|RIO CUAUTITLAN|0|5516762113|#N/D
7055B|cf7055b|7055|CUAUTITLAN IZCALLI 2|ESTADO DE MÉXICO|B|FRANQUICIA|CENTRO URBANO PTE|18|LOCAL 382|INFONAVIT NORTE 1A SECCION|CUAUTITLAN IZCALLI|54720|ESTADO DE MÉXICO|AJUSCO|RIO CUAUTITLAN|0|5516762113|#N/D
7060A|cf7060a|7060|METEPEC 1|TOLUCA|A|FRANQUICIA|NARCISO MENDOZA|68||PILARES|METEPEC|52179|TOLUCA|JOSE MA. MORELOS Y PAVON|MANUEL DOBLADO|ANDADOR IGNACIO RAYON|7222750877|TOLUCA
7060B|cf7060b|7060|METEPEC 1|TOLUCA|B|FRANQUICIA|NARCISO MENDOZA|68||PILARES|METEPEC|52179|TOLUCA|JOSE MA. MORELOS Y PAVON|MANUEL DOBLADO|ANDADOR IGNACIO RAYON|7222750877|TOLUCA
7064A|cf7064a|7064|AV. CENTRAL 2|ESTADO DE MÉXICO|A|FRANQUICIA|CENTRAL|120|L110|RINCONADA DE ARAGON|ECATEPEC DE MORELOS|55140|ESTADO DE MÉXICO|AV. IGNACIO ZARAGOZA|BOULEVARD DE LOS GUERREROS|0|5557795410|#N/D
7064B|cf7064b|7064|AV. CENTRAL 2|ESTADO DE MÉXICO|B|FRANQUICIA|CENTRAL|120|L110|RINCONADA DE ARAGON|ECATEPEC DE MORELOS|55140|ESTADO DE MÉXICO|AV. IGNACIO ZARAGOZA|BOULEVARD DE LOS GUERREROS|0|5557795410|#N/D
7066A|cf7066a|7066|TOLUCA TOLLOCAN|TOLUCA|A|FRANQUICIA|TOLLOCAN|506||VALLE VERDE|TOLUCA|50140|TOLUCA|ESQ. PICO DE ORIZABA|0|0|7222175603|TOLUCA
7067A|cf7067a|7067|VILLA DE LAS FLORES|ESTADO DE MÉXICO|A|FRANQUICIA|COACALCO|54||VILLA DE LAS FLORES 1A SECC|COACALCO DE BERRIOZABAL|55710|ESTADO DE MÉXICO|ARRAYANES|ABEDULES|0|5526471145|#N/D
7067B|cf7067b|7067|VILLA DE LAS FLORES|ESTADO DE MÉXICO|B|FRANQUICIA|COACALCO|54||VILLA DE LAS FLORES 1A SECC|COACALCO DE BERRIOZABAL|55710|ESTADO DE MÉXICO|ARRAYANES|ABEDULES|0|5526471145|#N/D
7075A|cf7075a|7075|ZINACANTEPEC 1, MEX|TOLUCA|A|FRANQUICIA|16 DE SEPTIEMBRE|206||SAN MIGUEL ZINACANTEPEC|ZINACANTEPEC|51350|TOLUCA|AVENIDA INDEPEDENCIA|AGUSTIN DE ITURBIDE|0|7222186478|TOLUCA
7102A|cf7102a|7102|LOS REYES LA PAZ 1|ESTADO DE MÉXICO|A|FRANQUICIA|SIMON BOLIVAR|30||LOS REYES ACAQUILPAN CENTRO|LA PAZ|56400|ESTADO DE MÉXICO|FRANCISCO I MADERO|EMILIANO ZAPATA|DE LAS FLORES|5558560483|#N/D
71053A|cf71053a|71053|LAS AMERICAS 3, ECATEPEC DE MORELOS|ESTADO DE MÉXICO|A|FRANQUICIA|SIMON BOLIVAR|MZ. 104|LT. 1-A|LAS AMERICAS|ECATEPEC DE MORELOS|55070|ESTADO DE MÉXICO|JOSE ANTONIO SUCRE|ANDRES QUINTANA ROO|JOSE DE SAN MARTIN|5555106001|#N/D
71054A|cf71054a|71054|ATLACOMULCO 3|TOLUCA|A|FRANQUICIA|ISIDRO FABELA|S/N||ATLACOMULCO DE FABELA|ATLACOMULCO|50450|TOLUCA|NICOLAS BRAVO|JUAN DE DIOS PEZA|0|7121204796|TOLUCA
7105A|cf7105a|7105|SAN MATEO ATENCO 1|TOLUCA|A|FRANQUICIA|BENITO JUAREZ|S/N||SAN JUAN|SAN MATEO ATENCO|52104|TOLUCA|DEL PANTEON|JUAN ALDAMA|16 DE SEPTIEMBRE|7282872722|TOLUCA
71066A|cf71066a|71066|VALLE DORADO 1, NAUCALPAN DE JUAREZ|ESTADO DE MÉXICO|A|FRANQUICIA|MORELOS|244||VALLE DORADO (SAN RAFAEL CHAMAPA VI)|NAUCALPAN DE JUAREZ|53690|ESTADO DE MÉXICO|CONSTITUYENTES|AV. LAS TORRES|0|5526412960|#N/D
71069A|cf71069a|71069|SANTIAGO TIANGUISTENCO 4, MEX|TOLUCA|A|FRANQUICIA|HIDALGO|103|B|SANTIAGO TIANGUISTENCO DE GALEANA|TIANGUISTENCO|52600|TOLUCA|ANDADOR CARLOS HANK GONZALEZ|16 DE SEPTIEMBRE|0|7131330084|TOLUCA
71112A|cf1112a|71112|CONJUNTO LA TRINIDAD 1, TEXCOCO|ESTADO DE MÉXICO|A|FRANQUICIA|ARAGON|2||CONJUNTO LA TRINIDAD|TEXCOCO|56130|ESTADO DE MÉXICO|FRANCISCO SARABIA|MIGUEL ALEMAN|TENERIA|5959545773|#N/D
71118A|cf71118a|71118|IZCALLI DEL VALLE 1 TULTITLAN|ESTADO DE MÉXICO|A|FRANQUICIA|VALLE DE EUCALIPTOS|S/N|LOCAL E3|IZCALLI DEL VALLE|TULTITLAN|54945|ESTADO DE MÉXICO|VALLE VERDE|VALLE DEL SILENCIO|0|5521256704|#N/D
71123A|cf71123a|71123|ZINACANTEPEC 9, MEX.|TOLUCA|A|FRANQUICIA|AZTECAS|S/N||LAS CULTURAS|ZINACANTEPEC|51355|TOLUCA|LAZARO CARDENAS|PRIV. LAZARO CARDENAS|PRIV. TEOTIHUACAN|7224813195|TOLUCA
71126A|cf71126a|71126|JOCOTITLAN 1, MEX.|TOLUCA|A|FRANQUICIA|PEDRO LAGUNA|4|A|JOCOTITLAN|JOCOTITLAN|50700|TOLUCA|ESQ. JOSE VICENTE VILLADA|0|0|7126907568|TOLUCA
71153A|cf71153a|71153|ZUMPANGO 2|ESTADO DE MÉXICO|A|FRANQUICIA|ZUMPANGO LOS REYES ACOZAC (REFORMA)|1||SAN SEBASTIAN|ZUMPANGO|55600|ESTADO DE MÉXICO|REFORMA|HERMENEGILDO GALEANA|16 DE SEPTIEMBRE|5592452681|#N/D
71182A|cf71182a|71182|TOLUCA 27|TOLUCA|A|FRANQUICIA|CRISTOBAL COLON|S/N||SAN BUENAVENTURA|TOLUCA|50110|TOLUCA|LIBERTAD|PENSADOR MEXICANO|5 DE MAYO|7222747339|TOLUCA
71221A|cf71221a|71221|TECAMAC 1|ESTADO DE MÉXICO|A|FRANQUICIA|OJO DE AGUA|24|PARCELA 36|SANTA CRUZ|TECAMAC|55767|ESTADO DE MÉXICO|LEONARDO MARTINEZ|DE LOS ARCOS|0|5559380276|#N/D
71235A|cf71235a|71235|CHIMALHUACAN 3|ESTADO DE MÉXICO|A|FRANQUICIA|CENTRAL|39||SAN LORENZO CHIMALCO|CHIMALHUACAN|56340|ESTADO DE MÉXICO|FRANCISCO MARQUEZ|ALFARO|ISIDRO FABELA|5522317161|#N/D
71236A|cf71236a|71236|TOLUCA 26|TOLUCA|A|FRANQUICIA|PASEO COLON|S/N|INTERIOR 2|VILLA HOGAR|TOLUCA|50170|TOLUCA|GENERAL FELIPE ANGELES|TORRES CHICAS|0|7222701200|TOLUCA
71271A|cf71271a|71271|VILLAS DE LA HACIENDA 1, ATIZAPAN|ESTADO DE MÉXICO|A|FRANQUICIA|LAGO DE GUADALUPE|368 MZ. 71 LT. 1|LOCAL D 15|VILLAS DE LA HACIENDA|ATIZAPAN DE ZARAGOZA|52929|ESTADO DE MÉXICO|PASEO DE LAS VILLAS|DE LAS HUERTAS|DE LAS HUERTAS|5558870004|#N/D
71271B|cf71271b|71271|VILLAS DE LA HACIENDA 1, ATIZAPAN|ESTADO DE MÉXICO|B|FRANQUICIA|LAGO DE GUADALUPE|368 MZ. 71 LT. 1|LOCAL D 15|VILLAS DE LA HACIENDA|ATIZAPAN DE ZARAGOZA|52929|ESTADO DE MÉXICO|PASEO DE LAS VILLAS|DE LAS HUERTAS|DE LAS HUERTAS|5558870004|#N/D
71284A|cf71284a|71284|LAS ALAMEDAS 1, ATIZAPAN|ESTADO DE MÉXICO|A|FRANQUICIA|ADOLFO LOPEZ MATEOS|100|LOCAL E-9|LAS ALAMEDAS|ATIZAPAN DE ZARAGOZA|52970|ESTADO DE MÉXICO|CLL. DE LOS CISNES|PASEO DE LAS ALAMEDAS|0|5550775703|#N/D
71287A|cf1287a|71287|TLALNEPANTLA 11|ESTADO DE MÉXICO|A|FRANQUICIA|VILLAHERMOSA|31||VALLE CEYLAN|TLALNEPANTLA DE BAZ|54150|ESTADO DE MÉXICO|MORELIA|TLAXCALA|CUERNAVACA|5553676176|#N/D
71288A|cf71288a|71288|SANTIAGO TIANGUISTENCO 5, MEX|ESTADO DE MÉXICO|A|FRANQUICIA|CATARINO GONZALEZ BENITEZ|305|A|SANTIAGO TIANGUISTENCO DE GALEANA|TIANGUISTENCO|52600|ESTADO DE MÉXICO|AV. VICTORIANO GONZALEZ|AV. BENITO JUAREZ|0|7131330764|#N/D
71296A|cf71296a|71296|CUAUTITLAN CENTRO 1|ESTADO DE MÉXICO|A|FRANQUICIA|BENITO JUAREZ|119||CUAUTITLAN CENTRO|CUAUTITLAN|54800|ESTADO DE MÉXICO|TRANQUILINO SALGADO|AV. JOSE MARIA MORELOS|0|5526204985|#N/D
71298A|cf71298a|71298|TENANGO DEL VALLE 4, MEX.|TOLUCA|A|FRANQUICIA|DE LA INDEPENDENCIA|219||TENANGO DE ARISTA CENTRO|TENANGO DEL VALLE|52300|TOLUCA|5 DE MAYO PONIENTE|CALLEJON A PAZAGA PONIENTE|ALVARO OBREGON|7176881136|TOLUCA
71300A|cf71300a|71300|NICOLAS ROMERO 2, MEX.|ESTADO DE MÉXICO|A|FRANQUICIA|BENITO JUAREZ|S/N||BENITO JUAREZ|NICOLAS ROMERO|54405|ESTADO DE MÉXICO|ARTURO PAREDES|LERDO DE TEJADA|GUILLERMO PRIETO|5550848219|#N/D
71310A|cf71310a|71310|VILLA DE ALLENDE 1, MEX.|TOLUCA|A|FRANQUICIA|MIGUEL HIDALGO|13||VILLA DE ALLENDE|VILLA DE ALLENDE|51000|TOLUCA|ESQ. JOSE MARIA MORELOS|IGNACIO ALLENDE|JUAN ALDAMA/LIBRAMIENTO|7262690115|TOLUCA
71312A|cf71312a|71312|TECAMAC 2|ESTADO DE MÉXICO|A|FRANQUICIA|FRANCISCO VILLA MZ 139|LT 10 LOCAL 4|10 Y 11|LOS HEROES TECAMAC|TECAMAC|55763|ESTADO DE MÉXICO|MARIANO ESCOBEDO|PRIV. CIRCUITO 43|AQUILES SERDAN|5513130063|#N/D
71317A|cf71317a|71317|LOS HEROES TECAMAC 1, TECAMAC|ESTADO DE MÉXICO|A|FRANQUICIA|JARDINES DE PARROT|3|MZ. 74 LT. 3|LOS HEROES TECAMAC II|TECAMAC|55764|ESTADO DE MÉXICO|ESQ. BLVD. JARDINES|0|0|5529566975|#N/D
71332A|cf71332a|71332|IXTLAHUACA 1, MEX|TOLUCA|A|FRANQUICIA|JOSE MARIA MORELOS Y PAVON|310|B|IXTLAHUACA DE RAYON CENTRO|IXTLAHUACA|50740|TOLUCA|ESQ. FRANCISCO I. MADERO|0|0|7122832677|TOLUCA
71333A|cf71333a|71333|SAN FELIPE DEL PROGRESO 1, MEX|TOLUCA|A|FRANQUICIA|RAYON|1||SAN FELIPE DEL PROGRESO CENTRO|SAN FELIPE DEL PROGRESO|50640|TOLUCA|ESQ. NICOLAS BRAVO|0|0|7121235984|TOLUCA
71334A|cf71334a|71334|TEMOAYA 1, MEX|TOLUCA|A|FRANQUICIA|TOLUCA - SAN JUAN JIQUIPILCO|S/N||MOLINO ARRIBA|TEMOAYA|50874|TOLUCA|REFORMA|LAZARO CARDENAS|0|7196908560|TOLUCA
71376A|cf71376a|71376|EX HDA. SAN MIGUEL 1, CUAUTITLAN IZCALLI|ESTADO DE MÉXICO|A|FRANQUICIA|ARCANGEL SAN MIGUEL|MZ. 10 LT. 3|LOCAL 1|EX HACIENDA SAN MIGUEL|CUAUTITLAN IZCALLI|54715|ESTADO DE MÉXICO|ESQ. ANTIGUO CAMINO A AXOTLAN|0|0|5522291047|#N/D
71386A|cf71386a|71386|RESIDENCIAL MAGNOLIAS 1, TULTITLAN|ESTADO DE MÉXICO|A|FRANQUICIA|EJE 3 (AV. AYUNTAMIENTO)|S/N||MAGNOLIAS (SAN LORENZO TETLIXTLAC)|TULTITLAN|54932|ESTADO DE MÉXICO|ISTMO|AV. MANUEL MORELOS|0|5592384958|#N/D
71422A|cf71422a|71422|STA MA GPE LAS TORRES CUAUTITLAN IZCALLI|ESTADO DE MÉXICO|A|FRANQUICIA|TORRE IZCALLI|MZ 366 LT 10|LOCAL 1|SANTA MARIA DE GUADALUPE LAS TORRES 2A SECCION|CUAUTITLAN IZCALLI|54743|ESTADO DE MÉXICO|TORRE DEL ARTE|TORRE DEL LAGO|TORRE COLONIAL|5526021276|#N/D
71442A|cf71442a|71442|IXTLAHUACA 4, MEX.|TOLUCA|A|FRANQUICIA|FRANCISCO LOPEZ RAYON|21||IXTLAHUACA DE RAYON CENTRO|IXTLAHUACA|50740|TOLUCA|CERRADA VICENTE VILLADA|GUSTAVO BAZ PRADA|LEANDRO VALLE|7122833784|TOLUCA
71446A|cf71446a|71446|LA PRESITA, CUAUTITLAN IZCALLI|ESTADO DE MÉXICO|A|FRANQUICIA|RIO USUMACINTA|S/N||LA PRESITA|CUAUTITLAN IZCALLI|54763|ESTADO DE MÉXICO|RIO LERMA|RIO SANTIAGO|RIO YAQUI|5520752352|#N/D
71466A|cf1466a|71466|VALLE DORADO 1, TLANEPANTLA DE BAZ|ESTADO DE MÉXICO|A|FRANQUICIA|MANUEL AVILA CAMACHO|3227|LOCAL 12|VALLE DORADO|TLALNEPANTLA DE BAZ|54020|ESTADO DE MÉXICO|CALZ. DE LAS JINETES|BLVD. POPOCATEPETL|ATENAS|5557967090|#N/D
71483A|cf71483a|71483|ALMOLOYA DE JUAREZ 3|TOLUCA|A|FRANQUICIA|MIGUEL HIDALGO|7||ALMOLOYA DE JUAREZ CENTRO|ALMOLOYA DE JUAREZ|50900|TOLUCA|ESQ. MARIANO ABASOLO|RAMOS MILLAN|J.M. MORELOS|7251362374|TOLUCA
71507A|cf71507a|71507|CUAUTITLAN IZCALLI 13|ESTADO DE MÉXICO|A|FRANQUICIA|DEL PEDREGAL||MZ. 27 LT. 15|FRACCIONAMIENTO COFRADIA SAN MIGUEL II|CUAUTITLAN IZCALLI|54710|ESTADO DE MÉXICO|LAGO DE LA ACEQUIA|AV. HUEHUETOCA|0|5522291854|#N/D
71513A|cf71513a|71513|CUAUTITLAN IZCALLI 14|ESTADO DE MÉXICO|A|FRANQUICIA|RIO BACABACHI|34||COLINAS DEL LAGO|CUAUTITLAN IZCALLI|54744|ESTADO DE MÉXICO|RIO LERMA|AV. CONSTITUCION|GUADALUPE MIRANDA (CANALETA)|5511131649|#N/D
71537A|cf71537a|71537|VALLE DE BRAVO 1, MEX|TOLUCA|A|FRANQUICIA|BENITO JUAREZ|305||VALLE DE BRAVO|VALLE DE BRAVO|51200|TOLUCA|PROF. AURELIO JIMENEZ PATIÑO|16 DE SEPTIEMBRE|0|7262621156|TOLUCA
71543A|cf71543a|71543|TENANCINGO 3|TOLUCA|A|FRANQUICIA|GUADALUPE VICTORIA SUR|218||TENANCINGO DE DEGOLLADO CENTRO|TENANCINGO|52400|TOLUCA|CUAUHTEMOC ORIENTE|GUERRERO ORIENTE|CASANOVA SUR|7141425815|TOLUCA
71583A|cf71583a|71583|CAPULHUAC 2, MEX|TOLUCA|A|FRANQUICIA|GUADALUPE VICTORIA|313||CENTRO|CAPULHUAC|52700|TOLUCA|ESQUINA MIGUEL HIDALGO|5 DE MAYO|HERMENEGILDO GALEANA|7131330574|TOLUCA
71586A|cf71586a|71586|SAN MATEO ATENCO 3|TOLUCA|A|FRANQUICIA|LIC. BENITO JUAREZ|412-B (412)||SAN FRANCISCO (SANTIAGO)|SAN MATEO ATENCO|52104|TOLUCA|VICENTE GUERRERO|VENUSTIANO CARRANZA|16 DE SEPTIEMBRE|7282871378|TOLUCA
71614A|cf71614a|71614|SAN MARTIN AZCATEPEC 1, TECAMAC|ESTADO DE MÉXICO|A|FRANQUICIA|ESTADO DE QUERETARO|S/N|MZ. 84 LT. 14|SAN MARTIN AZCATEPEC|TECAMAC|55748|ESTADO DE MÉXICO|VICENTE GUERRERO|BENITO JUAREZ|0|5589328489|#N/D
71619A|cf71619a|71619|PRADO VALLEJO, TLALNEPANTLA|ESTADO DE MÉXICO|A|FRANQUICIA|ISLA DE SOTO|1134|LOCAL A|PRADO VALLEJO|TLALNEPANTLA DE BAZ|54170|ESTADO DE MÉXICO|VALLEJO|ISLA SANTA CATARINA|ISLA DE LA CONCEPCION|5555771608|#N/D
71673A|cf71673a|71673|5 DE MAYO 1, TECAMAC|ESTADO DE MÉXICO|A|FRANQUICIA|5 DE MAYO|2|MZ. 40 LT. 17|5 DE MAYO|TECAMAC|55749|ESTADO DE MÉXICO|ESQ. REFORMA|PLAN DE AYALA|24 DE FEBRERO|5513839228|#N/D
71703A|cf71703a|71703|CHALCO 3|ESTADO DE MÉXICO|A|FRANQUICIA|SAN PABLO|MZ. 5|LT. 6|NUEVA SAN ISIDRO|CHALCO|56605|ESTADO DE MÉXICO|ESQ. SAN ANTONIO|SAN MARTIN|STO. TOMAS|5594084498|#N/D
71711A|cf71711a|71711|PLAZAS DE ARAGON 1, NEZAHUALCOYOTL|ESTADO DE MÉXICO|A|FRANQUICIA|PLAZA CENTRAL (CDA. PLAZUELA)|MZ. 31 (8)|LT. 19|PLAZAS DE ARAGON|NEZAHUALCOYOTL|57139|ESTADO DE MÉXICO|CERRADA PLAZUELA 8|CERRADA PLAZUELA 6|PLAZA DEL ESTUDIANTE|5575738869|#N/D
71721A|cf71721a|71721|SAN MARTIN CUAUTLALPAN 1, CHALCO|ESTADO DE MÉXICO|A|FRANQUICIA|PLAZA MAYOR|MZ. LXI LT. 01|LOCAL 7|PUEBLO NUEVO|CHALCO|56644|ESTADO DE MÉXICO|CALLE DEL ROSARIO|AVENIDA NACIONAL|REFORMA|5530918084|#N/D
71736A|cf71736a|71736|TOLUCA 32|TOLUCA|A|FRANQUICIA|DEPORTIVA|10||EL CERRILLO VISTA HERMOSA|TOLUCA|50235|TOLUCA|RIO LERMA|FELIPE CHAVEZ|IGNACIO ALLENDE|7286902866|TOLUCA
7177A|cf7177a|7177|OCOYOACAC 1|TOLUCA|A|FRANQUICIA|16 DE SEPTIEMBRE|8|LOCALES B Y C|SANTA MARIA|OCOYOACAC|52740|TOLUCA|IGNACIO ALDAMA|DR. JOSE GUADALUPE SERRANO|0|7282877892|TOLUCA
71791A|cf71791a|71791|TEXCOCO 9|ESTADO DE MÉXICO|A|FRANQUICIA|16 DE SEPTIEMBRE|310|3|ZARAGOZA (SAN PABLO)|TEXCOCO|56116|ESTADO DE MÉXICO|SAN PABLO|DIEGO RIVERA|2 DE MARZO|5959547280|#N/D
71898A|cf1898a|71898|LOS REYES ACOZAC 1, TECAMAC|ESTADO DE MÉXICO|A|FRANQUICIA|SAN AGUSTIN|6||LOS REYES ACOZAC|TECAMAC|55755|ESTADO DE MÉXICO|PROLONGACION REFORMA|JUVENTINO ROSAS|0|5969241229|#N/D
71926A|cf71926a|71926|ECATEPEC 20, MEX|ESTADO DE MÉXICO|A|FRANQUICIA|MEXICO|MZ. 60|LT. 4|JARDINES DE CERRO GORDO|ECATEPEC DE MORELOS|55100|ESTADO DE MÉXICO|ESQ. HONDURAS|RUSIA|CERRADA DE RUSIA|5557742173|#N/D
7193A|cf7193a|7193|TENANGO DEL VALLE 1, MEX.|TOLUCA|A|FRANQUICIA|MIGUEL HIDALGO|300|LOCAL D|TENANGO DE ARISTA|TENANGO DEL VALLE|52300|TOLUCA|ESQ. BENITO JUAREZ|0|0|7171443074|TOLUCA
71943A|cf71943a|71943|JIQUIPILCO 2, MEX.|TOLUCA|A|FRANQUICIA|IXTLAHUACA JIQUIPILCO (CARR. A SAN FELIPE SANTIAGO)|KM. 10||LOMA DEL SITIO|JIQUIPILCO|50840|TOLUCA|CARRETERA A SANTIAGO|CARRETERA HACIA LA IGLESIA|0||TOLUCA
71959A|cf71959a|71959|LOMAS DE SAN MIGUEL 1, ATIZAPAN|ESTADO DE MÉXICO|A|FRANQUICIA|CUAUTITLAN IZCALLI|MZ. 8|LT. 2|LOMAS DE SAN MIGUEL|ATIZAPAN DE ZARAGOZA|52928|ESTADO DE MÉXICO|FRANCISCO LOZADA CHAVEZ|BLVD. IGNACIO ZARAGOZA|CLAVELINA|5558871326|#N/D
71981A|cf71981a|71981|MEXICALTZINGO 3, MEX|TOLUCA|A|FRANQUICIA|NARCISO MENDOZA|S/N||EL CALVARIO TEPANUAYA|MEXICALTZINGO|52183|TOLUCA|ESQ. JESUS CARRANZA|VICENTE GUERRERO NORTE|MORELOS|7222632996|TOLUCA
71A|cs0071a|71|AV. CENTRAL 1|ESTADO DE MÉXICO|A|SUCURSAL|CENTRAL |MZ 47 |LT 15|VALLE DE ARAGON |ECATEPEC DE MORELOS|55280|ESTADO DE MÉXICO|VALLE DEL GUADIANA|VALLE DE HENARES||5551215349|#N/D
71B|cs0071b|71|AV. CENTRAL 1|ESTADO DE MÉXICO|B|SUCURSAL|CENTRAL |MZ 47 |LT 15|VALLE DE ARAGON |ECATEPEC DE MORELOS|55280|ESTADO DE MÉXICO|VALLE DEL GUADIANA|VALLE DE HENARES||5551215349|#N/D
71C|cs0071c|71|AV. CENTRAL 1|ESTADO DE MÉXICO|C|SUCURSAL|CENTRAL |MZ 47 |LT 15|VALLE DE ARAGON |ECATEPEC DE MORELOS|55280|ESTADO DE MÉXICO|VALLE DEL GUADIANA|VALLE DE HENARES||5551215349|#N/D
72003A|cf72003a|72003|TEPETLIXPA 1, MEX|ESTADO DE MÉXICO|A|FRANQUICIA|20 DE NOVIEMBRE|15||TEPETLIXPA|TEPETLIXPA|56880|ESTADO DE MÉXICO|AV. HIDALGO|PABLO SIDAR|AQUILES SERDAN|5979750034|#N/D
72005A|cf72005a|72005|SANTA ANA NICHI 1, MEX|ESTADO DE MÉXICO|A|FRANQUICIA|BENITO JUAREZ|S/N||SANTA ANA NICHI|SAN FELIPE DEL PROGRESO|50690|ESTADO DE MÉXICO|BENITO JUAREZ|SAN ANTONIO DE LAS HUERTAS|LAURO MILLAN|7185960317|#N/D
72020A|cf72020a|72020|SANTA MARIA TOTOLTEPEC 1|TOLUCA|A|FRANQUICIA|PASEO TOTOLTEPEC|151||SANTA MARIA TOTOLTEPEC|TOLUCA|50245|TOLUCA|ESQ. PASEO VICENTE LOMBARDO|0|0|7224813199|TOLUCA
72023A|cf72023a|72023|IXTLAHUACA 5, MEX.|TOLUCA|A|FRANQUICIA|NICOLAS BRAVO|51|114|IXTLAHUACA DE RAYON CENTRO|IXTLAHUACA|50740|TOLUCA|GUSTAVO BAZ PRADA|BENITO JUAREZ|0|7122833672|TOLUCA
7202A|cf0202a|7202|TULTITLAN 8|ESTADO DE MÉXICO|A|FRANQUICIA|ORQUIDEAS|22||SANTA CLARA|TULTITLAN|54944|ESTADO DE MÉXICO|ESQ. RIO COATZACOALCOS|0|0|5558940653|#N/D
72041A|cf2041a|72041|NAUCALPAN 16|ESTADO DE MÉXICO|A|FRANQUICIA|CAMINO A SAN MATEO NOPALA|S/N||BOULEVARES|NAUCALPAN DE JUAREZ|53140|ESTADO DE MÉXICO|COLINA DEL YAQUI|COLINA DEL ZAHORI|COLINA DE LA ENCOMIENDA|5553607026|#N/D
72042A|cf72042a|72042|TLALNEPANTLA 10|ESTADO DE MÉXICO|A|FRANQUICIA|PLANTA EL FUERTE (EJE SATELITE)|49|LOCAL 8|VIVEROS DEL VALLE|TLALNEPANTLA DE BAZ|54060|ESTADO DE MÉXICO|AV. EJE SATELITE|CALLE 6 B EJE SATELITE|0|5553620006|#N/D
72053A|cf72053a|72053|LOS HEROES TECAMAC 2, TECAMAC|ESTADO DE MÉXICO|A|FRANQUICIA|JARDINES|MZ. 34|LT. 1|LOS HEROES TECAMAC|TECAMAC|55763|ESTADO DE MÉXICO|6A. CERRADA DE BLVD. JARDINES|JARDINES MEDINA|JARDINES DE TENERIFFE|5549772097|#N/D
72060A|cf72060a|72060|COACALCO 4|ESTADO DE MÉXICO|A|FRANQUICIA|16 DE SEPTIEMBRE|2||SAN FRANCISCO COACALCO (CABECERA MUNICIPAL)|COACALCO DE BERRIOZABAL|55700|ESTADO DE MÉXICO|BARTOLOME FLORES|IXTLEMEMELIXTLE|VICENTE GUERRERO|5515420085|#N/D
72115A|cf72115a|72115|TEMAMATLA 1, MEX.|ESTADO DE MÉXICO|A|FRANQUICIA|DURANGO|13|LOCAL G 3|SAN JUAN TEMAMATLA|TEMAMATLA|56650|ESTADO DE MÉXICO|RIO SAN JUAN|YUCATAN|ZACATECAS|5517118472|#N/D
7215A|cf7215a|7215|LOS REYES LA PAZ 2|ESTADO DE MÉXICO|A|FRANQUICIA|12|MZ. 95|LT. 4 Y 5|VALLE DE LOS REYES|LA PAZ|56430|ESTADO DE MÉXICO|11|12|TLALNEPANTLA|5558584900|#N/D
72229A|cf72229a|72229|TEOLOYUCAN 2, MEX|ESTADO DE MÉXICO|A|FRANQUICIA|5 DE MAYO|S/N||TEPANQUIAHUAC|TEOLOYUCAN|54770|ESTADO DE MÉXICO|HIDALGO|CIPRES|AV. DEL FERROCARRIL|5558814964|#N/D
7222A|cf7222a|7222|AMECAMECA 1, MEX.|ESTADO DE MÉXICO|A|FRANQUICIA|ADOLFO LOPEZ MATEOS|2||AMECAMECA DE JUAREZ|AMECAMECA|56900|ESTADO DE MÉXICO|REFORMA|MARIANO ABASOLO|CALLE RELOX|5979784860|#N/D
72240A|cf72240a|72240|LOS REYES LA PAZ 3|ESTADO DE MÉXICO|A|FRANQUICIA|SAN FRANCISCO|10||LOS REYES ACAQUILPAN CENTRO|LA PAZ|56400|ESTADO DE MÉXICO|BENITO JUAREZ|IGNACIO ALDAMA|PUEBLA|5558564024|#N/D
72245A|cf72245a|72245|ACAMBAY 2, MEX|ESTADO DE MÉXICO|A|FRANQUICIA|CONSTITUCION|33|A|ACAMBAY CENTRO|ACAMBAY DE RUIZ CASTAÑEDA|50300|ESTADO DE MÉXICO|CARRETERA PANAMERICANA|ALFONSO NAVARRETE|0|7181272009|#N/D
72255A|cf2255a|72255|TULTITLAN 10|ESTADO DE MÉXICO|A|FRANQUICIA|PRADOS|6||SAN PABLO DE LAS SALINAS|TULTITLAN|54930|ESTADO DE MÉXICO|MAGNOLIAS|EJE 3|0|5558798734|#N/D
7225A|cf7225a|7225|TEPOZOTLAN 1|ESTADO DE MÉXICO|A|FRANQUICIA|BENITO JUAREZ|4||TLACATECO|TEPOTZOTLAN|54605|ESTADO DE MÉXICO|ESQ. EVA SAMANO LOPEZ MATEOS|0|0|5939153429|#N/D
72285A|cf72285a|72285|LAZARO CARDENAS 2, TLALNEPANTLA|ESTADO DE MÉXICO|A|FRANQUICIA|VOLCANES|MZ. 421|LT. 4038|LAZARO CARDENAS 1A SECCION|TLALNEPANTLA DE BAZ|54189|ESTADO DE MÉXICO|MONTAÑISTAS DE MEXICO|ACAYUCAN|CLUB SIERRA|5520624091|#N/D
72315A|cf72315a|72315|CHALCO 9, MEX|ESTADO DE MÉXICO|A|FRANQUICIA|CHALCO - MIXQUIC|KM 2.4|LOCAL 79|LOS VOLCANES|CHALCO|56600|ESTADO DE MÉXICO|AV. IZTLACIHUATL|BOULEVARD DE LOS VOLCANES|AV. POPOCATEPETL|5559733737|#N/D
72331A|cf72331a|72331|HUEHUETOCA 4, MEX.|ESTADO DE MÉXICO|A|FRANQUICIA|PASEO DEL CACAO|S/N|N/A|SANTA TERESA VI|HUEHUETOCA|54694|ESTADO DE MÉXICO|ESQ. PASEO DEL MANGO|CARR. TULA - LA JOROBAS|0|5589918325|#N/D
72359A|cf72359a|72359|TEOTIHUACAN 1, MEX.|ESTADO DE MÉXICO|A|FRANQUICIA|VICENTE GUERRERO|19||SAN JUAN TEOTIHUACAN DE ARISTA|TEOTIHUACAN|55800|ESTADO DE MÉXICO|25 REGIMIENTO|MARIANO ARISTA|0|5949332078|#N/D
72365A|cf72365a|72365|PARQUES DE LA HERRADURA, MEX|ESTADO DE MÉXICO|A|FRANQUICIA|INTERLOMAS|5|LOCAL K 6B P.B.|PARQUES DE LA HERRADURA|HUIXQUILUCAN|52786|ESTADO DE MÉXICO|PASEO DE LA HERRADURA|BOULEVARD MAGNOCENTRO|0|5563051577|#N/D
72380A|cf72380a|72380|BENITO JUAREZ 2, NEZAHUALCOYOTL|ESTADO DE MÉXICO|A|FRANQUICIA|DR. GUSTAVO BAZ|294||BENITO JUAREZ|NEZAHUALCOYOTL|57000|ESTADO DE MÉXICO|ESQ. LAS ISABELES|0|0|5511089291|#N/D
72422A|cf2422a|72422|CIUDAD AZTECA 2|ESTADO DE MÉXICO|A|FRANQUICIA|DE LOS AZTECAS|103||CIUDAD AZTECA 1A SECC|ECATEPEC DE MORELOS|55120|ESTADO DE MÉXICO|ACOLMAN|CHICOLOAPAN|OTUMBA|5524590834|#N/D
7242A|cf7242a|7242|METEPEC 2|TOLUCA|A|FRANQUICIA|PASEO SAN ISIDRO|108|D Y E|ESPIRITU SANTO|METEPEC|52140|TOLUCA|HIDALGO|5 DE MAYO|0|7222322307|TOLUCA
72459A|cf72459a|72459|AMECAMECA 3|ESTADO DE MÉXICO|A|FRANQUICIA|FRAY MARTIN DE VALENCIA|14||AMECAMECA DE JUAREZ|AMECAMECA|56900|ESTADO DE MÉXICO|SILVESTRE LOPEZ|PLAZA DE LA CONSTITUCION|MIGUEL HIDALGO|5979785121|#N/D
72462A|cf72462a|72462|ECATEPEC 21, MEX|ESTADO DE MÉXICO|A|FRANQUICIA|DE LOS CHOPOS|MZ 13|LT 15|SAN CRISTOBAL|ECATEPEC DE MORELOS|55024|ESTADO DE MÉXICO|ESQUINA FRESNO|OYAMEL|HIGUERA|5528376183|#N/D
72466A|cf72466a|72466|CUAUTITLAN IZCALLI 18|ESTADO DE MÉXICO|A|FRANQUICIA|BOREAL|31||ATLANTA|CUAUTITLAN IZCALLI|54740|ESTADO DE MÉXICO|PLANICIE|PAMPA|DEL LLANO|5511130926|#N/D
72470A|cf72470a|72470|LAS PEÑITAS 1, ATIZAPAN DE ZARAGOZA|ESTADO DE MÉXICO|A|FRANQUICIA|ADOLFO LOPEZ MATEOS|19||LAS PEÑITAS|ATIZAPAN DE ZARAGOZA|52920|ESTADO DE MÉXICO|ESQ. ENRIQUE BARRERA|ALAMOS|CHABACANO|5552471805|#N/D
72472A|cf72472a|72472|XONACATLAN 4|TOLUCA|A|FRANQUICIA|DEL CANAL|1||SAN FRANCISCO XONACATLAN DE VICENCIO|XONACATLAN|52060|TOLUCA|VICENTE GUERRERO|DOLORES|MARIANO MATAMOROS|7196906813|TOLUCA
72489A|cf72489a|72489|BENITO JUAREZ 6, NEZAHUALCOYOTL|ESTADO DE MÉXICO|A|FRANQUICIA|ADOLFO LOPEZ MATEOS|589||BENITO JUAREZ|NEZAHUALCOYOTL|57000|ESTADO DE MÉXICO|CIELITO LINDO|AMANECER RANCHERO|BARCA DE ORO|5515583900|#N/D
72513A|cf72513a|72513|ZINACANTEPEC 8, MEX.|TOLUCA|A|FRANQUICIA|ALMOLOYA DE JUAREZ|MZ. 1|LOCALES 6 Y 7|EL PORVENIR|ZINACANTEPEC|51355|TOLUCA|CARRETERA AL PORVENIR|0|0|7223165565|TOLUCA
72518A|cf72518a|72518|CHALCO 5|ESTADO DE MÉXICO|A|FRANQUICIA|LOS HEROES CHALCO|MZ 26 LT 57|LOCAL 2|LOS HEROES CHALCO SECCION II|CHALCO|56644|ESTADO DE MÉXICO|AV. CUAUTLALPAN|CUAUTZINGO|N/A|5551241110|#N/D
72519A|cf72519a|72519|METEPEC 15|TOLUCA|A|FRANQUICIA|HACIENDA LA QUEMADA|2|A|SAN FRANCISCO|METEPEC|52176|TOLUCA|HACIENDA ECHEGARAY|JARAL DEL BERRIO|0|7221802712|TOLUCA
7256A|cf7256a|7256|TENANCINGO 1|TOLUCA|A|FRANQUICIA|FELIPE DE LA PIEDRA|7||TENANCINGO DE DEGOLLADO CENTRO|TENANCINGO|52400|TOLUCA|ESQ. FELIPE DE LA PIEDRA|0|0|7141425375|TOLUCA
72608A|cf72608a|72608|JILOTEPEC 3, MEX.|TOLUCA|A|FRANQUICIA|ANDRES MOLINA ENRIQUEZ|S/N||JILOTEPEC DE MOLINA ENRIQUEZ|JILOTEPEC|54240|TOLUCA|CONSTITUYENTES|REFORMA ORIENTE|CONSTITUYENTES|7616904296|TOLUCA
7260A|cf7260a|7260|CHIMALHUACAN 1|ESTADO DE MÉXICO|A|FRANQUICIA|NEZAHUALCOYOTL|5||SANTA MARIA CHIMALHUACAN|CHIMALHUACAN|56330|ESTADO DE MÉXICO|ESQ. LA PAZ|0|0|5558528058|#N/D
7260B|cf7260b|7260|CHIMALHUACAN 1|ESTADO DE MÉXICO|B|FRANQUICIA|NEZAHUALCOYOTL|5||SANTA MARIA CHIMALHUACAN|CHIMALHUACAN|56330|ESTADO DE MÉXICO|ESQ. LA PAZ|0|0|5558528058|#N/D
72612A|cf72612a|72612|SAN FRANCISCO CHIMALPA 1|ESTADO DE MÉXICO|A|FRANQUICIA|NAUCALPAN - TOLUCA|S/N||SAN FRANCISCO CHIMALPA|NAUCALPAN DE JUAREZ|53650|ESTADO DE MÉXICO|YONGUA|DE LOS PINOS|YONGUA|5589082151|#N/D
72646A|cf72646a|72646|CUAUTITLAN IZCALLI 22|ESTADO DE MÉXICO|A|FRANQUICIA|HUEHUETOCA|MZ 23 LT 1|E 10 AB|EX-HACIENDA SAN MIGUEL|CUAUTITLAN IZCALLI|54715|ESTADO DE MÉXICO|JORGE JIMENEZ CANTU|PONIENTE|DE LOS LAURELES|5522112911|#N/D
7270A|cf7270a|7270|NAUCALPAN 15|ESTADO DE MÉXICO|A|FRANQUICIA|CIRCUNVALACION PONIENTE|E-14|LOCAL 2|CIUDAD SATELITE|NAUCALPAN DE JUAREZ|53100|ESTADO DE MÉXICO|TEODOSIO LAREST|FERNANDO DE LA FUENTE|0|5555627413|#N/D
72710A|cf72710a|72710|TOLUCA 54|TOLUCA|A|FRANQUICIA|AGRIPIN GARCIA ESTRADA|403||SANTA CRUZ AZCAPOTZALTONGO|TOLUCA|50290|TOLUCA|21 DE MARZO|RIO GRIJALVA|ALFREDO DEL MAZO|7222279143|TOLUCA
72711A|cf72711a|72711|TOLUCA 55|TOLUCA|A|FRANQUICIA|INDEPENDENCIA|2||CALIXTLAHUACA|TOLUCA|50280|TOLUCA|PEDRO ASCENCIO|CALLEJON ROMERO|HIDALGO|7222266794|TOLUCA
72729A|cf2729a|72729|CIUDAD AZTECA 3|ESTADO DE MÉXICO|A|FRANQUICIA|CENTRAL|MZ 632 LT 50||CIUDAD AZTECA|ECATEPEC DE MORELOS|55120|ESTADO DE MÉXICO|LOS PADRES|DE LOS GUERREROS|CITLALTEPETL|5524590431|#N/D
72767A|cf72767a|72767|COYOTEPEC 2 MEX.|ESTADO DE MÉXICO|A|FRANQUICIA|CONSTITUCION|S/N||COYOTEPEC|COYOTEPEC|54660|ESTADO DE MÉXICO|EMILIANO ZAPATA|AV. HIDALGO SUR|5 DE MAYO|5558724076|#N/D
72780A|cf72780a|72780|OJO DE AGUA 1 TECAMAC|ESTADO DE MÉXICO|A|FRANQUICIA|DE LA CANDELARIA|MANZ 61 LT 2||OJO DE AGUA|TECAMAC|55770|ESTADO DE MÉXICO|PASEO DEL ALHELI|PASEO DE LOS PENSAMIENTOS|PASEO DE LOS TULIPANES|5559387130|#N/D
72801A|cf72801a|72801|TEMASCALCINGO 4, MEX.|TOLUCA|A|FRANQUICIA|ALFREDO DEL MAZO|3||TEMASCALCINGO DE JOSE MARIA VELAZCO|TEMASCALCINGO|50400|TOLUCA|MARIANO MATAMOROS|INDEPENDENCIA|0|7181260863|TOLUCA
7280A|cf7280a|7280|VILLA VICTORIA 3, MEX|TOLUCA|A|FRANQUICIA|LAZARO CARDENAS|S/N||VILLA VICTORIA|VILLA VICTORIA|50960|TOLUCA|MARIANO MATAMOROS|5 DE MAYO|0|7262515959|TOLUCA
72827A|cf72827a|72827|VALLE SAN PEDRO|ESTADO DE MÉXICO|A|FRANQUICIA|LAGO BAYKAL|MZ.6|LT. 2|VALLE SAN PEDRO URBI VILLA DEL CAMPO|TECAMAC|55767|ESTADO DE MÉXICO|VALLE SAN GABRIEL|LAGO CONSTANZA|0|5592785006|#N/D
7282A|cf0282a|7282|ATLACOMULCO 1|TOLUCA|A|FRANQUICIA|JOSE MARIA MORELOS Y PAVON|100||ATLACOMULCO DE FABELA|ATLACOMULCO|50450|TOLUCA|MIGUEL HIDALGO|ISIDRO FABELA|0|7121228641|TOLUCA
72835A|cf72835a|72835|COYOTEPEC 3|ESTADO DE MÉXICO|A|FRANQUICIA|CONSTITUCION|S/N||SANTIAGO|COYOTEPEC|54660|ESTADO DE MÉXICO|AMADO NERVO|JUAN ESCUTIA|0|5919185680|#N/D
72870A|cf72870a|72870|TOLUCA 56|TOLUCA|A|FRANQUICIA|PASEO OTZACATIPAN|116||SAN MATEO OTZACATIPAN|TOLUCA|50220|TOLUCA|ESQ. JUAN JOSE MARTINEZ DE LOS|SAN MATEO|0|7224813182|TOLUCA
72918A|cf72918a|72918|SAN MIGUEL XOCHIMANGA 1, ATIZAPAN|ESTADO DE MÉXICO|A|FRANQUICIA|NEZAHUALCOYOTL|MZ. 130|LT. 1|SAN MIGUEL XOCHIMANGA|ATIZAPAN DE ZARAGOZA|52927|ESTADO DE MÉXICO|ESQ. AV. LAGO DE GUADALUPE|AV. XOCHIMANGA|MOCTEZUMA|5653059492|#N/D
72932A|cf72932a|72932|METEPEC 20|TOLUCA|A|FRANQUICIA|EUCALIPTOS|206||CASA BLANCA|METEPEC|52175|TOLUCA|ESQ. PASEO DE LOS SAUCES|PINOS|CIPRES|7229381416|TOLUCA
72952A|cf72952a|72952|OCOYOACAC 2|ESTADO DE MÉXICO|A|FRANQUICIA|INDEPENDENCIA|59||SAN PEDRO CHOLULA|OCOYOACAC|52757|ESTADO DE MÉXICO|ESQ. FRANCISCO I MADERO|BENITO JUAREZ|AV. MIGUEL HIDALGO|7282875559|#N/D
72970A|cf72970a|72970|CHAPULTEPEC 1, MEX.|TOLUCA|A|FRANQUICIA|LIBERTAD|21||SANTA TERESA|CHAPULTEPEC|52244|TOLUCA|ESQUINA LEANDRO VALLE|PRIVADA LIBERTAD|DE LA HORTALIZA|7229442241|TOLUCA
72971A|cf72971a|72971|SAN ONOFRE CENTRO, MEX|TOLUCA|A|FRANQUICIA|SAN ONOFRE CENTRO (CARMONA)|S/N||SAN ONOFRE CENTRO (CARMONA)|SAN JOSE DEL RINCON|50663|TOLUCA|0|CARRETERA A EL ORO|0|7125960121|TOLUCA
72973A|cf72973a|72973|PROVIDENCIA EJIDO EL DEPOSITO, MEX|TOLUCA|A|FRANQUICIA|VILLA VICTORIA-EL ORO|S/N||PROVIDENCIA EJIDO EL DEPOSITO|SAN JOSE DEL RINCON|50670|TOLUCA|0|0|0|7227995392|TOLUCA
72974A|cf72974a|72974|VILLA VICTORIA 4, MEX|TOLUCA|A|FRANQUICIA|TOLUCA-ZITACUARO|S/N||JESUS MARIA|VILLA VICTORIA|50963|TOLUCA|0|0|0|7292344084|TOLUCA
72986A|cf72986a|72986|TOLUCA 57|TOLUCA|A|FRANQUICIA|ANDRES QUINTANA ROO|300||LA MERCED (ALAMEDA)|TOLUCA|50080|TOLUCA|ESQ. AV. JOSE MARIA MORELOS Y|CONSTITUYENTES|EDUARDO GONZALEZ PICHARDO|7229564748|TOLUCA
73027A|cf73027a|73027|TOLUCA 58|TOLUCA|A|FRANQUICIA|ISIDRO FABELA|411||REFORMA Y FNM (SAN JUAN BAUTISTA)|TOLUCA|50070|TOLUCA|LERDO DE TEJADA|JESUS GONZALEZ ORTEGA|ISABEL LA CATOLICA|7222141948|TOLUCA
73062A|cf73062a|73062|TEMASCALTEPEC DE GONZALEZ 1, MEX.|TOLUCA|A|FRANQUICIA|ITURBIDE|21||TEMASCALTEPEC DE GONZALEZ|TEMASCALTEPEC|51300|TOLUCA|ABASOLO|RIVAPALACIO|0|7162665558|TOLUCA
73080A|cf73080a|73080|METEPEC 21|TOLUCA|A|FRANQUICIA|LEONA VICARIO|331|G|CAMPESTRE DEL VALLE|METEPEC|52177|TOLUCA|JOSE MA. MORELOS|CAMINO A LA HORTALIZA|0|7222971671|TOLUCA
73085A|cf73085a|73085|AGUA AZUL 1, NEZAHUALCOYOTL|ESTADO DE MÉXICO|A|FRANQUICIA|LAGO SAN PEDRO|201||AGUA AZUL GRUPO A SUPER 4|NEZAHUALCOYOTL|57500|ESTADO DE MÉXICO|ESQ. AV. CHIMALHUACAN|LAGUNA TERMINOS|LAGO PEIPUS|5515582072|#N/D
73088A|cf73088a|73088|TOLUCA 59|TOLUCA|A|FRANQUICIA|DE LAS ARBOLEDAS|1||JARDINES DE LA CRESPA|TOLUCA|50016|TOLUCA|ESQ. CIRCUITO DEL PINAR|CAMINO DELOS BOSQUES|PINAR PTE.|7226362286|TOLUCA
73098A|cf73098a|73098|IXTAPALUCA 2, MEX|ESTADO DE MÉXICO|A|FRANQUICIA|IGNACIO MANUEL ALTAMIRANO|36|BODEGA 7|LA VENTA|IXTAPALUCA|56530|ESTADO DE MÉXICO|NOGALES|AV. SAN BUENAVENTURA|CARRIL CAPULIN|5526066386|#N/D
7309A|cf7309a|7309|XONACATLAN 1|TOLUCA|A|FRANQUICIA|FRANCISCO SARABIA|1||SAN FRANCISCO XONACATLAN DE VICENCIO|XONACATLAN|52060|TOLUCA|ESQ. VICENTE GUERRERO|0|0|7196909485|TOLUCA
7309B|cf7309b|7309|XONACATLAN 1|TOLUCA|B|FRANQUICIA|FRANCISCO SARABIA|1||SAN FRANCISCO XONACATLAN DE VICENCIO|XONACATLAN|52060|TOLUCA|ESQ. VICENTE GUERRERO|0|0|7196909485|TOLUCA
73115A|cf73115a|73115|ATLACOMULCO 4|TOLUCA|A|FRANQUICIA|MARIO COLIN SANCHEZ|S/N||CUATRO MILPAS|ATLACOMULCO|50455|TOLUCA|ISAIAS MONROY CRUZ|0|ROBERTO BARRIOS CASTRO|7121248409|TOLUCA
73135A|cf73135a|73135|SAN MATEO IXTACALCO, CUAUTITLAN|ESTADO DE MÉXICO|A|FRANQUICIA|CUAUTITLAN MELCHOR OCAMPO|MZ 60 LT 5||SAN MATEO IXTACALCO|CUAUTITLAN|54800|ESTADO DE MÉXICO|MARIA GUADALUPE SUAREZ|CAMINO A RANCHO XALTIPA|SAN ESTEBAN|5590173399|#N/D
73167A|cf73167a|73167|SAN FELIPE DEL PROGRESO 3, MEX.|TOLUCA|A|FRANQUICIA|JOSE MARIA MORELOS|102||SAN FELIPE DEL PROGRESO CENTRO|SAN FELIPE DEL PROGRESO|50640|TOLUCA|ALBERTO GARDUÑO|FERNANDO OROZCO Y BERRA|MANAGER LUPE SANCHEZ|7121236818|TOLUCA
73197A|cf73197a|73197|TOLUCA 60|TOLUCA|A|FRANQUICIA|TAMARINDOS|MZ. 8|LT. 21|LOS SAUCES II|TOLUCA|50210|TOLUCA|ESQ. PASEO DE LOS EUCALIPTOS|SIEMPRE VIVA|TULIPANES|7221325122|TOLUCA
73216A|cf73216a|73216|EL ORO 2, MEX.|ESTADO DE MÉXICO|A|FRANQUICIA|INDEPENDENCIA|8||EL ORO DE HIDALGO|EL ORO|50600|ESTADO DE MÉXICO|ALTAMIRANO|16 DE SEPTIEMBRE|CALLEJON SOCORRO|7111257042|#N/D
73254A|cf73254a|73254|TOLUCA 61|ESTADO DE MÉXICO|A|FRANQUICIA|JOSE LOPEZ PORTILLO|601||SAN LORENZO TEPALTITLAN CENTRO|TOLUCA|50010|ESTADO DE MÉXICO|GANADERIA|LK|DEL RASTRO|7222365070|#N/D
73256A|cf73256a|73256|EMILIANO ZAPATA 1, ECATEPEC|ESTADO DE MÉXICO|A|FRANQUICIA|FRANCISCO VILLA|MZ. 1 LT.  14||EMILIANO ZAPATA 2DA SECCION|ECATEPEC DE MORELOS|55270|ESTADO DE MÉXICO|ESQ. JOHN F. KENNEDY|SALVADOR SANCHEZ COLIN|PEDRO MARIA ANAYA|5594599843|#N/D
73275A|cf73275a|73275|CARLOS HANK GONZALEZ 1, ECATEPEC|ESTADO DE MÉXICO|A|FRANQUICIA|CAMINO A SAN ANDRES|9||CARLOS HANK GONZALEZ|ECATEPEC DE MORELOS|55520|ESTADO DE MÉXICO|CALLE 111|CALLE 113|CALLE 1|5557914420|#N/D
73290A|cf73290a|73290|JARDINES DE SAN MATEO 1, NAUCALPAN|ESTADO DE MÉXICO|A|FRANQUICIA|ADOLFO LOPEZ MATEOS|2|LOCAL A|JARDINES DE SAN MATEO|NAUCALPAN DE JUAREZ|53240|ESTADO DE MÉXICO|ALCANFORES|PRIVADA DE LOS CIPRESES|OLIVOS|5558159048|#N/D
73306A|cf73306a|73306|SAN MATEO ATARASQUILLO, MEX|ESTADO DE MÉXICO|A|FRANQUICIA|INDEPENDENCIA|36|LOCAL 4|SAN MATEO ATARASQUILLO|LERMA|52044|ESTADO DE MÉXICO|ESQUINA MONTES DE OCA|NIÑO PERDIDO|SOR JUANA|7282812160|#N/D
73324A|cf73324a|73324|TEMOAYA 3, MEX|TOLUCA|A|FRANQUICIA|REFORMA|116||TEMOAYA|TEMOAYA|50850|TOLUCA|PORTAL JOSE MARIA MORELOS Y|MELCHOR OCAMPO|MELCHOR OCAMPO|7192650761|TOLUCA
73344A|cf73344a|73344|METROPOLITANA 1A SECC. 2, NEZA|ESTADO DE MÉXICO|A|FRANQUICIA|PANTITLAN|299||METROPOLITANA PRIMERA SECCION|NEZAHUALCOYOTL|57730|ESTADO DE MÉXICO|ADOLFO LOPEZ MATEOS|CAPUCHINAS|COATEPEC|5557659156|#N/D
73345A|cf73345a|73345|NICOLAS ROMERO 7|ESTADO DE MÉXICO|A|FRANQUICIA|LOMA DE CHAPULTEPEC|148||LA COLMENA|NICOLAS ROMERO|54475|ESTADO DE MÉXICO|ESQ. CASCADA|PRINCIPAL DE LAS HUERTAS|PROGRESO|5526495238|#N/D
73354A|cf73354a|73354|TOLUCA 62|TOLUCA|A|FRANQUICIA|SANTA ELENA|1300|LOCALES 3 Y 4|RINCON DE SAN LORENZO|TOLUCA|50017|TOLUCA|LOS SAUCES|GIRASOLES 1|GIRASOLES|7228689628|TOLUCA
73356A|cf73356a|73356|METEPEC 16|TOLUCA|A|FRANQUICIA|FUENTE DE LAS MUSAS|200||SAN GABRIEL|METEPEC|52159|TOLUCA|ESQ. PASEO SAN GABRIEL|PASEO DE AFRODITA|PASEO DE MINERVA|7221802275|TOLUCA
73389A|cf73389a|73389|ACULCO 2, MEX.|TOLUCA|A|FRANQUICIA|MACARIO PEREZ|5||ACULCO DE ESPINOZA|ACULCO|50360|TOLUCA|ABASOLO|HIDALGO|INSURGENTES|7181240876|TOLUCA
73399A|cf73399a|73399|CUAUTITLAN IZCALLI 26|ESTADO DE MÉXICO|A|FRANQUICIA|DE LOS OCEANOS|3||ATLANTA|CUAUTITLAN IZCALLI|54740|ESTADO DE MÉXICO|ESQ. TEMPANO|ICEBERG|0|5558818661|#N/D
73400A|cf73400a|73400|CUAUTITLAN IZCALLI 24|ESTADO DE MÉXICO|A|FRANQUICIA|BOSQUES AUSTRIACOS|2 MZ. 5|LT. 29|BOSQUES DE LA HACIENDA|CUAUTITLAN IZCALLI|54715|ESTADO DE MÉXICO|ESQ. PASEO DE LOS BOSQUES|BOSQUES CANADIENSES|BOSQUE DE CHAPULTEPEC|5558179753|#N/D
73423A|cf73423a|73423|SAN PEDRO EL ALTO, MEX|TOLUCA|A|FRANQUICIA|SAN FELIPE DEL PROGRESO-IXTLAHUACA|S/N||SAN PEDRO EL ALTO|SAN FELIPE DEL PROGRESO|50684|TOLUCA|ESQ. SIN NOMBRE|AV. PRINCIPAL|SIN NOMBRE|7121045365|TOLUCA
7342A|cf7342a|7342|ECATEPEC 18|ESTADO DE MÉXICO|A|FRANQUICIA|JARDINES DE MORELOS|133||JARDINES DE MORELOS SECCION FUENTES|ECATEPEC DE MORELOS|55070|ESTADO DE MÉXICO|FUENTES DE VULCANO|FUENTE DE TREVI|AV. JARDINES DE MORELOS|5558374456|#N/D
7342B|cf7342b|7342|ECATEPEC 18, MEX|ESTADO DE MÉXICO|B|FRANQUICIA|JARDINES DE MORELOS|133||JARDINES DE MORELOS SECCION FUENTES|ECATEPEC DE MORELOS|55070|ESTADO DE MÉXICO|FUENTES DE VULCANO|FUENTE DE TREVI|AV. JARDINES DE MORELOS|5558374456|#N/D
73440A|cf73440a|73440|PASEOS DEL BOSQUE, TECAMAC|ESTADO DE MÉXICO|A|FRANQUICIA|VALLE SAN PEDRO MANZANA|21|LOTE 2|PASEOS DEL BOSQUE|TECAMAC|55767|ESTADO DE MÉXICO|ENCINO|ENCINO ROJO|ENCINO SAUCILLO|5513275269|#N/D
73443A|cf73443a|73443|SAN LUIS TLATILCO 1, NAUCALPAN|ESTADO DE MÉXICO|A|FRANQUICIA|1 ERO DE MAYO|83||SAN LUIS TLALTILCO|NAUCALPAN DE JUAREZ|53580|ESTADO DE MÉXICO|VAGONES|SAN ANDRES ATOTO|VENUSTIANO CARRANZA|5521663421|#N/D
73451A|cf73451a|73451|NAUCALPAN 11|ESTADO DE MÉXICO|A|FRANQUICIA|MAGDALENA|18||LA MANCHA III|NAUCALPAN DE JUAREZ|53714|ESTADO DE MÉXICO|CADETE DE INFANTERIA|ESCUELA MILITAR DE ENFERMERIA|0|5515409403|#N/D
73455A|cf73455a|73455|SAN MIGUEL ALMOLOYAN 1, MEX.|TOLUCA|A|FRANQUICIA|TOLUCA - ZITACUARO|S/N||SAN MIGUEL ALMOLOYAN|ALMOLOYA DE JUAREZ|50906|TOLUCA|ESQ. TOLUCA MORELIA|EMILIANO ZAPATA|0|7251748053|TOLUCA
73474A|cf73474a|73474|LA FLORESTA 1, MEX.|TOLUCA|A|FRANQUICIA|INDEPENDENCIA|339||LA FLORESTA|TOLUCA|50227|TOLUCA|PREVISTA|ARETUSA|ERITIA|7225240756|TOLUCA
73478A|cf73478a|73478|SAN PABLO AUTOPAN 1, MEX.|TOLUCA|A|FRANQUICIA|INDEPENDENCIA|116||SAN PABLO AUTOPAN|TOLUCA|50290|TOLUCA|NICOLAS BRAVO|CONSTITUCION|MIGUEL HIDALGO Y COSTILLA|7222969656|TOLUCA
73509A|cf73509a|73509|ECATEPEC 33, MEX|ESTADO DE MÉXICO|A|FRANQUICIA|JARDINES DE MORELOS|MZ 316 LT 12||JARDINES DE MORELOS SECCION ELEMENTOS|ECATEPEC DE MORELOS|55070|ESTADO DE MÉXICO|CELLISCA|CALOR|BRISA|5513830011|#N/D
73545A|cf73545a|73545|EL SOCORRO, CUAUTITLAN IZCALLI|ESTADO DE MÉXICO|A|FRANQUICIA|SAN MATEO XHALA|25||EL SOCORRO|CUAUTITLAN IZCALLI|54714|ESTADO DE MÉXICO|ESQUINA RIO DANUBIO|RIO DURAZNO|RIO DURAZNO|5931221339|#N/D
73546A|cf73546a|73546|CALIMAYA 1, MEX.|TOLUCA|A|FRANQUICIA|BENITO JUAREZ|47||LOS ANGELES|CALIMAYA|52203|TOLUCA|LA JOYA PTE.|IGNACIO ZARAGOZA|ZARAGOZA|7221717440|TOLUCA
73551A|cf73551a|73551|SANTA MONICA, MEX|ESTADO DE MÉXICO|A|FRANQUICIA|EMILIANO ZAPATA|5||SANTA MONICA|OCUILAN|52484|ESTADO DE MÉXICO|GALEANA|BENITO JUAREZ|LAURELES|7141031538|#N/D
73556A|cf73556a|73556|PASEO DE SAN JUAN, ZUMPANGO|ESTADO DE MÉXICO|A|FRANQUICIA|CEIBA|MZ. 3 LT.7||PASEOS DE SAN JUAN|ZUMPANGO|55634|ESTADO DE MÉXICO|ESQUINA PASEO RICINO|PASEO CORALILLO|SAN JUAN DE LA LABOR|5939184002|#N/D
73563A|cf73563a|73563|TEMASCALTEPEC DE GONZALEZ 2, MEX.|TOLUCA|A|FRANQUICIA|PLAZA JUAREZ|4||TEMASCALTEPEC DE GONZALEZ|TEMASCALTEPEC|51300|TOLUCA|ITURBIDE|RIVA PALACIO|0|7162665491|TOLUCA
73569A|cf73569a|73569|SAN MIGUEL AMEYALCO, MEX|ESTADO DE MÉXICO|A|FRANQUICIA|HIDALGO|13||SAN MIGUEL AMEYALCO|LERMA|52040|ESTADO DE MÉXICO|ESQ. JOSE MARIA MORELOS|SONORA|PUEBLA|7282813373|#N/D
73577A|cf73577a|73577|MEXICO NUEVO 1, ATIZAPAN|ESTADO DE MÉXICO|A|FRANQUICIA|ADOLFO LOPEZ MATEOS|65|LOCAL 1|MEXICO NUEVO|ATIZAPAN DE ZARAGOZA|52966|ESTADO DE MÉXICO|JUAN ANGULO|VERACRUZ|GUANAJUATO|5558243777|#N/D
73581A|cf73581a|73581|CUAUTITLAN 28|ESTADO DE MÉXICO|A|FRANQUICIA|AMADO NERVO|57|LOCALES 14 Y 15|PASEOS DE CUAUTITLAN|CUAUTITLAN|54807|ESTADO DE MÉXICO|DE LOS PINOS|FERRONALES|JAZMINES|5526200351|#N/D
73586A|cf73586a|73586|SAN LUCAS TEPETLACALCO 1, TLALNEPAN|ESTADO DE MÉXICO|A|FRANQUICIA|MADIN|35||SAN LUCAS TEPETLACALCO|TLALNEPANTLA DE BAZ|54055|ESTADO DE MÉXICO|ESQ. 18 DE MARZO|2 DE ABRIL|MORELOS|5558018597|#N/D
73597A|cf73597a|73597|SAN BUENAVENTURA 4, IXTAPALUCA|ESTADO DE MÉXICO|A|FRANQUICIA|DE SAN BUENAVENTURA|MZ 69 LT 69|LOCAL 15 Y 16|SAN BUENAVENTURA|IXTAPALUCA|56536|ESTADO DE MÉXICO|PASEO DE ALBA|PASEO DE SAN BUENAVENTURA|0|5591377573|#N/D
73618A|cf73618a|73618|SANTA MARIA JAJALPA, MEX|TOLUCA|A|FRANQUICIA|AGUSTIN DE ITURBIDE|99||SANTA MARIA JAJALPA|TENANGO DEL VALLE|52320|TOLUCA|ESQ. LIBERTAD|GALEANA|5 DE MAYO|7171750610|TOLUCA
7361A|cf7361a|7361|TEXCOCO 2|ESTADO DE MÉXICO|A|FRANQUICIA|JUAREZ SUR|107||TEXCOCO DE MORA CENTRO|TEXCOCO|56100|ESTADO DE MÉXICO|AV.NEZAHUALCOYOTL|IGNACIO ALLENDE|0|5959555675|#N/D
73634A|cf73634a|73634|CHALCO 7, MEX|ESTADO DE MÉXICO|A|FRANQUICIA|TLAPALA|MZ 133|LT 11|LOS HEROES CHALCO|CHALCO|56644|ESTADO DE MÉXICO|3ER CTO. DE TLAPALA|1ER CDA. DE AV. CUAUTLALPAN|CERRO COCOTITLAN|5565178273|#N/D
73638A|cf73638a|73638|SANTA CRUZ 1, VALLE DE CHALCO|ESTADO DE MÉXICO|A|FRANQUICIA|EMILIANO ZAPATA|LOTE 29||SAN ISIDRO|VALLE DE CHALCO SOLIDARIDAD|56617|ESTADO DE MÉXICO|ESQ. SUR 4|ISIDRO FABELA|ORIENTE 12|5513262584|#N/D
73652A|cf73652a|73652|SAN MARTIN AZCATEPEC 3, TECAMAC|ESTADO DE MÉXICO|A|FRANQUICIA|ESTADO DE MORELOS|184||SAN MARTIN AZCATEPEC|TECAMAC|55748|ESTADO DE MÉXICO|ESQUINA HUGO CERVANTES|ENRIQUE PEÑA|ESTADO DE TLAXCALA|5549774580|#N/D
73664A|cf73664a|73664|VALLE DE CHALCO 8|ESTADO DE MÉXICO|A|FRANQUICIA|NORTE 6|MZ. 861|LT. 22|CONCEPCION|VALLE DE CHALCO SOLIDARIDAD|56615|ESTADO DE MÉXICO|PTE. 10|CUAUHTEMOC|NORTE 7|5530911516|#N/D
73694A|cf73694a|73694|LOMAS DE ATIZAPAN 1|ESTADO DE MÉXICO|A|FRANQUICIA|ACAMBAY|2||LOMAS DE ATIZAPAN|ATIZAPAN DE ZARAGOZA|52977|ESTADO DE MÉXICO|ESQ. ADOLFO RUIZ CORTINES|CENTENARIO|MEXICO NUEVO|5589544671|#N/D
73700A|cf73700a|73700|NEXTLALPAN, MEX.|ESTADO DE MÉXICO|A|FRANQUICIA|JUAREZ|102||CENTRAL|NEXTLALPAN|55790|ESTADO DE MÉXICO|CJON DE LA PERLA|DOLORES|AVENIDA FELIPE SANCHEZ SOLIS|5589673454|#N/D
73742A|cf73742a|73742|RAYON, MEX|TOLUCA|A|FRANQUICIA|ALBERTO GARCIA|202||SANTA MARIA RAYON CENTRO|RAYON|52360|TOLUCA|JUAN ALDAMA|1RA. CERRADA DE ALBERTO GARCIA|BENITO JUAREZ|7171028618|TOLUCA
73743A|cf73743a|73743|TOLUCA 63, MEX|TOLUCA|A|FRANQUICIA|PASEO CRISTOBAL COLON|1029||MODERNA DE LA CRUZ|TOLUCA|50180|TOLUCA|ESQ. ALBERTO SALINAS|GENERAL ROQUE GONZALEZ|JOSE CLARK FLORES|7222123656|TOLUCA
73744A|cf73744a|73744|AV. OZUMBILLA, TECAMAC|ESTADO DE MÉXICO|A|FRANQUICIA|OZUMBILLA|S/N||LOS HEROES TECAMAC II|TECAMAC|55764|ESTADO DE MÉXICO|ESQ. ALCATRACES|ORQUIDEAS|DE LAS ROSAS|5549793878|#N/D
73747A|cf73747a|73747|TOLUCA 64, MEX|TOLUCA|A|FRANQUICIA|MIGUEL HIDALGO Y COSTILLA|S/N||SAN ANDRES CUEXCONTITLAN|TOLUCA|50200|TOLUCA|MELCHOR OCAMPO|SOLIDARIDAD|VICENTE GUERRERO|7229397530|TOLUCA
73752A|cf73752a|73752|JARDINES DE ATIZAPAN, ATIZAPAN|ESTADO DE MÉXICO|A|FRANQUICIA|PASEO DE SAN FRANCISCO|57||JARDINES DE ATIZAPAN|ATIZAPAN DE ZARAGOZA|52978|ESTADO DE MÉXICO|PASEO DE MEXICO|LOS LAURELES|CEREZOS|5558222882|#N/D
73753A|cf73753a|73753|AV. OZUMBILLA 2, TECAMAC|ESTADO DE MÉXICO|A|FRANQUICIA|OZUMBILLA|MZ 131 LT 108||LOS HEROES TECAMAC II|TECAMAC|55764|ESTADO DE MÉXICO|BOSQUE DE TURQUIA|BOSQUE DE PORTUGAL|1A CERRADA DE BOSQUES DE|5549785511|#N/D
7375A|cf0375a|7375|ACOLMAN 2, MEX.|ESTADO DE MÉXICO|A|FRANQUICIA|PLAZA DE LA CONSTITUCION|6||TEPEXPAN|ACOLMAN|55885|ESTADO DE MÉXICO|5 DE MAYO|MIGUEL HIDALGO|0|5949569610|#N/D
73761A|cf73761a|73761|TEMASCALAPA, MEX|ESTADO DE MÉXICO|A|FRANQUICIA|DR. GUSTAVO BAZ|S/N||SAN JOSE|TEMASCALAPA|55980|ESTADO DE MÉXICO|ALAMOS|DR. BALMIS|CIPRES|5969330838|#N/D
73762A|cf73762a|73762|HUEHUETOCA 5, MEX|ESTADO DE MÉXICO|A|FRANQUICIA|BUENOS AIRES|MZA 33 LT 1||CIUDAD INTEGRAL HUEHUETOCA (GUADALUPE LA GUIÑADA)|HUEHUETOCA|54696|ESTADO DE MÉXICO|PASEO VICTORIA|LA HABANA|PASEO DAKAR|5939141285|#N/D
73780A|cf73780a|73780|OZUMBILLA 3, TECAMAC (PA)|ESTADO DE MÉXICO|A|FRANQUICIA|PUEBLA|3||SANTA MARIA OZUMBILLA|TECAMAC|55760|ESTADO DE MÉXICO|AV 16 DE SEPTIEMBRE|CENTENARIO|JALISCO|5592580386|#N/D
73784A|cf73784a|73784|CHALCO 8, MEX|ESTADO DE MÉXICO|A|FRANQUICIA|TLAPALA|MZ 2 LT 3|LOC 1|LOS HEROES CHALCO|CHALCO|56644|ESTADO DE MÉXICO|POZO CAJONES|POZO EL CEDRAL|POZO EL CEDRAL|5573645042|#N/D
73790A|cf73790a|73790|MELCHOR OCAMPO 2, MEX|ESTADO DE MÉXICO|A|FRANQUICIA|BENITO JUAREZ|S/N||VISITACION|MELCHOR OCAMPO|54890|ESTADO DE MÉXICO|ESQ. FLORES MAGON|FRANCISCO I. MADERO|CORREGIDORA|5919122388|#N/D
73804A|cf73804a|73804|CIUDAD BRISA, NAUCALPAN|ESTADO DE MÉXICO|A|FRANQUICIA|CIRCUNVALACION PONIENTE|10|LOCAL 8|CIUDAD BRISA|NAUCALPAN DE JUAREZ|53280|ESTADO DE MÉXICO|CDA. ARISTOTELES|REFORMA|CDA. ARISTOTELES|5550845901|#N/D
7380A|cf7380a|7380|TEOTIHUACAN 2, MEX.|ESTADO DE MÉXICO|A|FRANQUICIA|HIDALGO|4|B|SAN JUAN TEOTIHUACAN DE ARISTA|TEOTIHUACAN|55800|ESTADO DE MÉXICO|AV. CUAUHTEMOC|FRANCISCO SARABIA|0|5949562955|#N/D
73817A|cf73817a|73817|TOLUCA 65, MEX|TOLUCA|A|FRANQUICIA|16 DE SEPTIEMBRE|S/N||SAN JUAN TILAPA CENTRO|TOLUCA|50255|TOLUCA|ESQ. BENITO JUAREZ|JOSE MARIA MORELOS Y PAVON|INDEPENDENCIA|7223264089|TOLUCA
73837A|cf73837a|73837|CHIMALHUACAN 5, MEX|ESTADO DE MÉXICO|A|FRANQUICIA|MORELOS|28||SAN PABLO|CHIMALHUACAN|56334|ESTADO DE MÉXICO|MORELOS|5 DE MAYO|5 DE MAYO|5515516052|#N/D
73838A|cf73838a|73838|TLALNEPANTLA 19, MEX|ESTADO DE MÉXICO|A|FRANQUICIA|SAN HIPOLITO|S/N||VALLE DE SANTA MONICA|TLALNEPANTLA DE BAZ|54057|ESTADO DE MÉXICO|TONANZINTLAN|BENITO JUAREZ|PROFESA|5591548503|#N/D
7385A|cf7385a|7385|TEOLOYUCAN 1, MEX.|ESTADO DE MÉXICO|A|FRANQUICIA|MIGUEL HIDALGO|49||TLATILCO|TEOLOYUCAN|54770|ESTADO DE MÉXICO|AV. NICOLAS ROMERO|PALMA|0|5558780476|#N/D
73873A|cf73873a|73873|TLALNEPANTLA 20, MEX|ESTADO DE MÉXICO|A|FRANQUICIA|PRESIDENTE JUAREZ|48||TLALNEPANTLA CENTRO|TLALNEPANTLA DE BAZ|54000|ESTADO DE MÉXICO|FELIPE BERRIOZABAL|MORELOS|PORFIRIO DIAZ|5553840806|#N/D
73934A|cf73934a|73934|TOLUCA 73, MEX|ESTADO DE MÉXICO|A|FRANQUICIA|JOSE MARIA PINO SUAREZ|313||5 DE MAYO|TOLUCA|50090|ESTADO DE MÉXICO|ESQUINA INSTITUTO LITERARIO|RINCONADA DE PINO SUAREZ|RINCONADA DE PINO SUAREZ|7223203569|#N/D
73938A|cf73938a|73938|PLAZA PATIO AYOTLA, IXTAPALUCA|ESTADO DE MÉXICO|A|FRANQUICIA|FEDERAL MEXICO-PUEBLA|S/N||AYOTLA|IXTAPALUCA|56560|ESTADO DE MÉXICO|FRANCISCO JAVIER MINA|DEL TRABAJO|AGRICULTORES|5522300524|#N/D
73951A|cf73951a|73951|LOMA BONITA, TECAMAC|ESTADO DE MÉXICO|A|FRANQUICIA|PASEO DE LOS JARDINES|MZ. 11 LT. 1||LOMA BONITA|TECAMAC|55767|ESTADO DE MÉXICO|ESQ. COLIMA|NUEVO LAREDO|0|5559383184|#N/D
73976A|cf73976a|73976|METEPEC 22, MEX|TOLUCA|A|FRANQUICIA|CUAUHTEMOC|100||IZCALLI CUAUHTEMOC I|METEPEC|52176|TOLUCA|ESQ. CAMELIAS|BUGAMBILIAS|ANDADOR GERANIOS|7222161071|TOLUCA
73980A|cf73980a|73980|TOLUCA 66, MEX|TOLUCA|A|FRANQUICIA|JOSE MARIA MORELOS Y PAVON|3-D|LOCAL D|SANTA ANA TLAPALTITLAN|TOLUCA|50160|TOLUCA|16 DE SEPTIEMBRE|MIGUEL HIDALGO ORIENTE|INDEPENDENCIA|7222165474|TOLUCA
73997A|cf73997a|73997|AV. HALCON, ECATEPEC|ESTADO DE MÉXICO|A|FRANQUICIA|HALCON|LT 11 MZ 16|CASA A Y B|RINCONADA DE ARAGON|ECATEPEC DE MORELOS|55140|ESTADO DE MÉXICO|ARPIA|QUETZAL|TINAMU|5524774002|#N/D
73A|cs0073a|73|NEZAHUALCOYOTL 2|ESTADO DE MÉXICO|A|SUCURSAL|MIXCOAC |294 ||VICENTE VILLADA |NEZAHUALCOYOTL|57710|ESTADO DE MÉXICO|ESQ. AV. PANTITLAN|||5557656840|#N/D
74030A|cf74030a|74030|GUADALUPANA, VALLE DE CHALCO|ESTADO DE MÉXICO|A|FRANQUICIA|DR ANTONIO DIAZ COVARRUBIAS|S/N||GUADALUPANA|VALLE DE CHALCO SOLIDARIDAD|56616|ESTADO DE MÉXICO|OTE 37-A|OTE 38|SUR 1|5517094994|#N/D
74036A|cf74036a|74036|CHIMALHUACAN 6, MEX|ESTADO DE MÉXICO|A|FRANQUICIA|FRANCISCO I. MADERO|S/N||LOMAS DE TOTOLCO TLATELCO|CHIMALHUACAN|56337|ESTADO DE MÉXICO|ESQ. MANUEL AVILA CAMACHO|PIRUL|DIAZ ORDAZ|5572649783|#N/D
74047A|cf74047a|74047|SAN GREGORIO CUAUTZINGO 2, MEX|ESTADO DE MÉXICO|A|FRANQUICIA|JOSE MA. MORELOS|S/N|LOCAL 20|SAN GREGORIO CUAUTZINGO|CHALCO|56640|ESTADO DE MÉXICO|LA COMPAÑÍA|NACIONAL|BENITO JUAREZ|5530919402|#N/D
74064A|cf74064a|74064|SAN MARTIN DE PORRES, ATIZAPAN|ESTADO DE MÉXICO|A|FRANQUICIA|SAN MARTIN|S/N||SAN MARTIN DE PORRES|ATIZAPAN DE ZARAGOZA|52980|ESTADO DE MÉXICO|ESQ. PRIVADA DE SAN MARTIN|BENITO JUAREZ|ATIZAPAN|5589544688|#N/D
74076A|cf74076a|74076|BONITO TULTITLAN, TULTITLAN|ESTADO DE MÉXICO|A|FRANQUICIA|ANDRES QUINTANA ROO|MZ. 3 LT. 16||BONITO TULTITLAN (LOTE 60)|TULTITLAN|54938|ESTADO DE MÉXICO|ESQ. BACALAH|COBA|CONSTITUCION DE 1857|5588574149|#N/D
74078A|cf74078a|74078|JILOTEPEC 4, MEX.|TOLUCA|A|FRANQUICIA|VICENTE GUERRERO|148||JILOTEPEC DE MOLINA ENRIQUEZ|JILOTEPEC|54240|TOLUCA|ANDRES MOLINA|HERMENEGILDO GALEANA|REFORMA ORIENTE|7616904988|TOLUCA
74094A|cf74094a|74094|U. MORELOS 3RA SEC, TULTITLAN|ESTADO DE MÉXICO|A|FRANQUICIA|PRADOS DEL CENTRO|MZ 504 LT 23||UNIDAD MORELOS 3RA SECCION INFONAVIT|TULTITLAN|54929|ESTADO DE MÉXICO|CHABACANOS|DURAZNO|CACAHUATES|5577009094|#N/D
7412A|cf7412a|7412|NAUCALPAN 17|ESTADO DE MÉXICO|A|FRANQUICIA|LOS ARCOS|1|LOCALES 7 Y 9|LOS REMEDIOS|NAUCALPAN DE JUAREZ|53400|ESTADO DE MÉXICO|BAJADA DE LOS NIÑOS|JARDIN|TEODORITA|5521553103|#N/D
74163A|cf74163a|74163|HDA. REAL DE TULTEPEC 2, TULTEPEC|ESTADO DE MÉXICO|A|FRANQUICIA|HACIENDA DE REAL DE TULTEPEC PTE.|MZ. 16 LT. 1||HACIENDA REAL DE TULTEPEC|TULTEPEC|54987|ESTADO DE MÉXICO|ESQ. HDA. LOS CLAVELES|HACIENDA REAL DE TULTEPEC|HDA. DE LOS CLAVELES|5510565813|#N/D
74171A|cf74171a|74171|SANTA MARIA TULANTONGO, MEX|ESTADO DE MÉXICO|A|FRANQUICIA|ZARAGOZA|1||SANTA MARIA TULANTONGO|TEXCOCO|56217|ESTADO DE MÉXICO|ESQ. JUAREZ|CARR. LECHERIA TOLANTONGO|CAMPO FLORIDO|5956883411|#N/D
74191A|cf74191a|74191|TOLUCA 67, MEX|TOLUCA|A|FRANQUICIA|JOSE LOPEZ PORTILLO|204|LOCALES 3 Y 4|SAN MATEO OTZACATIPAN|TOLUCA|50220|TOLUCA|IGNACIO ALLENDE|JOSE MARIA MORELOS Y PAVON|MIGUEL HIDALGO Y COSTILLA|7229484082|TOLUCA
74208A|cf74208a|74208|EMILIANO ZAPATA, CHICOLOAPAN|ESTADO DE MÉXICO|A|FRANQUICIA|FEDERAL MEXICO TEXCOCO KM. 27.5|S/N||EMILIANO ZAPATA|CHICOLOAPAN|56390|ESTADO DE MÉXICO|ESQ. JACARANDAS|ANENECUILCO|AMARANTO|5558299670|#N/D
74214A|cf74214a|74214|IXTLAHUACA 6, MEX|TOLUCA|A|FRANQUICIA|GUSTAVO BAZ PRADA|S/N||IXTLAHUACA DE RAYON CENTRO|IXTLAHUACA|50740|TOLUCA|ESQ. JOSE MARIA MORELOS Y|FRANCISCO LOPEZ RAYON|2 DE NOVIEMBRE|7126880153|TOLUCA
74235A|cf74235a|74235|TOLUCA 69, MEX|TOLUCA|A|FRANQUICIA|AGUSTIN MILLAN|S/N||SAN PEDRO TOTOLTEPEC|TOLUCA|50226|TOLUCA|ESQ. CERRADA AGUSTIN MILLAN|SAN ANTONIO|SIN NOMBRE|7222970744|TOLUCA
74271A|cf74271a|74271|CHALCO 10, MEX|ESTADO DE MÉXICO|A|FRANQUICIA|CAMINO A CUAUTZINGO|MZ 2 LT 2||LOS ALAMOS|CHALCO|56640|ESTADO DE MÉXICO|CARRETERA FEDERAL|MAPLE|OTAMEL|5543174427|#N/D
74272A|cf74272a|74272|PRADO VALLEJO 2, TLALNEPANTLA|ESTADO DE MÉXICO|A|FRANQUICIA|VALLEJO|1178||PRADO VALLEJO|TLALNEPANTLA DE BAZ|54170|ESTADO DE MÉXICO|BENITO JUAREZ|ISLA GUADALUPE|ISLA SANTA CATARINA|5553923144|#N/D
74295A|cf74295a|74295|ZINACANTEPEC 11, MEX|TOLUCA|A|FRANQUICIA|16 DE SEPTIEMBRE|2||SAN MIGUEL ZINACANTEPEC|ZINACANTEPEC|51350|TOLUCA|JOSE MARIA MORELOS|MIGUEL HIDALGO|HERMENEGILDO GALEANA|7221883428|TOLUCA
74299A|cf74299a|74299|ECATEPEC 29, MEX|ESTADO DE MÉXICO|A|FRANQUICIA|CUAUHTEMOC|S/N||CIUDAD CUAUHTEMOC SECCION GEO 2000|ECATEPEC DE MORELOS|55067|ESTADO DE MÉXICO|ALONDRA|ALEONIL|AGAMI|5559102239|#N/D
7429A|cf7429a|7429|TOLUCA 43, MEX.|TOLUCA|A|FRANQUICIA|IGNACIO LOPEZ RAYON|117||SAN PABLO AUTOPAN|TOLUCA|50290|TOLUCA|ESQ. PLUTARCO GONZALEZ|0|0|7222968494|TOLUCA
74300A|cf74300a|74300|XOCHIACA, CHIMALHUACAN|ESTADO DE MÉXICO|A|FRANQUICIA|DEL PUERTO|14||XOCHIACA|CHIMALHUACAN|56350|ESTADO DE MÉXICO|PRIVADA DEL PUERTO|DEL PEÑON|TLATELCO|5559208006|#N/D
74308A|cf74308a|74308|PLAZA LA CAÑADA, HUEHUETOCA|ESTADO DE MÉXICO|A|FRANQUICIA|JOROBAS - TULA KM. 2|MZ 125 LT 1||SANTA TERESA|HUEHUETOCA|54694|ESTADO DE MÉXICO|PASEO DE LA MORA|0|PASEO DE LOS CIRUELOS|5931080706|#N/D
74310A|cf74310a|74310|SAN MATEO ATENCO 8, MEX|ESTADO DE MÉXICO|A|FRANQUICIA|BENITO JUAREZ|101||LA CONCEPCION|SAN MATEO ATENCO|52105|ESTADO DE MÉXICO|PENSADOR MEXICANO|MARIANO MATAMOROS|16 DE SEPTIEMBRE|7281023930|#N/D
74314A|cf74314a|74314|CAPULIN SOLEDAD, NAUCALPAN|ESTADO DE MÉXICO|A|FRANQUICIA|DE LOS MAESTROS|S/N||CAPULIN SOLEDAD|NAUCALPAN DE JUAREZ|53730|ESTADO DE MÉXICO|ESQ. OLIVOS|JAIME NUNO|AVENIDA DE LA TOLVA|5552056988|#N/D
74378A|cf74378a|74378|ECATEPEC 31, MEX|ESTADO DE MÉXICO|A|FRANQUICIA|DE LAS TORRES|MZ 1|LT 1|CIUDAD CUAUHTEMOC SECCION EMBAJADA|ECATEPEC DE MORELOS|55067|ESTADO DE MÉXICO|EMBAJADA DE FRANCIA|EMBAJADA DE ESPAÑA|EMBAJADA DE PORTUGAL|5559102174|#N/D
74391A|cf74391a|74391|MEXICO NUEVO 2, ATIZAPAN|ESTADO DE MÉXICO|A|FRANQUICIA|MEXICO NUEVO (LOPEZ MATEOS)|1|1|LOMAS DE ATIZAPAN|ATIZAPAN DE ZARAGOZA|52977|ESTADO DE MÉXICO|ADOLFO RUIZ CORTINEZ|PIONEROS DEL COOPERATIVISMO|VALLE DE BRAVO|5572617012|#N/D
74400A|cf74400a|74400|LIBERTAD 1, ATIZAPAN|ESTADO DE MÉXICO|A|FRANQUICIA|LIBERTAD|32||LIBERTAD|ATIZAPAN|52500|ESTADO DE MÉXICO|ESQUINA 2 DE MARZO|MORELOS|AV. EL HUESO|7131332481|#N/D
74461A|cf74461a|74461|METEPEC 27, MEX|TOLUCA|A|FRANQUICIA|INSURGENTES|S/N||SAN MIGUEL TOTOCUITLAPILCO|METEPEC|52143|TOLUCA|VICENTE GUERRERO|SANTOS DEGOLLADO|BENITO JUAREZ|7223170067|TOLUCA
74474A|cf74474a|74474|METEPEC 26, MEX|TOLUCA|A|FRANQUICIA|AYUNTAMIENTO|207||PURISIMA|METEPEC|52169|TOLUCA|CANDIDO JARAMILLO|MUNICIPIO LIBRE|CALLE CEBORUCO|7223202394|TOLUCA
74480A|cf74480a|74480|SAN FELIPE DEL PROGRESO 4, MEX|TOLUCA|A|FRANQUICIA|MARIA DE LA LUZ RODRIGUEZ|100||SAN FELIPE DEL PROGRESO CENTRO|SAN FELIPE DEL PROGRESO|50640|TOLUCA|ALBERTO GARDUÑO|LEONA VICARIO|ALBERTO GARDUÑO|7126880637|TOLUCA
7454A|cf7454a|7454|FUENTES DEL VALLE 1, TULTITLAN|ESTADO DE MÉXICO|A|FRANQUICIA|JOSE LOPEZ PORTILLO|262||FUENTES DEL VALLE|TULTITLAN|54910|ESTADO DE MÉXICO|FUENTE DE TREVI|BOULEVARD DE LAS FUENTES|0|5558900321|#N/D
74555A|cf74555a|74555|CHIMALHUACAN 7, MEX|ESTADO DE MÉXICO|A|FRANQUICIA|JACARANDAS|MZ. 17|LT. 1|TRANSPORTISTAS|CHIMALHUACAN|56363|ESTADO DE MÉXICO|ESQ. EMILIANO ZAPATA|AV. DE LAS TORRES|JAZMIN|5526321808|#N/D
74578A|cf74578a|74578|CHALCO 11,MEX|ESTADO DE MÉXICO|A|FRANQUICIA|OTOMIES|MZ 72 LT 1||CULTURAS DE MEXICO|CHALCO|56607|ESTADO DE MÉXICO|TEXCALTLIPOCA|MAYAHUEL|0|5530920849|#N/D
74606A|cf74606a|74606|CIUDAD AZTECA 5, MEX|ESTADO DE MÉXICO|A|FRANQUICIA|DE LOS TEOCALLIS|MZ 218|LT 30|CD AZTECA 1ERA SECC|ECATEPEC DE MORELOS|55120|ESTADO DE MÉXICO|TIZAPAN|TLACOPAN|AV. QUINTO SOL|5575956255|#N/D
74690A|cf74690a|74690|CD. ADOLFO LOPEZ MATEOS 2, ATIZAPAN|ESTADO DE MÉXICO|A|FRANQUICIA|OLMOS|MZ 2|LT 5|EL POTRERO|ATIZAPAN DE ZARAGOZA|52975|ESTADO DE MÉXICO|BLVD. ADOLFO LOPEZ MATEOS|AV. MIGUEL ALEMAN|CHABACANO|5589544673|#N/D
7469A|cf7469a|7469|ACULCO 1, MEX.|TOLUCA|A|FRANQUICIA|RIVA PALACIO|2|A|CENTRO URBANO|ACULCO|50360|TOLUCA|ESQ. MIGUEL HIDALGO|0|0|7181240919|TOLUCA
74704A|cf74704a|74704|METEPEC 29, MEX|TOLUCA|A|FRANQUICIA|TECNOLOGICO NTE|2408||SAN SALVADOR TIZATLALLI|METEPEC|52172|TOLUCA|16 DE SEPTIEMBRE|FRANCISCO I MADERO|FRANCISCO I MADERO|7222973645|TOLUCA
74719A|cf74719a|74719|ECATEPEC 32, MEX|ESTADO DE MÉXICO|A|FRANQUICIA|JOSE LOPEZ PORTILLO|15||SAN CRISTOBAL|ECATEPEC DE MORELOS|55024|ESTADO DE MÉXICO|AV. OYAMEL|FRESNO|AV. NACIONAL|5515207638|#N/D
74744A|cf74744a|74744|TLALNEPANTLA 22, MEX|ESTADO DE MÉXICO|A|FRANQUICIA|MOCTEZUMA|MZ 216|LT 4|EL TENAYO CENTRO|TLALNEPANTLA DE BAZ|54140|ESTADO DE MÉXICO|ESQ. ALFREDO DEL MAZO|ATZAYACATL|CUAUHTEMOC|5525833231|#N/D
74748A|cf74748a|74748|ECATEPEC 34, MEX|ESTADO DE MÉXICO|A|FRANQUICIA|CHABACANO|3||SOLIDARIDAD 90 (MARTIRES DE RIO BLANCO)|ECATEPEC DE MORELOS|55290|ESTADO DE MÉXICO|ESQ. VALLE DE GUDIANA|JUSTICIA|FRATERNIDAD|5563782539|#N/D
74750A|cf74750a|74750|SAN VICENTE CHICOLOAPAN 2, MEX|ESTADO DE MÉXICO|A|FRANQUICIA|EMILIANO ZAPATA|58||SAN VICENTE CHICOLOAPAN DE JUAREZ CENTRO|CHICOLOAPAN|56370|ESTADO DE MÉXICO|PROLONGACION MOCTEZUMA|SANTA ROSA|HORNOS|5575842109|#N/D
74754A|cf74754a|74754|LA PERLA, NEZAHUALCOYOTL|ESTADO DE MÉXICO|A|FRANQUICIA|PANTITLAN|32 MZ 115|LT 11|LA PERLA|NEZAHUALCOYOTL|57820|ESTADO DE MÉXICO|ESQ. AHUEHUETES|ABEDULES|SUR 1|5522386699|#N/D
74770A|cf74770a|74770|AGUA AZUL 2, NEZAHUALCOYOTL|ESTADO DE MÉXICO|A|FRANQUICIA|LAGUNAS DE ZEMPOALA|54||AGUA AZUL SECCION PIRULES|NEZAHUALCOYOTL|57510|ESTADO DE MÉXICO|LAGO DE CHAPALA|HOMBRES ILUSTRES|LAGUNA DE SAN CRISTOBAL|5558010684|#N/D
74773A|cf74773a|74773|JARDINES DE LA HACIENDA SUR, MEX|ESTADO DE MÉXICO|A|FRANQUICIA|PASEO DE LA HACIENDA|16||JARDINES DE LA HACIENDA SUR|CUAUTITLAN IZCALLI|54720|ESTADO DE MÉXICO|ESQ. VISTA HERMOSA|TEMIXCO|ACEQUIA|5522112944|#N/D
74788A|cf74788a|74788|LOS REYES LA PAZ 4, MEX|ESTADO DE MÉXICO|A|FRANQUICIA|RIO DE LOS BAÑOS|MZ 21|LT 26|VALLE DE LOS PINOS|LA PAZ|56420|ESTADO DE MÉXICO|ESQ. AVENIDA FLORESTA|PRESA DE LOS CUARTOS|RIO DE LAS AVENIDAS|5522940726|#N/D
74799A|cf74799a|74799|METEPEC 30, MEX|TOLUCA|A|FRANQUICIA|20 DE NOVIEMBRE|S/N||LAZARO CARDENAS|METEPEC|52148|TOLUCA|ADOLFO LOPEZ MATEOS|MIGUEL HIDALGO|12 DE OCTUBRE|7226887442|TOLUCA
747A|cs0747a|747|ARAGON 2|ESTADO DE MÉXICO|A|SUCURSAL|VALLE DE YENG TSE |288 |PB|VALLE DE ARAGON 1A SECCION |NEZAHUALCOYOTL|57100|ESTADO DE MÉXICO|VALLE DE DNIEPER|VALLE DEL DANUBIO||5557123526|#N/D
74833A|cf74833a|74833|VILLA SAN AGUSTIN ATLAPULCO, MEX|ESTADO DE MÉXICO|A|FRANQUICIA|BAJA CALIFORNIA|15||VILLA SAN AGUSTIN ATLAPULCO|CHIMALHUACAN|56343|ESTADO DE MÉXICO|YUCATAN|DEL CONEJO|CERRADA YUCATAN|5524773775|#N/D
74838A|cf74838a|74838|ESPERANZA 2, NEZAHUALCOYOTL|ESTADO DE MÉXICO|A|FRANQUICIA|CALLE 3|289||ESPERANZA|NEZAHUALCOYOTL|57800|ESTADO DE MÉXICO|ESQ CIELITO LINDO|CHIMALHUACAN|CALLE 4|5591310062|#N/D
74847A|cf74847a|74847|JOYAS DE CUAUTITLAN, CUAUTITLAN|ESTADO DE MÉXICO|A|FRANQUICIA|16 DE SEPTIEMBRE|S/N||JOYAS DE CUAUTITLAN|CUAUTITLAN|54803|ESTADO DE MÉXICO|PASEO MONTE VERDE|DE LA JOYA NORTE|DEL ZAFIRO|5589400144|#N/D
74857A|cf74857a|74857|SAN JUAN TEZOMPA 2, CHALCO|ESTADO DE MÉXICO|A|FRANQUICIA|EMILIANO ZAPATA|8||SAN JUAN TEZOMPA|CHALCO|56624|ESTADO DE MÉXICO|BENITO JUAREZ|FRANCISCO I. MADERO|INDEPENDENCIA|5517381980|#N/D
74866A|cf74866a|74866|TECHICHILCO, COCOTITLAN|ESTADO DE MÉXICO|A|FRANQUICIA|ACERCAMIENTO NACIONAL|1||TECHICHILCO|COCOTITLAN|56680|ESTADO DE MÉXICO|ESQ. HIDALGO|AGUILA|GALEANA|5551311008|#N/D
74867A|cf74867a|74867|EMILIANO ZAPATA, TEPETLIXPA|ESTADO DE MÉXICO|A|FRANQUICIA|LAZARO CARDENAS|18||EMILIANO ZAPATA|TEPETLIXPA|56880|ESTADO DE MÉXICO|ESQ. LAZARO CARDENAS|IGNACIO MAYA|ESTUDIANTE|5979750138|#N/D
74870A|cf74870a|74870|EL SALADO, LA PAZ|ESTADO DE MÉXICO|A|FRANQUICIA|RIO BRAVO|S/N||EL SALADO|LA PAZ|56524|ESTADO DE MÉXICO|RIO SUCHIATE|RIO TEHUANTEPEC|RIO BALSAS|5528361090|#N/D
74875A|cf74875a|74875|SAN ANTONIO XAHUENTO 2, TULTPEC|ESTADO DE MÉXICO|A|FRANQUICIA|SAN ANTONIO|20||SAN ANTONIO XAHUENTO|TULTEPEC|54976|ESTADO DE MÉXICO|DEL CASTILLO|CHIMALPOPOCA|5 DE MAYO|5522218752|#N/D
74881A|cf74881a|74881|LOMAS LINDAS I SECCION, ATIZAPAN|ESTADO DE MÉXICO|A|FRANQUICIA|OCEANO PACIFICO|235||LOMAS LINDAS I SECCION|ATIZAPAN DE ZARAGOZA|52947|ESTADO DE MÉXICO|CUATRO|GOLONDRINAS DE MAR|UNO|5568410695|#N/D
74887A|cf74887a|74887|LOMAS VERDES, NAUCALPAN|ESTADO DE MÉXICO|A|FRANQUICIA|LOMAS VERDES (CLL. PASEO DE QUETZAL)|720 (2)|1|LOMAS VERDES 1A SECCION|NAUCALPAN DE JUAREZ|53120|ESTADO DE MÉXICO|LOMAS VERDES|PASEO DE QUETZAL|LOMAS VERDES|5558157344|#N/D
74890A|cf74890a|74890|SAN SALVADOR TIZATLALLI, METEPEC|TOLUCA|A|FRANQUICIA|ADOLFO LOPEZ MATEOS (AV. INDEPENDENCIA)|S/N (5A)||SAN SALVADOR TIZATLALLI|METEPEC|52172|TOLUCA|ESQ. AV. INDEPENDENCIA|DEL DURAZNO|0|7226889092|TOLUCA
74892A|cf74892a|74892|ZIMBRONES, ZINACANTEPEC|TOLUCA|A|FRANQUICIA|ALMOLOYA DE JUAREZ|100||ZIMBRONES|ZINACANTEPEC|51355|TOLUCA|IGNACIO MANUEL ALTAMIRANO|VICENTE GUERRERO|16 DE SEPTIEMBRE|7223201878|TOLUCA
74898A|cf74898a|74898|BOSQUES DE ECATEPEC, ECATEPEC|ESTADO DE MÉXICO|A|FRANQUICIA|ADOLFO LOPEZ MATEOS|10||BOSQUES DE ECATEPEC|ECATEPEC DE MORELOS|55050|ESTADO DE MÉXICO|ESQUINA ORIENTE 3|ORIENTE 2|BOSQUES DE ECATEPEC|5558544978|#N/D
74913A|cf74913a|74913|CIENTIFICOS, TOLUCA|ESTADO DE MÉXICO|A|FRANQUICIA|ALFREDO DEL MAZO|527||CIENTIFICOS|TOLUCA|50075|ESTADO DE MÉXICO|NDUSTRIA AUTOMOTRIZ|INDUSTRIA MINERA|HACIENDA CHINAMECA|7223203502|#N/D
74931A|cf74931a|74931|AV. ATA, ATLACOMULCO|TOLUCA|A|FRANQUICIA|ATA|15||CENTRO|ATLACOMULCO|50450|TOLUCA|ESQ. ALFREDO DEL MAZO PONIENTE|J.V. VILLADA|JUAN N. RESENDIZ|7126880389|TOLUCA
74933A|cf74933a|74933|AV. ARCA DE NOE, CHIMALHUACAN|ESTADO DE MÉXICO|A|FRANQUICIA|ARCA DE NOE|S/N||JARDINES DE ACUITLAPILCO|CHIMALHUACAN|56335|ESTADO DE MÉXICO|CUAUHTEMOC|PALMAS|PRESIDENTE|5591313325|#N/D
74934A|cf74934a|74934|LOS PIRULES, TLALNEPANTLA|ESTADO DE MÉXICO|A|FRANQUICIA|TEPONAXTLI|118||LOS PIRULES|TLALNEPANTLA DE BAZ|54040|ESTADO DE MÉXICO|ESQ. POPOCATEPETL|CERRO PRIETO|CERRO DEL TESORO|5521246257|#N/D
74935A|cf74935a|74935|JARDIN, VALLE DE CHALCO|ESTADO DE MÉXICO|A|FRANQUICIA|DIVISION DEL NORTE|MZ 462|LT 2|JARDIN|VALLE DE CHALCO SOLIDARIDAD|56617|ESTADO DE MÉXICO|ESQ. NORTE 9|NORTE 10|ORIENTE 21|5524494855|#N/D
74937A|cf74937a|74937|TAMAULIPAS SECC PALMAR, NEZA (PA)|ESTADO DE MÉXICO|A|FRANQUICIA|FLORIPONDIO|104||TAMAULIPAS SECCION PALMAR|NEZAHUALCOYOTL|57310|ESTADO DE MÉXICO|ESQ. FLORIPONDIO|TULIPAN|ALHELI|5589446302|#N/D
74939A|cf74939a|74939|TEXCOCO 13, MEX|ESTADO DE MÉXICO|A|FRANQUICIA|NEZAHUALCOYOTL|24||TEXCOCO DE MORA CENTRO|TEXCOCO|56100|ESTADO DE MÉXICO|ESQ. VICENTE GUERRERO|CONSTITUCION|JOSE MARIA MORELOS|5959337450|#N/D
74940A|cf74940a|74940|LOMAS DE OCCIPACO, NAUCALPAN|ESTADO DE MÉXICO|A|FRANQUICIA|ALCANFORES|70|1 Y 2|LOMAS DE OCCIPACO|NAUCALPAN DE JUAREZ|53247|ESTADO DE MÉXICO|LA MALINCHE|POPOCATEPETL|NEVADO DE TOLUCA|5551628338|#N/D
74965A|cf74965a|74965|PROVIDENCIA, VALLE DE CHALCO|ESTADO DE MÉXICO|A|FRANQUICIA|NORTE 8|MZ 36|LT 8|PROVIDENCIA|VALLE DE CHALCO SOLIDARIDAD|56616|ESTADO DE MÉXICO|ESQ. MANUEL AVILA CAMACHO|ORIENTE 40|NORTE 7|5597306455|#N/D
74968A|cf74968a|74968|BOSQUES DE COLON, TOLUCA (PA)|TOLUCA|A|FRANQUICIA|JESUS CARRANZA|994||BOSQUES DE COLON|TOLUCA|50180|TOLUCA|BOSQUE DE FLAMBOYANES|BOSQUE DE ENCINOS|NO 230|7222382992|TOLUCA
74969A|cf74969a|74969|LA MAGDALENA, TOLUCA|ESTADO DE MÉXICO|A|FRANQUICIA|MANUEL BUENDIA TELLEZ GIRON|205||LA MAGDALENA|TOLUCA|50010|ESTADO DE MÉXICO|ALFREDO DEL MAZO|FRANCISCO VILLA|FRANCISCO VILLA|7229389948|#N/D
74970A|cf74970a|74970|SAN JUAN TOTOLTEPEC, NAUCALPAN|ESTADO DE MÉXICO|A|FRANQUICIA|REFORMA|24||SAN JUAN TOTOLTEPEC|NAUCALPAN DE JUAREZ|53270|ESTADO DE MÉXICO|PRINCIPAL|RIO CHICO|N/A|5591552403|#N/D
74971A|cf74971a|74971|BOSQUES DEL VALLE 1A SECC 2, MEX|ESTADO DE MÉXICO|A|FRANQUICIA|BOSQUE DE LA LUZ|4 MZ 43|LT 5 D|BOSQUES DEL VALLE 1A SECC|COACALCO DE BERRIOZABAL|55717|ESTADO DE MÉXICO|ESQ. BOSQUE ORIENTE|BOSQUE DE GROSELLOS|N/A|5591557742|#N/D
74972A|cf74972a|74972|LA ALTEÑA I, NAUCALPAN|ESTADO DE MÉXICO|A|FRANQUICIA|VIA ADOLFO LOPEZ MATEOS (PASEO DE LA ALTEÑA)|S/N (169)||LA ALTEÑA I|NAUCALPAN DE JUAREZ|53127|ESTADO DE MÉXICO|ESQ. SIN NOMBRE|LEOPOLDO BERISTAIN|PASEO DE LA ALTEÑA|5550846878|#N/D
74973A|cf74973a|74973|EL SOL 2, NEZAHUALCOYOTL|ESTADO DE MÉXICO|A|FRANQUICIA|SEPTIMA AVENIDA|30||EL SOL|NEZAHUALCOYOTL|57200|ESTADO DE MÉXICO|ESQ. HIGINIO GUERRA|CALLE 10|BORDO DE XOCHIACA|5589281450|#N/D
74981A|cf74981a|74981|NUEVA ARAGON, ECATEPEC (PA)|ESTADO DE MÉXICO|A|FRANQUICIA|IGNACIO ALLENDE|MZ 21|LT 17|NUEVA ARAGON|ECATEPEC DE MORELOS|55260|ESTADO DE MÉXICO|ESQ. LUIS ECHEVERRIA|BENITO JUAREZ|FRANCISCO I. MADERO|5589442982|#N/D
74986A|cf74986a|74986|DEPORTIVA, ZINACANTEPEC (PA)|TOLUCA|A|FRANQUICIA|MORELOS|S/N||DEPORTIVA|ZINACANTEPEC|51356|TOLUCA|BLVD. SOLIDARIDAD LAS TORRES|FUTBOL|NATACION|7222381233|TOLUCA
74987A|cf74987a|74987|LAZARO CARDENAS, TOLUCA (PA)|TOLUCA|A|FRANQUICIA|JOSE ANTONIO ALBARRAN|312||LAZARO CARDENAS|TOLUCA|50180|TOLUCA|GRAL. JULIO PARDIÑAS|MARIANO SALAS|LAURO VILLAR|7222773201|TOLUCA
75005A|cf75005a|75005|TLALNEPANTLA 23, MEX|ESTADO DE MÉXICO|A|FRANQUICIA|CONVENTO DE SANTA INES|7||JARDINES DE SANTA MONICA|TLALNEPANTLA DE BAZ|54050|ESTADO DE MÉXICO|CONVENTO DE SANTO DOMINGO|CONVENTO DE SAN DIEGO|CONVENTO CAPUCHINAS|5559416872|#N/D
75007A|cf75007a|75007|SANTA MARIA, SAN MATEO ATENCO (PA)|TOLUCA|A|FRANQUICIA|DEL PANTEON|506 - B||SANTA MARIA|SAN MATEO ATENCO|52104|TOLUCA|PRIVADA DEL PANTEON|CHAPULTEPEC|LERMA|7281034254|TOLUCA
75009A|cf75009a|75009|VILLA DEL REAL, TECAMAC (PA)|ESTADO DE MÉXICO|A|FRANQUICIA|SAN PABLO TECALCO|S/N||VILLA DEL REAL|TECAMAC|55749|ESTADO DE MÉXICO|ALCAZAR|CARRETERA MEXICO - PACHUCA|0|5551617850|#N/D
75019A|cf75019a|75019|ALMOLOYA DE JUAREZ 6, MEX (PA)|TOLUCA|A|FRANQUICIA|JUAREZ|S/N||LA CABECERA|ALMOLOYA DE JUAREZ|50904|TOLUCA|INSURGENTES|ALLENDE|ISIDRO FABELA|7256881077|TOLUCA
75047A|cf75047a|75047|ANCON DE LOS REYES, LA PAZ (PA)|ESTADO DE MÉXICO|A|FRANQUICIA|PANTITLAN|MZ 61|LT 6 ALT|ANCON DE LOS REYES|LA PAZ|56410|ESTADO DE MÉXICO|ESQ. TEZOZOMOC|AHUIZOTL|CUAUHTEMOC|5589759471|#N/D
75053A|cf75053a|75053|AMPLIACION CIUDAD LAGO, NEZA (PA)|ESTADO DE MÉXICO|A|FRANQUICIA|VALENTIN CANALIZO|MZ 15 LT 1||CIUDAD LAGO|NEZAHUALCOYOTL|57180|ESTADO DE MÉXICO|ESQ. AEROPUERTO|0|JOSE JOAQUIN HERRERA|5586574744|#N/D
75054A|cf75054a|75054|CUAUTITLAN IZCALLI 29, MEX|ESTADO DE MÉXICO|A|FRANQUICIA|MZ 120 LT 22|22||LOMAS DE SAN FRANCISCO TEPOJACO|CUAUTITLAN IZCALLI|54720|ESTADO DE MÉXICO|AV. SAN JUDAS TADEO|AV. SAN JUAN BAUTISTA|0|5590239057|#N/D
75059A|cf75059a|75059|VILLA CUAUHTEMOC 2, OTZOLOTEPEC (PA)|TOLUCA|A|FRANQUICIA|BENITO JUAREZ|29|A|VILLA CUAUHTEMOC|OTZOLOTEPEC|52080|TOLUCA|ESQ. INSURGENTES|NICOLAS BRAVO|DE LOS RAMO|7191001764|TOLUCA
75104A|cf75104a|75104|EX HDA. SANTA INES, NEXTLALPAN (PA)|ESTADO DE MÉXICO|A|FRANQUICIA|HACIENDA LA CANTERA|11|MZ 96 LT 1|EX-HACIENDA SANTA INES|NEXTLALPAN|55796|ESTADO DE MÉXICO|ESQ. HACIENDA DE LAS ANIMAS|HACIENDA REAL DEL PUENTE|CTO 1 HDA LAS ANIMAS|5512046260|#N/D
75109A|cf75109a|75109|EL SOL 3, NEZAHUALCOYOTL (PA)|ESTADO DE MÉXICO|A|FRANQUICIA|AURELIANO RAMOS|90||EL SOL|NEZAHUALCOYOTL|57200|ESTADO DE MÉXICO|CALLE 32|CALLE 33|SEXTA AVENIDA|5589752861|#N/D
75111A|cf75111a|75111|MORELOS 2A SECC, TOLUCA (PA)|TOLUCA|A|FRANQUICIA|GENERAL VENUSTIANO CARRANZA|1203|1|MORELOS 2A SECC|TOLUCA|50120|TOLUCA|ANDRES QUINTANA ROO|ARCADIO HENKEL|JUAN RODRIGUEZ|7222382910|TOLUCA
75115A|cf75115a|75115|LUIS DONALDO COLOSIO, ECATEPEC|ESTADO DE MÉXICO|A|FRANQUICIA|RECURSOS HIDRAULICOS (LUIS DONALDO COLOSIO)|S/N||LUIS DONALDO COLOSIO|ECATEPEC DE MORELOS|55029|ESTADO DE MÉXICO|RECURSOS|TAMAULIPAS|DIANA LAURA RIOJAS|5590033670|#N/D
75122A|cf75122a|75122|LA CONCEPCION 2, SAN MATEO ATENCO (PA)|TOLUCA|A|FRANQUICIA|PASEO TOLLOCAN|103||LA CONCEPCION|SAN MATEO ATENCO|52105|TOLUCA|BENITO JUAREZ|INDEPENDENCIA|MEXICO|7281031946|TOLUCA
75123A|cf75123a|75123|METEPEC 32, MEX|TOLUCA|A|FRANQUICIA|LOS GOBERNADORES|112||RANCHO SAN FRANCISCO|METEPEC|52176|TOLUCA|RANCHO SAN FRANCISCO|ECHEGARAY|HACIENDA XAJAY|7222383053|TOLUCA
75126A|cf75126a|75126|EJIDAL EMILIANO ZAPATA, LERMA (PA)|TOLUCA|A|FRANQUICIA|CAMPO DE LAS PARTIDAS|S/N||EJIDAL EMILIANO ZAPATA|LERMA|52004|TOLUCA|ALTAMIRANO|FRANCISCO VILLA|MORELOS|7286881274|TOLUCA
75140A|cf75140a|75140|TLALNEPANTLA 24, MEX (PA)|ESTADO DE MÉXICO|A|FRANQUICIA|REVOLUCION|S/N||TLALNEPANTLA CENTRO|TLALNEPANTLA DE BAZ|54000|ESTADO DE MÉXICO|ESQ. ALDAMA|IGNACIO ALLENDE|AV HIDALGO|5551258365|#N/D
75148A|cf75148a|75148|MINEROS, CHIMALHUACAN|ESTADO DE MÉXICO|A|FRANQUICIA|DEL PEÑON|LOTE 2||MINEROS|CHIMALHUACAN|56334|ESTADO DE MÉXICO|ESQ. AXOQUEN|MANUEL ALTAMIRANO|AGRARISMO|5536930564|#N/D
75150A|cf75150a|75150|BOULEVARES 2, NAUCALPAN|ESTADO DE MÉXICO|A|FRANQUICIA|COLINA DEL SILENCIO|45||BOULEVARES|NAUCALPAN DE JUAREZ|53140|ESTADO DE MÉXICO|ESQ. AV. LOMAS VERDES|COLINA DE LA ACORDADA|COLINA DE LAS TERMAS|5550841659|#N/D
75151A|cf75151a|75151|JACARANDAS, TLALNEPANTLA|ESTADO DE MÉXICO|A|FRANQUICIA|OAXACA|53||JACARANDAS|TLALNEPANTLA DE BAZ|54050|ESTADO DE MÉXICO|MICHOACAN|ADOLFO LOPEZ MATEOS|CHIAPAS|5552062309|#N/D
75171A|cf75171a|75171|ENSUEÑOS, CUAUTITLAN IZCALLI|ESTADO DE MÉXICO|A|FRANQUICIA|AMAZONAS|LT 1|MZ XXVII DTTO H - 42|ENSUEÑOS|CUAUTITLAN IZCALLI|54740|ESTADO DE MÉXICO|OLIMPO SEGUNDA|ORFEO|CONSTITUCION|5521247074|#N/D
75178A|cf75178a|75178|PLATEROS, CHIMALHUACAN (PA)|ESTADO DE MÉXICO|A|FRANQUICIA|DE LAS TORRES|LT 28||PLATEROS|CHIMALHUACAN|56356|ESTADO DE MÉXICO|ESQ. CANTEROS QUETZALLI|PAYATL|SINDICALISMO|5524774674|#N/D
75200A|cf75200a|75200|UNIDAD MORELOS, TULTITLAN (PA)|ESTADO DE MÉXICO|A|FRANQUICIA|PRADOS DEL SUR|1|MZ 28 LT 1|UNIDAD MORELOS 3RA SECCION|TULTITLAN|54935|ESTADO DE MÉXICO|RAYO|ROCA|COLORINES|5558832966|#N/D
75230A|cf75230a|75230|EL SEMINARIO, TOLUCA (PA)|TOLUCA|A|FRANQUICIA|LAGO DE SAYULA|S/N||EL SEMINARIO 1A SECCION|TOLUCA|50170|TOLUCA|ESQ. LAGO PEIPUS|TERCERA PRIVADA LAGO DE SAYULA|LAGO COYUCA|7224814845|TOLUCA
75231A|cf75231a|75231|LOMAS DE SOTELO, NAUCALPAN (PA) |ESTADO DE MÉXICO|A|FRANQUICIA|INGENIEROS MILITARES|35|MZ 724 LT 3|LOMAS DE SOTELO|NAUCALPAN DE JUAREZ|53390|ESTADO DE MÉXICO|TRANSMISIONES MILITARES|LUIS FREG|LUIS FREG|5589261043|#N/D
75244A|cf75244a|75244|BUENAVISTA, SAN MATEO ATENCO |TOLUCA|A|FRANQUICIA|REFORMA|201||BUENAVISTA|SAN MATEO ATENCO|52105|TOLUCA|ESQ. VICENTE GUERRERO|PASEO DEL NIÑO|LAZARO CARDENAS|7286881319|TOLUCA
75257A|cf75257a|75257|SANTIAGO TLACOTEPEC, TOLUCA |ESTADO DE MÉXICO|A|FRANQUICIA|DEL CORREO|101||SANTIAGO TLACOTEPEC|TOLUCA|50255|ESTADO DE MÉXICO|ESQ. PUEBLO NUEVO|DEL BESO|NUEVO MEXICO|7229178262|#N/D
75260A|cf75260a|75260|AVANDARO, VALLE DE BRAVO|TOLUCA|A|FRANQUICIA|DEL CARMEN|17||AVANDARO|VALLE DE BRAVO|51200|TOLUCA|DEL PARQUE|ROSALES|DEL VERGEL|7261105936|TOLUCA
75264A|cf75264a|75264|LOS HEROES OZUMBILLA, TECAMAC|ESTADO DE MÉXICO|A|FRANQUICIA|JARDINES BOTANICOS|MZ 26|LT 10|LOS HEROES OZUMBILLA|TECAMAC|55765|ESTADO DE MÉXICO|JARDINES DE LAS DELICIAS|ATOTOL|0|5510567088|#N/D
75275A|cf75275a|75275|JARDINES DE MORELOS, ECATEPEC|ESTADO DE MÉXICO|A|FRANQUICIA|MONTES APENINOS|MZ 468|LT 30|JARDINES DE MORELOS SECCION MONTES|ECATEPEC DE MORELOS|55070|ESTADO DE MÉXICO|ESQ. JARDINES DE MORELOS|RETORNO DE MONTES|MONTE MACHUPICHU|5594605151|#N/D
75290A|cf75290a|75290|BENITO JUAREZ, TLALNEPANTLA |ESTADO DE MÉXICO|A|FRANQUICIA|PARQUE DE LOS PAJAROS|21||BENITO JUAREZ (TEQUEX)|TLALNEPANTLA DE BAZ|54020|ESTADO DE MÉXICO|ESQ. TORRES DE ALTA TENSION|DE LA MANZANA|0|5594627356|#N/D
75301A|cf75301a|75301|FRANCISCO SARABIA, NICOLAS ROMERO |ESTADO DE MÉXICO|A|FRANQUICIA|LAZARO CARDENAS|2||FRANCISCO SARABIA 1A. SECCION|NICOLAS ROMERO|54473|ESTADO DE MÉXICO|ESQ. COLMENA|HIDALGO|NOGAL|5590175902|#N/D
75306A|cf75306a|75306|EL PROGRESO DE GPE VICTORIA, MEX |ESTADO DE MÉXICO|A|FRANQUICIA|FRANCISCO VILLA|S/N||EL PROGRESO DE GUADALUPE VICTORIA|ECATEPEC DE MORELOS|55010|ESTADO DE MÉXICO|ESQ. CARRIZALES|PROL ARBOLEDAS|0|5590210301|#N/D
75307A|cf75307a|75307|ALVARO OBREGON, SAN MATEO ATENCO|TOLUCA|A|FRANQUICIA|EMILIANO ZAPATA|223||ALVARO OBREGON|SAN MATEO ATENCO|52105|TOLUCA|JOSE MARIA MORELOS Y PAVON|ALDAMA|GALEANA|7222380810|TOLUCA
75313A|cf75313a|75313|BELLAVISTA, METEPEC |ESTADO DE MÉXICO|A|FRANQUICIA|TECNOLOGICO|766|104|BELLAVISTA|METEPEC|52172|ESTADO DE MÉXICO|ESQ. ARBOL DE LA VIDA|LERMA|0||#N/D
75320A|cf72474a|75320|TEPETLAOXTOC, MEX|ESTADO DE MÉXICO|A|FRANQUICIA|XOLALTENCO|18|1|BARRIO LA COLUMNA|TEPETLAOXTOC|56070|ESTADO DE MÉXICO|ACTIPA|CUACOMULCO|XOXOTLA|5959319564|#N/D
75322A|cf75322a|75322|LIBERTAD, NICOLAS ROMERO |ESTADO DE MÉXICO|A|FRANQUICIA|LERDO DE TEJADA|LT 115 MZ 3||LIBERTAD 2A SECCION|NICOLAS ROMERO|54407|ESTADO DE MÉXICO|AMANECER|AV. ENTRADA AL FRACCIONAMIENTO|CDA DEL AMANECER|5543174869|#N/D
75323A|cf75323a|75323|SANTIAGUITO, ALMOLOYA DE JUAREZ |TOLUCA|A|FRANQUICIA|TOLUCA-MORELIA-ALMOLOYA DE JUAREZ-EJIDO SAN PEDRO|41||SANTIAGUITO TLALCILALCALLI|ALMOLOYA DE JUAREZ|50904|TOLUCA|A SANTIAGUITO|LOMAS DEL CAMPO|0|7251052745|TOLUCA
7532A|cf7532a|7532|TOLUCA 29|TOLUCA|A|FRANQUICIA|LAGO CAIMANERO|315||NUEVA OXTOTITLAN|TOLUCA|50100|TOLUCA|LAGO TITICACA|LAGUNA DE TRES PALOS|LAGO CARATASCA|7221675187|TOLUCA
75338A|cf75338a|75338|SAN JUAN DE LAS HUERTAS, MEX |TOLUCA|A|FRANQUICIA|PORFIRIO DIAZ|135||SAN JUAN DE LAS HUERTAS|ZINACANTEPEC|51370|TOLUCA|JUAN DIEGO|FRANCISCO JAVIER MINA|LAS PALMAS|7121572479|TOLUCA
75341A|cf75341a|75341|TAMAULIPAS SECC VIRGENCITAS 2, NEZA |ESTADO DE MÉXICO|A|FRANQUICIA|VIRGEN DE LOS REMEDIOS|115||TAMAULIPAS SECCION VIRGENCITAS|NEZAHUALCOYOTL|57300|ESTADO DE MÉXICO|ESQ. CUARTA AVENIDA|VIRGEN DE NUESTRA SEÑORA DE LA|VIRGEN DE LOS DOLORES|5550873611|#N/D
75368A|cf75368a|75368|VALLE DEL TENAYO, TLALNEPANTLA|ESTADO DE MÉXICO|A|FRANQUICIA|PASEO DE LOS SAUCES|5|LOCAL 1 Y 2|VALLE DEL TENAYO|TLALNEPANTLA DE BAZ|54147|ESTADO DE MÉXICO|AHUEHUETES|SANTA CECILIA|PASEO DE LOS CIPRESES|5591734544|#N/D
75372A|cf75372a|75372|TENANCINGO 5, MEX|TOLUCA|A|FRANQUICIA|HIDALGO|304||TENANCINGO DE DEGOLLADO CENTRO|TENANCINGO|52400|TOLUCA|ITURBIDE NORTE|GUADALUPE VICTORIA NORTE|FRANCISCO I. MADERO|7146887352|TOLUCA
75378A|cf75378a|75378|TOLUCA 74, MEX|ESTADO DE MÉXICO|A|FRANQUICIA|VIALIDAD JOSE LOPEZ PORTILLO|300|LOCAL 1 C|SAN JOSE GUADALUPE OTZACATIPAN|TOLUCA|50230|ESTADO DE MÉXICO|INSTITUTO LITERARIO|JOSEFA ORTIZ DE DOMINGUEZ|5 DE FEBRERO|7229373175|#N/D
75382A|cf75382a|75382|SAN CRISTOBAL, ZINACANTEPEC|TOLUCA|A|FRANQUICIA|DEL NEVADO|99||SAN CRISTOBAL TECOLIT|ZINACANTEPEC|51367|TOLUCA|ESQ. 5 DE MAYO|TEMASCALTEPEC|N/A|7229374169|TOLUCA
75385A|cf7385a|75385|LA PRESA, ECATEPEC|ESTADO DE MÉXICO|A|FRANQUICIA|RIO DE LAS AMERICAS|13||LA PRESA|ECATEPEC DE MORELOS|55509|ESTADO DE MÉXICO|RIO PINO|RIO CAMARONES|RIO HONDO|5593509560|#N/D
7538A|cf7538a|7538|IXTLAHUACA 2, MEX|TOLUCA|A|FRANQUICIA|GUSTAVO BAZ PRADA|S/N||IXTLAHUACA DE RAYON CENTRO|IXTLAHUACA|50740|TOLUCA|NICOLAS BRAVO|BENITO JUAREZ|0|7122830440|TOLUCA
75396A|cf75396a|75396|TOLUCA 75, MEX|TOLUCA|A|FRANQUICIA|BRIGIDA GARCIA|100||SANTA MARIA DE LAS ROSAS|TOLUCA|50140|TOLUCA|ESQ. JOSE MARIA PINO SUAREZ|SOSTENES ROCHA|IGNACIO MARISCAL|7222234448|TOLUCA
75398A|cf75398a|75398|CUAUTITLAN IZCALLI 32, MEX|ESTADO DE MÉXICO|A|FRANQUICIA|TEMOAYA|9|MZ C34 LT 1|CUAUTITLAN IZCALLI CENTRO URBANO|CUAUTITLAN IZCALLI|54700|ESTADO DE MÉXICO|DOCTOR HORACIO DURAN|JORGE JIMENEZ CANTU|AV. DE LOS REYES|5521624425|#N/D
75401A|cf75401a|75401|CAPULHUAC 3, MEX|ESTADO DE MÉXICO|A|FRANQUICIA|JOSE MARIA MORELOS|1100||CAPULHUAC DE MIRAFUENTES CENTRO|CAPULHUAC|52700|ESTADO DE MÉXICO|ESQ. VENUSTIANO CARRANZA|GUADALUPE VICTORIA|PORFIRIO DIAZ|7136881085|#N/D
75412A|cf75412a|75412|LOS REYES LA PAZ 5,MEX|ESTADO DE MÉXICO|A|FRANQUICIA|AMADO NERVO|88||DR. JORGE JIMENEZ CANTU|LA PAZ|56515|ESTADO DE MÉXICO|CALLE 7|TORRES|CAMINO DEL CERRITO|5526324600|#N/D
75416A|cf75416a|75416|LOS HEROES, IXTAPALUCA|ESTADO DE MÉXICO|A|FRANQUICIA|VENUSTIANO CARRANZA|S/N||LOS HEROES|IXTAPALUCA|56585|ESTADO DE MÉXICO|IGNACIO ZARAGOZA|BENITO JUAREZ|EMILIANO ZAPATA|5559830837|#N/D
75421A|cf75421a|75421|LA PRESA, NAUCALPAN|ESTADO DE MÉXICO|A|FRANQUICIA|LAS PRESAS|121||LA PRESA (TEJOCOTE)|NAUCALPAN DE JUAREZ|53217|ESTADO DE MÉXICO|RIO MIXTECO|RIO BALSAS|PRESA NECAXA|5589526680|#N/D
75430A|cf75430a|75430|TOLUCA 76, MEX (PA)|TOLUCA|A|FRANQUICIA|SAN JOSE|S/N|LOCAL 2|VILLAS SANTIN|TOLUCA|50214|TOLUCA|ESQ. SAN PABLO|SAN EUGENIO|SAN MARCOS|7229384724|TOLUCA
75447A|cf75447a|75447|LAS HUERTAS, NAUCALPAN |ESTADO DE MÉXICO|A|FRANQUICIA|HUERTAS|MZ 59 LT 2||LAS HUERTAS 3A SECCION|NAUCALPAN DE JUAREZ|53427|ESTADO DE MÉXICO|PRIMERA DE GUAMUCHIL|BELLOTA|0|5591343066|#N/D
75469A|cf75469a|75469|SAN VICENTE CHICOLOAPAN 4, MEX|ESTADO DE MÉXICO|A|FRANQUICIA|FEDERAL MEXICO - TEXCOCO|S/N||SAN VICENTE CHICOLOAPAN DE JUAREZ CENTRO|CHICOLOAPAN|56370|ESTADO DE MÉXICO|LADRILLERA|EMILIANO ZAPATA|0|5521656362|#N/D
75489A|cf75489a|75489|SAN FRANCISCO, ALMOLOYA DE JUAREZ |TOLUCA|A|FRANQUICIA|VALLE DE BRAVO|S/N||SAN FRANCISCO TLALCILALCALPAN|ALMOLOYA DE JUAREZ|50940|TOLUCA|BENITO JUAREZ|17C|NIÑOS HEROES|7222775324|TOLUCA
75490A|cf75490a|75490|TOLUCA 78, MEX|TOLUCA|A|FRANQUICIA|MANUEL BUENDIA TELLEZ GIRON|S/N||SAN CRISTOBAL HUICHOCHITLAN|TOLUCA|50200|TOLUCA|ESQ. PASEO DEL LA LUZ|IGNACIO ZARAGOZA|0|7222966929|TOLUCA
75546A|cf75546a|75546|IGNACIO ZARAGOZA, NICOLAS ROMERO|ESTADO DE MÉXICO|A|FRANQUICIA|MARIANO ESCOBEDO|S/N||IGNACIO ZARAGOZA|NICOLAS ROMERO|54457|ESTADO DE MÉXICO|16 DE SEPTIEMBRE|IGNACIO ALATORRE|0|5558211672|#N/D
75547A|cf75547a|75547|VALLE DORADO 3, TLALNEPANTLA|ESTADO DE MÉXICO|A|FRANQUICIA|CERRO DE LAS CRUCES|S/N||VALLE DORADO|TLALNEPANTLA DE BAZ|54020|ESTADO DE MÉXICO|BLVD. POPOCATEPETL|MALTRATA|0|5553783710|#N/D
75562A|cf75562a|75562|CHALCO 12, MEX|ESTADO DE MÉXICO|A|FRANQUICIA|TIERRA Y LIBERTAD|MZ 16|LT 12|EMILIANO ZAPATA|CHALCO|56608|ESTADO DE MÉXICO|GENARO AMEZCUA|FRANCISCO PACHECO|FERROCARRILES|5521276458|#N/D
75572A|cf75572a|75572|SAN MATEO NOPALA, NAUCALPAN|ESTADO DE MÉXICO|A|FRANQUICIA|SAN MATEO|182||SAN MATEO NOPALA|NAUCALPAN DE JUAREZ|53220|ESTADO DE MÉXICO|MIGUEL HIDALGO|CALLE DEL PUENTE|0|5557151599|#N/D
75573A|cf75573a|75573|JICALTEPEC CUEXCONTITLAN, TOLUCA|TOLUCA|A|FRANQUICIA|ESTADO DE MEXICO|S/N||JICALTEPEC CUEXCONTITLAN|TOLUCA|50205|TOLUCA|ESQ. DISTRITO FEDERAL|DURANGO|MORELOS|7222775823|TOLUCA
75597A|cf75597a|75597|FUENTES DEL VALLE 2, TULTITLAN|ESTADO DE MÉXICO|A|FRANQUICIA|BOSQUE BICLAMORES|S/N||FUENTES DEL VALLE|TULTITLAN|54910|ESTADO DE MÉXICO|REAL DEL BOSQUE|BOSQUE DE ARCES|BOSQUE DE DATILES|5592647824|#N/D
75598A|cf75598a|75598|SAN BARTOLOME TLALTELULCO, METEPEC|TOLUCA|A|FRANQUICIA|METEPEC-ZACANGO (CLL. PORFIRIO DIAZ)|S/N (140)||SAN BARTOLOME TLALTELULCO|METEPEC|52160|TOLUCA|CAMINO A SANTA MARIA|NEVADO DE TOLUCA|PORFIRIO DIAZ|7229406418|TOLUCA
75604A|cf75604a|75604|SALITRILLO, HUEHUETOCA|ESTADO DE MÉXICO|A|FRANQUICIA|LIBRAMIENTO A JOROBAS|S/N||SALITRILLO|HUEHUETOCA|54685|ESTADO DE MÉXICO|PORTAL LOS SANTOS|GUERRERO|SAN GABRIEL|5916881001|#N/D
75613A|cf75613a|75613|LA MAGDALENA, SAN MATEO ATENCO|TOLUCA|A|FRANQUICIA|BUENAVISTA|104||LA MAGDALENA|SAN MATEO ATENCO|52104|TOLUCA|DEL PANTEON|JUAN ALDAMA|BUENAVISTA|7229406450|TOLUCA
75614A|cf75614a|75614|LOS REYES, JOCOTITLAN (PA)|ESTADO DE MÉXICO|A|FRANQUICIA|MIGUEL HIDALGO|S/N||LOS REYES|JOCOTITLAN|50727|ESTADO DE MÉXICO|5 DE MAYO|20 DE NOVIEMBRE|0|7125978402|#N/D
75618A|cf75618a|75618|OJO DE AGUA 2, TECAMAC|ESTADO DE MÉXICO|A|FRANQUICIA|CLAVELES|S/N|MZ 142 LT 1|OJO DE AGUA|TECAMAC|55770|ESTADO DE MÉXICO|ESQ. OJO DE AGUA|MISIONES|CRISANTEMAS|5592469367|#N/D
75619A|cf75619a|75619|NVO. PASEO DE SAN AGUSTIN, ECATEPEC|ESTADO DE MÉXICO|A|FRANQUICIA|SUR 60|S/N|MZ 76 LT 2|NUEVO PASEO DE SAN AGUSTIN|ECATEPEC DE MORELOS|55130|ESTADO DE MÉXICO|ESQ. AV. MEXICO|AV. LOURDES|SUR 58|5592581789|#N/D
75640A|cf75640a|75640|BELLAVISTA 2, METEPEC|ESTADO DE MÉXICO|A|FRANQUICIA|ADOLFO LOPEZ MATEOS|2330||BELLAVISTA|METEPEC|52172|ESTADO DE MÉXICO|TECNOLOGICO|ARBOL DE LA VIDA|LERMA|7229428909|#N/D
75641A|cf75641a|75641|SANTA MARIA TONANITLA, MEX|ESTADO DE MÉXICO|A|FRANQUICIA|2 DE ABRIL|9||SANTA MARIA TONANITLA|TONANITLA|55785|ESTADO DE MÉXICO|20 DE NOVIEMBRE|18 DE OCTUBRE|1RO DE ENERO|5593144387|#N/D
75652A|cf75652a|75652|SAN CRISTOBAL TEXCALUCAN, MEX|ESTADO DE MÉXICO|A|FRANQUICIA|HUIXQUILUCAN NAUCALPAN|50||SAN CRISTOBAL TEXCALUCAN|HUIXQUILUCAN|52796|ESTADO DE MÉXICO|BRISA|CARDENALES|CARDENALES|5582843071|#N/D
75656A|cf75656a|75656|REAL GRANADA, TECAMAC|ESTADO DE MÉXICO|A|FRANQUICIA|CAMINO A SAN JERONIMO (CARRETERA N/D)|MZ 3 LT 6||REAL GRANADA|TECAMAC|55743|ESTADO DE MÉXICO|LORETO|FUENSANTA|PEÑAFLOR|5966882390|#N/D
75689A|cf75689a|75689|LA GUADALUPANA, ECATEPEC|ESTADO DE MÉXICO|A|FRANQUICIA|NUESTRA SEÑORA DE GUADALUPE|MZ 35|LT 47|LA GUADALUPANA|ECATEPEC DE MORELOS|55060|ESTADO DE MÉXICO|VIRGEN DE TALPA|VIRGEN DE LOS REMEDIOS NORTE|VIRGEN SAN JUAN DE LOS LAGOS|5592782702|#N/D
75694A|cf75694a|75694|NUEVA SAN ISIDRO, CHALCO|ESTADO DE MÉXICO|A|FRANQUICIA|LOPEZ MATEOS|1423||NUEVA SAN ISIDRO|CHALCO|56605|ESTADO DE MÉXICO|EL TRIUNFO|PRIMERO DE MAYO|15 DE SEPTIEMBRE|5592989794|#N/D
75727A|cf75727a|75727|SAN JERONIMO 4 VIENTOS, IXTAPALUCA|ESTADO DE MÉXICO|A|FRANQUICIA|TORMENTA|MZ 19|LT 51|SAN JERONIMO CUATRO VIENTOS|IXTAPALUCA|56589|ESTADO DE MÉXICO|TORNADO|BRISA|RETORNO 8|5558498665|#N/D
75730A|cf75730a|75730|TOLUCA 79, MEX|TOLUCA|A|FRANQUICIA|GUADALUPE VICTORIA|S/N||SAN CRISTOBAL HUICHOCHITLAN|TOLUCA|50200|TOLUCA|VICENTE VILLADA|REPUBLICA DEL SALVADOR|0|7222966176|TOLUCA
75739A|cf75739a|75739|VISTA HERMOSA, NICOLAS ROMERO|ESTADO DE MÉXICO|A|FRANQUICIA|DE LAS FLORES|20||VISTA HERMOSA 2A. SECCION|NICOLAS ROMERO|54414|ESTADO DE MÉXICO|NARDOS|DALIAS|DALIAS|5592090568|#N/D
75740A|cf75740a|75740|SANTA MARIA, CHIMALHUACAN|ESTADO DE MÉXICO|A|FRANQUICIA|VENUSTIANO CARRANZA|25||SANTA MARIA CHIMALHUACAN|CHIMALHUACAN|56330|ESTADO DE MÉXICO|CORREGIDORA|16 DE SEPTIEMBRE|GUERRERO|5551249435|#N/D
75748A|cf75748a|75748|SAN MATEO NOPALA 2, NAUCALPAN|ESTADO DE MÉXICO|A|FRANQUICIA|CAMINO REAL A SAN MATEO|93||SAN MATEO NOPALA|NAUCALPAN DE JUAREZ|53220|ESTADO DE MÉXICO|NICOLAS BRAVO|ANDADOR|PRIVADA NICOLAS BRAVO|5592997258|#N/D
75750A|cf75750a|75750|SAN PABLO DE LAS SALINAS, TULTITLAN|ESTADO DE MÉXICO|A|FRANQUICIA|EJE 3|23||SAN PABLO DE LAS SALINAS|TULTITLAN|54930|ESTADO DE MÉXICO|CUARTA PRIVADA POLIENIOS|QUINTA PRIVADA POLIENIOS|POLIENIOS|5558010004|#N/D
75760A|cf75760a|75760|EJERCITO DEL TRABAJO, ECATEPEC|ESTADO DE MÉXICO|A|FRANQUICIA|RETORNO VALLE DEL DON|MZ 9|LT 69|EJERCITO DEL TRABAJO III|ECATEPEC DE MORELOS|55298|ESTADO DE MÉXICO|ESQ. AZALEAS|ORQUIDEAS|BUGAMBILIAS|5592097057|#N/D
75781A|cf75781a|75781|VILLA DE LAS TORRES, ATIZAPAN|ESTADO DE MÉXICO|A|FRANQUICIA|IGNACIO ZARAGOZA|9||VILLA DE LAS TORRES|ATIZAPAN DE ZARAGOZA|52915|ESTADO DE MÉXICO|DE LAS TORRES|VENUS|VILLA VERDE|5521644617|#N/D
75782A|cf75782a|75782|REFORMA 2, NEZAHUALCOYOTL|ESTADO DE MÉXICO|A|FRANQUICIA|ORIENTE 30|334||REFORMA|NEZAHUALCOYOTL|57840|ESTADO DE MÉXICO|ESQ. NORTE 1|PANTITLAN|ORIENTE 29|5550852218|#N/D
75804A|cf75804a|75804|OJUELOS, ZINACANTEPEC, EMX|TOLUCA|A|FRANQUICIA|LICENCIADO ADOLFO LOPEZ MATEOS|S/N||OJUELOS|ZINACANTEPEC|51355|TOLUCA|ESQ. SAN MIGUEL|ANTONIO RIVERA VENEGAS|SAN JORGE|7229411209|TOLUCA
75805A|cf75805a|75805|SAN PEDRO TLALTIZAPAN, MEX|TOLUCA|A|FRANQUICIA|EMILIANO ZAPATA|S/N||SAN PEDRO TLALTIZAPAN|TIANGUISTENCO|52640|TOLUCA|ESQ. MARIANO MATAMOROS|SIMON BOLIVAR|SAN NICOLAS|7131316805|TOLUCA
75814A|cf75814a|75814|SAN LORENZO TETLIXTAC, COACALCO|ESTADO DE MÉXICO|A|FRANQUICIA|RAFAEL VALDOVINOS|35||SAN LORENZO TETLIXTAC|COACALCO DE BERRIOZABAL|55714|ESTADO DE MÉXICO|ESQ. MALAQUIAS HUITRON|POTRERO POPULAR|LAS TORRES|5550865968|#N/D
75818A|cf75818a|75818|SAN JACINTO, ATLAUTLA|ESTADO DE MÉXICO|A|FRANQUICIA|EMILIO CARRANZA|52||SAN JACINTO|ATLAUTLA|56970|ESTADO DE MÉXICO|HIDALGO|INDEPENDENCIA|ZARAGOZA|5976882576|#N/D
75827A|cf75827a|75827|LOMAS DE CRISTO, TEXCOCO|ESTADO DE MÉXICO|A|FRANQUICIA|CIRCUITO ACOLHUACAN|MZ 1 LT 4||LOMAS DE CRISTO|TEXCOCO|56225|ESTADO DE MÉXICO|PAVO REAL|CANARIOS|DE LAS AGUILAS|5956884093|#N/D
75850A|cf75850a|75850|HUEHUETOCA 6, MEX|ESTADO DE MÉXICO|A|FRANQUICIA|ISABEL CAMPOS|S/N||HUEHUETOCA|HUEHUETOCA|54680|ESTADO DE MÉXICO|ESQ. AYUNTAMIENTO|LUIS ECHEVARRIA|CALLEJON DEL BESO|5936908910|#N/D
75895A|cf75895a|75895|VISTA HERMOSA 2, NICOLAS ROMERO|ESTADO DE MÉXICO|A|FRANQUICIA|ARTURO MONTIEL ROJAS|461|J09|AMPLIACION VISTA HERMOSA|NICOLAS ROMERO|54414|ESTADO DE MÉXICO|CAMINO LAGO DE GUADALUPE|.|6 DE ENERO|5592909503|#N/D
75910A|cf75910a|75910|SAN ANTONIO LA ISLA 2, MEX|TOLUCA|A|FRANQUICIA|DOCTOR HUGO GONZALEZ|S/N||EX RANCHO SAN DIMAS|SAN ANTONIO LA ISLA|52282|TOLUCA|ESQ. SAN DIMAS|SAN SEBASTIAN APARICIO|SAN GASPAR|7229409456|TOLUCA
75938A|cf75938a|75938|CUANALAN, MEX|ESTADO DE MÉXICO|A|FRANQUICIA|16 DE SEPTIEMBRE MELCHOR OCAMPO|48||CUANALAN|ACOLMAN|55886|ESTADO DE MÉXICO|ESQ. SAN JUAN DE LETRAN|ALDAMA|LA PALMA|5949348108|#N/D
7593A|cf7593a|7593|TEXCOCO 10|ESTADO DE MÉXICO|A|FRANQUICIA|NICOLAS BRAVO|109||TEXCOCO DE MORA CENTRO|TEXCOCO|56100|ESTADO DE MÉXICO|ESQ. CDA. NICOLAS BRAVO|0|0|5959553093|#N/D
75945A|cf75945a|75945|ADOLFO LOPEZ MATEOS, TLALNEPANTLA|ESTADO DE MÉXICO|A|FRANQUICIA|VIVEROS DEL SUR|46||ADOLFO LOPEZ MATEOS|TLALNEPANTLA DE BAZ|54070|ESTADO DE MÉXICO|ESQ. PARQUE CENTRAL PONIENTE|DEL JARDIN|LAS ACACIAS|5593099002|#N/D
75966A|cf75966a|75966|SANTA MARIA HUEXOCULCO, CHALCO|ESTADO DE MÉXICO|A|FRANQUICIA|HIDALGO|25||SANTA MARIA HUEXOCULCO|CHALCO|56646|ESTADO DE MÉXICO|BENITO JUAREZ|MANZANARES|ITURBIDE|5516688525|#N/D
75967A|cf75967a|75967|MOLINO ABAJO, TEMOAYA, EMX |ESTADO DE MÉXICO|A|FRANQUICIA|TOLUCA - TEMOAYA|S/N||MOLINO ABAJO|TEMOAYA|50886|ESTADO DE MÉXICO|SAN ISIDRO|SIN NOMBRE|LUIS DONALDO COLOSIO|7191002296|#N/D
75973A|cf75973a|75973|SANTA MARIA MAGDALENA CAHUACAN, MEX|ESTADO DE MÉXICO|A|FRANQUICIA|ADOLFO LOPEZ MATEOS|S/N||SANTA MARIA MAGDALENA CAHUACAN|NICOLAS ROMERO|54430|ESTADO DE MÉXICO|MORELOS|0|0|5593041021|#N/D
7598A|cf7598a|7598|XONACATLAN 2|TOLUCA|A|FRANQUICIA|INDEPENDENCIA|4-B||SAN FRANCISCO XONACATLAN DE VICENCIO|XONACATLAN|52060|TOLUCA|JOSE MARIA MORELOS Y PAVON|SANTOS DEGOLLADO|0|7192862586|TOLUCA
75991A|cf75991a|75991|BENITO JUAREZ XALOSTOC, ECATEPEC|ESTADO DE MÉXICO|A|FRANQUICIA|CENTRAL|16||BENITO JUAREZ XALOSTOC|ECATEPEC DE MORELOS|55340|ESTADO DE MÉXICO|ESQ. CANAL DEL RISCO|C. 20|C. 5|5524764985|#N/D
75997A|cf75997a|75997|P. RESIDENCIAL COACALCO, ECATEPEC|ESTADO DE MÉXICO|A|FRANQUICIA|M. COLORADO|17||PARQUE RESIDENCIAL COACALCO|ECATEPEC DE MORELOS|55014|ESTADO DE MÉXICO|MONTE CAUCASO|CHIMBORAZO|MONTE CHIMBORAZO|5591316622|#N/D
75998A|cf75998a|75998|SAN MATEO TEZOQUIAPAN, MEX|ESTADO DE MÉXICO|A|FRANQUICIA|MELCHOR OCAMPO|40||SAN MATEO TEZOQUIPAN MIRAFLORES|CHALCO|56647|ESTADO DE MÉXICO|TULIPAN|CAMINO AL MOLINITO|GERANIO|5511046291|#N/D
7600A|cf7600a|7600|JIMENEZ CANTU 2, TLALNEPANTLA|ESTADO DE MÉXICO|A|FRANQUICIA|CERRO DE LAS CRUCES|MZ. 17|LT. 17|DR JORGE JIMENEZ CANTU|TLALNEPANTLA DE BAZ|54190|ESTADO DE MÉXICO|CERRO DE LA ESMERALDA|CERRO DEL ARENAL|0|5558290816|#N/D
76034A|cf76034a|76034|TOLUCA 80, MEX|TOLUCA|A|FRANQUICIA|PASEO VICENTE LOMBARDO TOLEDANO|311||GEO VILLAS DE LA IND|TOLUCA|50228|TOLUCA|INDEPENDENCIA|NIÑOS HEROES|FUENTE GIOVANI|7224903906|TOLUCA
76049A|cf76049a|76049|LUIS ECHEVERRIA, CUAUTITLAN IZCALLI|ESTADO DE MÉXICO|A|FRANQUICIA|MIGUEL HIDALGO|LOTE 8||LUIS ECHEVERRIA|CUAUTITLAN IZCALLI|54753|ESTADO DE MÉXICO|ESQ. COLIMA|CERRADA MIGUEL HIDALGO|AGUASCALIENTES|5571638448|#N/D
76057A|cf76057a|76057|SAN ANDRES EJIDOS, ECATEPEC|ESTADO DE MÉXICO|A|FRANQUICIA|RECURSOS HIDRAULICOS|S/N||SAN ANDRES EJIDOS|ECATEPEC DE MORELOS|55029|ESTADO DE MÉXICO|PLATANILLO|AVES|AVES|5594438120|#N/D
76082A|cf76082a|76082|SAN FRANCISCO TEPOJACO 2, MEX|ESTADO DE MÉXICO|A|FRANQUICIA|SAN JUAN BAUTISTA|3 CASA 1||SAN FRANCISCO TEPOJACO|CUAUTITLAN IZCALLI|54745|ESTADO DE MÉXICO|ESQ. LOTE 2|LOTE 5|SAN FRANCISCO DE ASIS|5520755171|#N/D
76089A|cf76089a|76089|SAN NICOLAS COATEPEC, TIANGUISTENCO|ESTADO DE MÉXICO|A|FRANQUICIA|MIGUEL HIDALGO|S/N||VILLA DE SAN NICOLAS COATEPEC DE LAS BATEAS|TIANGUISTENCO|52660|ESTADO DE MÉXICO|ESQ. NICOLAS MIGUEL PONIENTE|CARLOS HANK GONZALEZ|BELISARIO DOMINGUEZ|7136883397|#N/D
7608A|cf7608a|7608|VILLA VICTORIA 2, MEX.|TOLUCA|A|FRANQUICIA|LAZARO CARDENAS|S/N||VILLA VICTORIA|VILLA VICTORIA|50960|TOLUCA|AV. LAZARO CARDENAS|0|0|7262516227|TOLUCA
76106A|cf76106a|76106|CUAUTITLAN CENTRO 2, MEX|ESTADO DE MÉXICO|A|FRANQUICIA|16 DE SEPTIEMBRE|208||CUAUTITLAN CENTRO|CUAUTITLAN|54800|ESTADO DE MÉXICO|ESQ. AGUILES SERDAN|PINO SUAREZ|0|5526200430|#N/D
76121A|cf76121a|76121|EL TRIUNFO, VALLE DE CHALCO|ESTADO DE MÉXICO|A|FRANQUICIA|ADOLFO LOPEZ MATEOS|7||EL TRIUNFO|VALLE DE CHALCO SOLIDARIDAD|56617|ESTADO DE MÉXICO|SOLIDARIDAD (TEJONES)|EVA SAMANO|FELIPE ANGELES|5521274570|#N/D
76130A|cf76130a|76130|SAN JOSE HUILANGO, CUAUTITLAN|ESTADO DE MÉXICO|A|FRANQUICIA|EUCALIPTO ORIENTE|28||SAN JOSE HUILANGO|CUAUTITLAN IZCALLI|54710|ESTADO DE MÉXICO|CERRADA DEL ZAPOTE|PIRULES|CIRUELOS|5558968603|#N/D
76133A|cf76133a|76133|ALFREDO DEL MAZO, VALLE DE CHALCO|ESTADO DE MÉXICO|A|FRANQUICIA|SOTO Y GAMA|153||ALFREDO DEL MAZO|VALLE DE CHALCO SOLIDARIDAD|56619|ESTADO DE MÉXICO|ESQ. PONIENTE 5|PONIENTE 4-A|NORTE 36|5551607999|#N/D
76134A|cf76134a|76134|BENITO JUAREZ 4, NEZAHUALCOYOTL|ESTADO DE MÉXICO|A|FRANQUICIA|AGUILA NEGRA|198|LT 1 MZ 60|BENITO JUAREZ (LA AURORA)|NEZAHUALCOYOTL|57000|ESTADO DE MÉXICO|AMANECER RANCHERO|CIELITO LINDO|GAVILANES|5550873664|#N/D
76146A|cf76146a|76146|SAN CAYETANO MORELOS, TOLUCA|ESTADO DE MÉXICO|A|FRANQUICIA|JOSE MARIA MORELOS Y PAVON|S/N||SAN CAYETANO MORELOS|TOLUCA|50295|ESTADO DE MÉXICO|HEROES DE LA INDEPENDENCIA|LERDO DE TEJADA|IGNACIO INCLAN|7225436289|#N/D
76148A|cf76148a|76148|CIUDAD GALAXIA LOS REYES CHICOLOAPAN|ESTADO DE MÉXICO|A|FRANQUICIA|SUPER NOVA|6||CIUDAD GALAXIA LOS REYES|CHICOLOAPAN|56383|ESTADO DE MÉXICO|REAL DE LOS FRESNOS|PASEO VIA LACTEA|NEPTUNO|5550384000|#N/D
76160A|cf76160a|76160|SAN JOAQUIN, TULTEPEC|ESTADO DE MÉXICO|A|FRANQUICIA|TOLUCA|1||SAN JOAQUIN|TULTEPEC|54963|ESTADO DE MÉXICO|CAMINO MITRA|BOSQUES DE SAUCE|JARDIN DEL PARAISO|5590260441|#N/D
76169A|cf76169a|76169|LA PERLA 2, NEZAHUALCOYOTL|ESTADO DE MÉXICO|A|FRANQUICIA|FRAMBOYANES|144||LA PERLA|NEZAHUALCOYOTL|57820|ESTADO DE MÉXICO|ESQ. ALAMOS|ESCONDIDA|SAUCES|5589708282|#N/D
76172A|cf76172a|76172|ROMERO, NEZAHUALCOYOTL|ESTADO DE MÉXICO|A|FRANQUICIA|MEXICO|174|MZ 21 LT 34|ROMERO|NEZAHUALCOYOTL|57630|ESTADO DE MÉXICO|COATEPEC|MARIANO AZUELA|HIDALGO|5593399293|#N/D
7618A|cf7618a|7618|BOSQUES DE ARAGON 4 NEZAHUALCOYOTL|ESTADO DE MÉXICO|A|FRANQUICIA|BOSQUES DE LOS CONTINENTES|MZ. 26 A|LT. 1|BOSQUES DE ARAGON|NEZAHUALCOYOTL|57170|ESTADO DE MÉXICO|BLVD. BOSQUES DE LAS NACIONES|RETORNO BOSQUE DE GUAYANAS|0|5557969681|#N/D
76197A|cf76197a|76197|SAN ANTONIO ACAHUALCO, ZINACANTEPEC|TOLUCA|A|FRANQUICIA|MIGUEL HIDALGO|204 2||SAN ANTONIO ACAHUALCO|ZINACANTEPEC|51380|TOLUCA|FRANCISCO I. MADERO|FRANCISCO SARABIA|5 DE MAYO|7228789329|TOLUCA
76205A|cf76205a|76205|EJIDO SAN AGUSTIN ATLAPULCO, MEX|ESTADO DE MÉXICO|A|FRANQUICIA|PROLONGACION CHIMALHUACAN|MZ 11|LT 8|EJIDO SAN AGUSTIN ATLAPULCO|CHIMALHUACAN|56344|ESTADO DE MÉXICO|SALVADOR SANCHEZ COLIN|OTILIO MONTAÑO|CARLOS HANK GONZALEZ|5550887409|#N/D
76206A|cf76206a|76206|GUADALUPE YANCUICTLALPAN, MEX|TOLUCA|A|FRANQUICIA|HIDALGO|27||GUADALUPE YANCUICTLALPAN (GUALUPITA)|TIANGUISTENCO|52603|TOLUCA|MARIANO ABASOLO|IGNACIO ALLENDE|VICENTE GUERRERO|7136880089|TOLUCA
76207A|cf76207a|76207|EJIDO DEL QUEMADO, TULTEPEC|ESTADO DE MÉXICO|A|FRANQUICIA|LIBRAMIENTO 2 DE MARZO|2||EJIDO DEL QUEMADO|TULTEPEC|54963|ESTADO DE MÉXICO|ESQ. CIUDAD VICTORIA|COLIMA|ESTADO DE MEXICO|5590250987|#N/D
76214A|cf76214a|76214|SAN PEDRO POTZOHUACAN, TECAMAC|ESTADO DE MÉXICO|A|FRANQUICIA|16 DE SEPTIEMBRE|86||SAN PEDRO POTZOHUACAN|TECAMAC|55744|ESTADO DE MÉXICO|ESQ. SAN PEDRO|TIPICILCO|LINDERO|5586200794|#N/D
76220A|cf76220a|76220|ESPIRITU SANTO, METEPEC|TOLUCA|A|FRANQUICIA|ESTADO DE MEXICO|114||ESPIRITU SANTO|METEPEC|52140|TOLUCA|MIGUEL HIDALGO|IGNACIO MANUEL ALTAMIRANO|0|7226886244|TOLUCA
76227A|cf76227a|76227|SAN SEBASTIAN, METEPEC|TOLUCA|A|FRANQUICIA|16 DE SEPTIEMBRE|S/N||SAN SEBASTIAN|METEPEC|52146|TOLUCA|ATIZAPAN|LERDO DE TEJADA|NUEVA REFORMA|7286883921|TOLUCA
76241A|cf76241a|76241|TRES DE MAYO, CUAUTITLAN|ESTADO DE MÉXICO|A|FRANQUICIA|JACARANDAS|22||TRES DE MAYO|CUAUTITLAN IZCALLI|54760|ESTADO DE MÉXICO|DURAZNOS|EUCALIPTOS|CEDROS|5591309773|#N/D
76242A|cf76242a|76242|METROPOLITANA 3A SECC. 2, NEZA|ESTADO DE MÉXICO|A|FRANQUICIA|TEXCOCO|7||METROPOLITANA TERCERA SECCION|NEZAHUALCOYOTL|57750|ESTADO DE MÉXICO|MIXCOAC|NARVARTE|INDIO TRISTE|5558334893|#N/D
76247A|cf76247a|76247|ZARAGOZA DE GUADALUPE, CALMAYA|TOLUCA|A|FRANQUICIA|5 DE MAYO|16||ZARAGOZA DE GUADALUPE|CALIMAYA|52210|TOLUCA|NICOLAS NAVARRO|INDEPENDENCIA|MIGUEL HIDALGO|7222775201|TOLUCA
76263A|cf76263a|76263|H. DE LA INDEPENDENCIA, ECATEPEC|ESTADO DE MÉXICO|A|FRANQUICIA|15 DE SEPTIEMBRE|MZ 134|LT 01|HEROES DE LA INDEPENDENCIA|ECATEPEC DE MORELOS|55498|ESTADO DE MÉXICO|ESQ. JUAN ALDAMA|MARIANO ABASOLO|ALHONDIGA DE DE GRANADITAS|5559410697|#N/D
76265A|cf76265a|76265|SAN LORENZO, CHIMALHUACAN|ESTADO DE MÉXICO|A|FRANQUICIA|BENITO JUAREZ|S/N||SAN LORENZO|CHIMALHUACAN|56340|ESTADO DE MÉXICO|AV. CENTRAL|MANUEL AVILA CAMACHO|0|5551617062|#N/D
76273A|cf76273a|76273|AV. CENTRAL, IXTAPALUCA |ESTADO DE MÉXICO|A|FRANQUICIA|CENTRAL|S/N||ALFREDO DEL MAZO|IXTAPALUCA|56577|ESTADO DE MÉXICO|COLIBRI|CASINO DE LA SELVA|5 DE FEBRERO|5515416018|#N/D
76287A|cf76287a|76287|VALLE DE LA HACIENDA, CUAUTITLAN EMX|ESTADO DE MÉXICO|A|FRANQUICIA|DE LOS ASTROS|12||VALLE DE LA HACIENDA|CUAUTITLAN IZCALLI|54715|ESTADO DE MÉXICO|DE LOS ASTROS|ARIES|SIN NOMBRE|5521212145|#N/D
762A|cs0762a|762|VALLE DE CHALCO 3|ESTADO DE MÉXICO|A|SUCURSAL|DEL MAZO |MZ 362 |LT 7|SANTA CRUZ |VALLE DE CHALCO SOLIDARIDAD|56617|ESTADO DE MÉXICO|DR. ANTONIO DIAZ COVARRUBIAS|SUR 1||5559882248|#N/D
76311A|cf76311a|76311|LOS HEROES TECAMAC 3, TECAMAC|ESTADO DE MÉXICO|A|FRANQUICIA|FELIPE VILLANUEVA|534|MZ 110 LT 1|LOS HEROES TECAMAC|TECAMAC|55763|ESTADO DE MÉXICO|ESQ. CIRCUITO 34|CIRCUITO 34|AV. REVOLUCION|5517158490|#N/D
76318A|cf76318a|76318|SAN MATIAS CUIJINGO, JUCHITEPEC|ESTADO DE MÉXICO|A|FRANQUICIA|GUSTAVO BAZ|15||SAN MATIAS CUIJINGO|JUCHITEPEC|56864|ESTADO DE MÉXICO|JUAREZ|MARTIR|ITURBIDE|5971026440|#N/D
76321A|cf76321a|76321|LA PIEDAD, CUAUTITLAN|ESTADO DE MÉXICO|A|FRANQUICIA|16 DE SEPTIEMBRE|MZ 13 LT 245||LA PIEDAD|CUAUTITLAN IZCALLI|54720|ESTADO DE MÉXICO|DEL SAUCE|NORTE 12|PASEO DE LOS CEDROS|5592197871|#N/D
76325A|cf76325a|76325|SANTA MARIA GUADALUPE, ZUMPANGO|ESTADO DE MÉXICO|A|FRANQUICIA|16 DE SEPTIEMBRE|S/N||SANTA MARIA DE GUADALUPE|ZUMPANGO|55628|ESTADO DE MÉXICO|VERACRUZ|DURANGO|MONTERREY|5939187322|#N/D
76364A|cf76364a|76364|CD. ADOLFO LOPEZ MATEOS 3, ATIZAPAN|ESTADO DE MÉXICO|A|FRANQUICIA|DURANGO|MZ 41|LT 17|ADOLFO LOPEZ MATEOS|ATIZAPAN DE ZARAGOZA|52910|ESTADO DE MÉXICO|BAJA CALIFORNIA NORTE|MORELOS|DE LAS TORRES|5558203993|#N/D
76383A|cf76383a|76383|LA CANDELARIA TLAPALA, CHALCO|ESTADO DE MÉXICO|A|FRANQUICIA|ALLENDE|S/N||LA CANDELARIA TLAPALA|CHALCO|56641|ESTADO DE MÉXICO|ESQ. 21 DE DICIEMBRE|SIN NOMBRE|27 ABRIL|5551311074|#N/D
76384A|cf76384a|76384|SAN BERNARDINO, TEXCOCO|ESTADO DE MÉXICO|A|FRANQUICIA|MORELOS|2||SAN BERNARDINO|TEXCOCO|56260|ESTADO DE MÉXICO|ITURBIDE|VENUSTIANO CARRANZA|0|5959224977|#N/D
76389A|cf76389a|76389|LOS HEROES TECAMAC 4, TECAMAC|ESTADO DE MÉXICO|A|FRANQUICIA|BOSQUES DE MEXICO|MZ 105 LT 51|CASA 3|LOS HEROES TECAMAC II|TECAMAC|55764|ESTADO DE MÉXICO|ESQ. CUARTA CERRADA|TERCERA CERRADA|TERCERA CERRADA|5594623818|#N/D
76411A|cf76411a|76411|LOMAS DE TECAMAC, TECAMAC|ESTADO DE MÉXICO|A|FRANQUICIA|LUIS DONALDO COLOSIO MURRIETA|MZ W|LT 4|LOMAS DE TECAMAC|TECAMAC|55765|ESTADO DE MÉXICO|FRANCISCO MARQUEZ|JUAN DE LA BARRERA|MARIANA COLOSIO RIOJAS|5521623072|#N/D
76420A|cf76420a|76420|JARDINES DEL ALBA, CUAUTITLAN IZCALLI|ESTADO DE MÉXICO|A|FRANQUICIA|PARQUE DESIERTO DE LOS LEONES|18||JARDINES DEL ALBA|CUAUTITLAN IZCALLI|54750|ESTADO DE MÉXICO|ZOQUIAPAN|BOSENCHEVE|PARQUE ZOQUIPAN|5521624230|#N/D
7646A|cf7646a|7646|SANTA CRUZ ATIZAPAN 1, MEX.|TOLUCA|A|FRANQUICIA|CARLOS SILVA|2||SANTA CRUZ ATIZAPAN|ATIZAPAN|52500|TOLUCA|ESQ. 16 DE SEPTIEMBRE|5 DE FEBRERO|GUSTAVO BAZ PRADA|7131319863|TOLUCA
76488A|cf76488a|76488|FLORESTA, LA PAZ|ESTADO DE MÉXICO|A|FRANQUICIA|PASEO DEL TEPOZAN|S/N||FLORESTA|LA PAZ|56420|ESTADO DE MÉXICO|TEXCOCO|EBANOS|0|5590464111|#N/D
76503A|cf76503a|76503|CANALEJAS, JILOTEPEC|TOLUCA|A|FRANQUICIA|INDEPENDENCIA|S/N||CANALEJAS|JILOTEPEC|54260|TOLUCA|ADOLFO LOPEZ MATEOS|FRANCISCO I. MADERO|FRANCISCO SARABIA|7616906652|TOLUCA
76520A|cf76520a|76520|SAUCES COALICION, ECATEPEC|ESTADO DE MÉXICO|A|FRANQUICIA|PLUTARCO ELIAS CALLES (CLL. CUAUHTEMOC)|MZ 1|LT 19 A|SAUCES COALICION|ECATEPEC DE MORELOS|55268|ESTADO DE MÉXICO|ANDROMEDA|MIGUEL HIDALGO|MELCHOR OCAMPO|5529249481|#N/D
76562A|cf76562a|76562|SAN FELIPE DEL PROGRESO 2, MEX|TOLUCA|A|FRANQUICIA|INSURGENTES|S/N||EJIDAL|SAN FELIPE DEL PROGRESO|50640|TOLUCA|ESQ. VENUSTIANO CARRANZA|EMILIANO ZAPATA|0|7126880632|TOLUCA
76569A|cf76569a|76569|JARDINES DE SAN JOSE, COACALCO|ESTADO DE MÉXICO|A|FRANQUICIA|DALIAS|152|LT 18|JARDINES DE SAN JOSE 1A SECC|COACALCO DE BERRIOZABAL|55716|ESTADO DE MÉXICO|ESQ. SAN JOSE|CDA. SAN CARLOS|SANTA CRUZ|5515430329|#N/D
76576A|cf76576a|76576|SAN NICOLAS TLAZALA, CAPULHUAC|TOLUCA|A|FRANQUICIA|MEXICO-TOLUCA CAPULHUAC-SANTIAGO TIANGUISTENCO|S/N||SAN NICOLAS TLAZALA|CAPULHUAC|52710|TOLUCA|DE LOS ENCINOS|MELCHOR OCAMPO|PASEO DE LAS JACARANDAS|7136880461|TOLUCA
7657A|cf7657a|7657|SANTIAGO TIANGUISTENCO 3, MEX|TOLUCA|A|FRANQUICIA|CARLOS HANK GONZALEZ|403|B|SANTIAGO TIANGUISTENCO DE GALEANA|TIANGUISTENCO|52600|TOLUCA|MIGUEL HIDALGO|MARIANO MATAMOROS|0|7131353552|TOLUCA
76585A|cf76585a|76585|LA JOYA, ECATEPEC|ESTADO DE MÉXICO|A|FRANQUICIA|CUAUHTEMOC|37||LA JOYA|ECATEPEC DE MORELOS|55016|ESTADO DE MÉXICO|ESQ. ONIX|OBSIDIANA|ZAFIRO|5511146312|#N/D
76589A|cf76589a|76589|SAN LORENZO TOTOLINGA 3, NAUCALPAN|ESTADO DE MÉXICO|A|FRANQUICIA|DE GUADALUPE|40||SAN LORENZO TOTOLINGA 2A SECCION|NAUCALPAN DE JUAREZ|53426|ESTADO DE MÉXICO|UXMAL|MAYAPAN|PALOMAS|5525802998|#N/D
76622A|cf76622a|76622|LOMA DE SAN NICOLAS,TEMOAYA |ESTADO DE MÉXICO|A|FRANQUICIA|TOLUCA NAUCALPAN TEMOAYA JIQUIPILCO|S/N||LOMA DE SAN NICOLAS|TEMOAYA|50886|ESTADO DE MÉXICO|DE CANAL|18 DE MARZO|JOSE MARIA MORELOS Y PAVON|7196881211|#N/D
76635A|cf76635a|76635|EL PINO, LA PAZ|ESTADO DE MÉXICO|A|FRANQUICIA|FRANCISCO VILLA|MZ 26|LT 11|EL PINO|LA PAZ|56507|ESTADO DE MÉXICO|VICENTE GUERRERO|GALEANA|JOSE MARIA MORELOS|5526324296|#N/D
76653A|cf76653a|76653|MAGDALENA HUIZACHITLA, MEX|ESTADO DE MÉXICO|A|FRANQUICIA|VIA JOSE LOPEZ PORTILLO|145||SANTA MARIA MAGDALENA HUIZACHITLA|COACALCO DE BERRIOZABAL|55715|ESTADO DE MÉXICO|CRISTOBAL COLON|IGNACIO ALLENDE|TABASCO|5543172023|#N/D
76654A|cf76654a|76654|LA ESPERANZA, ECATEPEC|ESTADO DE MÉXICO|A|FRANQUICIA|AMADOR SALAZAR|MZ 13|LT 28|LA ESPERANZA|ECATEPEC DE MORELOS|55519|ESTADO DE MÉXICO|ESQ. GENERAL EMILIANO ZAPATA|CESAREO BURGOS|EMIGDIO MARMOLEJO|5553367409|#N/D
76656A|cf76656a|76656|SANTA MARIA CHICONAUTLA, ECATEPEC|ESTADO DE MÉXICO|A|FRANQUICIA|OJO DE AGUA LA VIA CAMINO AL EX FERROCARRIL|10|8|SANTA MARIA CHICONAUTLA|ECATEPEC DE MORELOS|55066|ESTADO DE MÉXICO|ECATEPEC 1|NUESTRA SEÑORA DE GUADALUPE|VIRGEN DE LA PIEDAD|5592321704|#N/D
76664A|cf76664a|76664|SAN FCO MAGU, NICOLAS ROMERO|ESTADO DE MÉXICO|A|FRANQUICIA|A TEPOZOTLAN|S/N||SAN FRANCISCO MAGU|NICOLAS ROMERO|54440|ESTADO DE MÉXICO|CIRINO GOMEZ VACA|CAMINO AL PANTEON|0|5528727284|#N/D
76665A|cf76665a|76665|RINCON VERDE, NAUCALPAN|ESTADO DE MÉXICO|A|FRANQUICIA|SAN MATEO|MZ 97 LT 1||RINCON VERDE|NAUCALPAN DE JUAREZ|53219|ESTADO DE MÉXICO|PINO|GERANIOS|0|5581905530|#N/D
76670A|cf76670a|76670|SECCION DE GUADALUPE, MEX|TOLUCA|A|FRANQUICIA|A MORELIA|KILOMETRO 42||SECCION DE GUADALUPE|VILLA VICTORIA|50974|TOLUCA|SANTA ISABEL DEL MONTE|LUIS CARLOS GALAN|0|5639441015|TOLUCA
76685A|cf76685a|76685|JESUS DEL MONTE, HUIXQUILUCAN|ESTADO DE MÉXICO|A|FRANQUICIA|JESUS DEL MONTE|132||JESUS DEL MONTE|HUIXQUILUCAN|52764|ESTADO DE MÉXICO|ADOLFO LOPEZ MATEOS|NISPERO|0|5550882987|#N/D
76688A|cf76688a|76688|JARDINES DE SAN AGUSTIN, CHIMALHUACAN|ESTADO DE MÉXICO|A|FRANQUICIA|PROL. CHIMALHUACAN|MZ 135|LT 10 B|VILLA SAN AGUSTIN ATLAPULCO|CHIMALHUACAN|56343|ESTADO DE MÉXICO|ESQ. TIERRA SANTA|NERIACO|MARAVILLAS|5526324874|#N/D
76707A|cf76707a|76707|LOS REYES LA PAZ 6, MEX|ESTADO DE MÉXICO|A|FRANQUICIA|MEXICO PUEBLA|KM 17.5||LOS REYES ACAQUILPAN CENTRO|LA PAZ|56400|ESTADO DE MÉXICO|ESQ. CALLEJON DE LOS REYES|CERRADA DE LA AUTOPISTA|AUTOPISTA MEXICO PUEBLA|5591276467|#N/D
76709A|cf76709a|76709|SAN JOSE EL JARAL, ATIZAPAN|ESTADO DE MÉXICO|A|FRANQUICIA|SAN JOSE EL JARAL|154|LT 7|SAN JOSE EL JARAL I|ATIZAPAN DE ZARAGOZA|52924|ESTADO DE MÉXICO|MARGARITAS|AMAPOLA|MARAVILLAS|5555489914|#N/D
76711A|cf76711a|76711|EX HDA. DEL PEDREGAL, ATIZAPAN|ESTADO DE MÉXICO|A|FRANQUICIA|MAGNOLIA|MZ 441||EX HACIENDA DEL PEDREGAL|ATIZAPAN DE ZARAGOZA|52910|ESTADO DE MÉXICO|IGNACIO ZARAGOZA|TABACHINES|0|5592013950|#N/D
76722A|cf76722a|76722|MARIEL, LA PAZ|ESTADO DE MÉXICO|A|FRANQUICIA|ANTORCHA POPULAR|MZ 13|LT 20|MARIEL|LA PAZ|56516|ESTADO DE MÉXICO|ESQ. MACARIO HERNANDEZ|BENITO QUEZADA|WENCESLAO VICTORIA|5593327835|#N/D
76728A|cf76728a|76728|EL TRAFICO 2, NICOLAS ROMERO (PA)|ESTADO DE MÉXICO|A|FRANQUICIA|EMILIANO ZAPATA|48||EL TRAFICO|NICOLAS ROMERO|54435|ESTADO DE MÉXICO|VICENTE BECERRIL|LOS PINOS|0|5521274649|#N/D
76746A|cf76746a|76746|LOS BORDOS ECATEPEC|ESTADO DE MÉXICO|A|FRANQUICIA|SAN ANDRES|MZ 55 LT 2||LOS BORDOS|ECATEPEC DE MORELOS|55515|ESTADO DE MÉXICO|JACARANDAS|SEGUNDA CERRADA DEL TREBOL|LIBERTAD|5559205332|#N/D
76751A|cf76751a|76751|CARLOS HANK GONZALEZ 2,ECATEPEC|ESTADO DE MÉXICO|A|FRANQUICIA|ACACIAS|MZ 42 LT 11||CARLOS HANK GONZALEZ|ECATEPEC DE MORELOS|55520|ESTADO DE MÉXICO|ESQ. CAMINO VIEJO A SAN ANDRES|NOGALES|FRESNOS|5593860440|#N/D
76760A|cf76760a|76760|VALLE DE LOS REYES 2, LA PAZ|ESTADO DE MÉXICO|A|FRANQUICIA|LERMA|MZ 161 LT 12||VALLE DE LOS REYES|LA PAZ|56430|ESTADO DE MÉXICO|ESQ. ANDRES MOLINA ENRIQUEZ|18|TENANCINGO|5558578783|#N/D
76761A|cf76761a|76761|OCHO CEDROS, TOLUCA|ESTADO DE MÉXICO|A|FRANQUICIA|EDUARDO GONZALEZ Y PICHARDO|S/N||OCHO CEDROS|TOLUCA|50170|ESTADO DE MÉXICO|ESQ. EJIDO|GENERAL ROQUE GONZALEZ|GRAN LAGO DEL OSO|7222776091|#N/D
76764A|cf76764a|76764|MONTECILLO, TEXCOCO|ESTADO DE MÉXICO|A|FRANQUICIA|GENERAL GONZALEZ MONTECILLOS|9||MONTECILLO|TEXCOCO|56264|ESTADO DE MÉXICO|CAMINO AL HUIZACHAL|CERRADA DE GONZALEZ|0|5959216085|#N/D
76856A|cf76856a|76856|CIUDAD CAMPESTRE, NICOLAS ROMERO|ESTADO DE MÉXICO|A|FRANQUICIA|EMILIANO ZAPATA|1||CIUDAD CAMPESTRE|NICOLAS ROMERO|54435|ESTADO DE MÉXICO|ENCINOS|CEDROS|0|5521274641|#N/D
76859A|cf76859a|76859|LA TERESONA, TOLUCA|TOLUCA|A|FRANQUICIA|PASEO MATLAZINCAS|1004||LA TERESONA|TOLUCA|50040|TOLUCA|DOROTEO ARANGO|GENERAL AGUSTIN MELGAR|18 DE MARZO|7229413067|TOLUCA
76902A|cf76902a|76902|INDUSTRIAL ALCE BLANCO, NAUCALPAN |ESTADO DE MÉXICO|A|FRANQUICIA|16 DE SEPTIEMBRE|600||INDUSTRIAL ALCE BLANCO|NAUCALPAN DE JUAREZ|53370|ESTADO DE MÉXICO|CUATRO|CINCO|PIRAMIDE|5522087991|#N/D
76906A|cf76906a|76906|SANTA MARIA, OCOYOACAC|TOLUCA|A|FRANQUICIA|MARTIN CHIMALTECATL|242||SANTA MARIA|OCOYOACAC|52740|TOLUCA|BRISAS|CAMINO AL COMALERO|DEL RIO|7286883821|TOLUCA
76933A|cf76933a|76933|SANTA CRUZ TEPEXPAN, MEX|TOLUCA|A|FRANQUICIA|IXTLAHUACA DE RAYON-NAUCALPAN|S/N||MANZANA TERCERA DE SANTA CRUZ TEPEXPAN|JIQUIPILCO|50830|TOLUCA|MARIANO MATAMOROS|INDEPENDENCIA|A IXTLAHUACA|7126882455|TOLUCA
76941A|cf76941a|76941|JARDINES DE SANTA CLARA, ECATEPEC|ESTADO DE MÉXICO|A|FRANQUICIA|CIRCUNVALACION NORTE|S/N||JARDINES DE SANTA CLARA|ECATEPEC DE MORELOS|55450|ESTADO DE MÉXICO|CENTRAL SANTA CLARA|21|14|5591340843|#N/D
76958A|cf76958a|76958|PASEOS DEL LAGO, ZUMPANGO|ESTADO DE MÉXICO|A|FRANQUICIA|PASEO DEL LAGO II|S/N||PASEOS DEL LAGO II|ZUMPANGO|55607|ESTADO DE MÉXICO|CARRETERA TECAMAC ZUMPANGO|LAGO BOSQUES|SIN NOMBRE|5936900749|#N/D
76959A|cf76959a|76959|LOS CEDROS 400 LERMA|TOLUCA|A|FRANQUICIA|DE LAS PARTIDAS|S/N||LOS CEDROS 400|LERMA|52004|TOLUCA|RAFAEL NAVAS GARCIA|PASEO DEL CEDRO|RIO TOTOLTEPEC|7281410058|TOLUCA
76962A|cf76962a|76962|SAN JUAN TEHUIXTITLAN, ATLAUTLA|ESTADO DE MÉXICO|A|FRANQUICIA|HIDALGO|S/N||SAN JUAN TEHUIXTITLAN CENTRO|ATLAUTLA|56980|ESTADO DE MÉXICO|AV. JUAREZ|5 DE MAYO|OCAMPO|5650949431|#N/D
76974A|cf76974a|76974|AVANDARO 2, VALLE DE BRAVO|ESTADO DE MÉXICO|A|FRANQUICIA|FONTANAS|6||AVANDARO|VALLE DE BRAVO|51200|ESTADO DE MÉXICO|FONTANA ZARCA|OCOTAL|FONTANA ZARCA|7123864097|#N/D
76975A|cf76975a|76975|TLAZALA DE FABELA, MEX|ESTADO DE MÉXICO|A|FRANQUICIA|MONTE ALTO|MZ 23||MIRAFLORES|ISIDRO FABELA|54484|ESTADO DE MÉXICO|AZUCENA|CONSTITUCION|DEL ROSAL|5594116305|#N/D
76979A|cf76979a|76979|LOMAS DE SAN SEBASTIAN, LA PAZ|ESTADO DE MÉXICO|A|FRANQUICIA|CAMINO AL CERRO (ANDRES MANUEL LOPEZ OBRADOR)|MZ 10||LOMAS DE SAN SEBASTIAN|LA PAZ|56512|ESTADO DE MÉXICO|ESQ. CAMPO VALVERDE|LA NORIA|GRANADA|5594074786|#N/D
7698A|cf7698a|7698|JILOTEPEC 2, MEX.|TOLUCA|A|FRANQUICIA|VICENTE GUERRERO|110||JILOTEPEC DE MOLINA ENRIQUEZ|JILOTEPEC|54240|TOLUCA|MIGUEL HIDALGO|AV. LAZARO CARDENAS|CERRADA NIÑOS HEROES|7616905563|TOLUCA
77006A|cf77006a|77006|SAN MARCOS YACHIHUACALTEPEC, MEX|ESTADO DE MÉXICO|A|FRANQUICIA|JUAN FERNANDEZ ALBARRAN|S/N||SAN MARCOS YACHIHUACALTEPEC|TOLUCA|50285|ESTADO DE MÉXICO|INDEPENDENCIA|INDEPENDENCIA|0|7229560299|#N/D
77025A|cf77025a|77025|SANTA ANA IXTLAHUACA, MEX|ESTADO DE MÉXICO|A|FRANQUICIA|IXTLAHUACA-SAN FELIPE DEL PROGRESO|S/N||SANTA ANA LA LADERA|IXTLAHUACA|50760|ESTADO DE MÉXICO|JUAN REBOLLO BASURTO|CARRETERA AL PEDREGAL|SIN NOMBRE|5649221572|#N/D
77028A|cf77028a|77028|LAS AMERICAS 4, ECATEPEC DE MORELOS|ESTADO DE MÉXICO|A|FRANQUICIA|PASEO DE LAS AMERICAS|S/N||LAS AMERICAS|ECATEPEC DE MORELOS|55076|ESTADO DE MÉXICO|INSURGENTES|1RO DE MAYO|CENTRAL|5591322278|#N/D
77031A|cf77031a|77031|TLAYEHUALE, IXTAPALUCA|ESTADO DE MÉXICO|A|FRANQUICIA|HUAPALCALLO|MZ 8|LT 18|TLAYEHUALE|IXTAPALUCA|56586|ESTADO DE MÉXICO|CEOLITZIN|MALITZIN|HUANITZIN|5594993612|#N/D
77054A|cf77054a|77054|EMILIO CHUAYFFET, TULTITLAN|ESTADO DE MÉXICO|A|FRANQUICIA|LEONARDO BRAVO|MZ 136|LT 20|EMILIO CHUAYFFET|TULTITLAN|54927|ESTADO DE MÉXICO|VALERIO TRUJANO|CTO. EXTERIOR MEXIQUENSE|IGNACIO PICHARDO PAGAZA|5558833936|#N/D
77072A|cf77072a|77072|SAN MIGUEL TENOCHTITLAN, MEX|ESTADO DE MÉXICO|A|FRANQUICIA|ATLACOMULCO-EL ORO-SAN FELIPE DEL PROGRESO|S/N||SAN MIGUEL TENOCHTITLAN|JOCOTITLAN|50710|ESTADO DE MÉXICO|DE LOS AZTECAS|CUITLAHUAC|CUAUHTEMOC|7121618983|#N/D
77091A|cf77091a|77091|EL GAVILLERO, NICOLAS ROMERO|ESTADO DE MÉXICO|A|FRANQUICIA|A PROGRESO INDUSTRIAL|S/N||EL GAVILLERO|NICOLAS ROMERO|54459|ESTADO DE MÉXICO|GOMEZ FARIAS|LIRIOS|GUILLERMO PRIETO|5596315698|#N/D
77096A|cf77096a|77096|SANTA CRUZ TLAPACOYA, IXTAPALUCA|ESTADO DE MÉXICO|A|FRANQUICIA|GABRIEL LEYVA|MZ 21|LT 1|SANTA CRUZ TLAPACOYA|IXTAPALUCA|56577|ESTADO DE MÉXICO|FERROCARRIL|FRANCISCO VILLA|LEANDRO VALLE|5551602620|#N/D
77102A|cf77102a|77102|JARDINES DE CERRO GORDO, ECATEPEC|ESTADO DE MÉXICO|A|FRANQUICIA|VIA JOSE MARIA MORELOS|351 A||JARDINES DE CERRO GORDO|ECATEPEC DE MORELOS|55100|ESTADO DE MÉXICO|CIRCUNVALACION|NUEVO LEON|INDUSTRIA QUIMICA|5550855945|#N/D
77103A|cf77103a|77103|LAS AURORITAS, CUAUTITLAN IZCALLI|ESTADO DE MÉXICO|A|FRANQUICIA|PRIMERO DE MAYO|26||LAS AURORITAS|CUAUTITLAN IZCALLI|54725|ESTADO DE MÉXICO|18 DE JULIO|24 DE DICIEMBRE|PRIMERO DE ABRIL|5551603000|#N/D
77116A|cf77116a|77116|JARDINES DE SANTA CRUZ, TULTEPEC|ESTADO DE MÉXICO|A|FRANQUICIA|GLADIOLAS|78||JARDINES DE SANTA CRUZ|TULTEPEC|54965|ESTADO DE MÉXICO|ESQ. HERMENEGILDO GALEANA|PENSAMIENTOS|PENSAMIENTOS|5550855234|#N/D
7714A|cf7714a|7714|SANTA TERESA II, MEX|ESTADO DE MÉXICO|A|FRANQUICIA|DE LA MORA|MZ 107 LT 1|LOCAL 10|SANTA TERESA III|HUEHUETOCA|54695|ESTADO DE MÉXICO|PASEO DE LA TORONJA|PASEO DEL AMARANTO|CALLE DE ZANAHORIA|5939143822|#N/D
77155A|cf77155a|77155|SAN PABLO AUTOPAN 2, MEX|TOLUCA|A|FRANQUICIA|IGNACIO LOPEZ RAYON|164||SAN PABLO AUTOPAN|TOLUCA|50290|TOLUCA|MOCTEZUMA|14 DE FEBRERO|SOR JUANA INES DE LA CRUZ|7229578455|TOLUCA
77158A|cf77158a|77158|HACIENDA DEL PARQUE, MEX|ESTADO DE MÉXICO|A|FRANQUICIA|HACIENDA XALPA|6|LOCAL 3|HACIENDA DEL PARQUE|CUAUTITLAN IZCALLI|54769|ESTADO DE MÉXICO|HACIENDA DE SIERRA VIEJA|MANUEL AVILA CAMACHO|0|5591550434|#N/D
7715A|cf7715a|7715|TOLUCA 48, MEX|TOLUCA|A|FRANQUICIA|LAGUNA DEL VOLCAN|301|B|SEMINARIO 1A SECC|TOLUCA|50170|TOLUCA|GRAL ALVARO OBREGON|LAGO DE MARACAIBO|0|7222107600|TOLUCA
77160A|cf77160a|77160|SAN LORENZO CUAUHTENCO, MEX|TOLUCA|A|FRANQUICIA|A ZITACUARO|S/N||SAN LORENZO CUAUTENCO|ZINACANTEPEC|51355|TOLUCA|VICENTE GUERRERO|LUIS DONALDO COLOSIO|LOMA TAURINA|7222974030|TOLUCA
77168A|cf77168a|77168|LOMAS DE CARTAGENA, TULTITLAN|ESTADO DE MÉXICO|A|FRANQUICIA|2|S/N||LOMAS DE CARTAGENA|TULTITLAN|54958|ESTADO DE MÉXICO|LOMAS DE CARTAGENA|DURAZNO|0|5596651622|#N/D
77178A|cf77178a|77178|LAGO DE GUADALUPE, MEX|ESTADO DE MÉXICO|A|FRANQUICIA|CISNES|S/N||LAGO DE GUADALUPE|CUAUTITLAN IZCALLI|54760|ESTADO DE MÉXICO|HALCON|JILGUERO ORIENTE|FAISAN|5590668658|#N/D
77190A|cf77190a|77190|HIMNO NACIONAL, NICOLAS ROMERO|ESTADO DE MÉXICO|A|FRANQUICIA|20 DE NOVIEMBRE|36||HIMNO NACIONAL|NICOLAS ROMERO|54435|ESTADO DE MÉXICO|6 DE DICIEMBRE|12 DE DICIEMBRE|JUAREZ|5591555639|#N/D
77191A|cf77191a|77191|HUEHUETOCA 7, MEX|ESTADO DE MÉXICO|A|FRANQUICIA|SOR JUANA INES DE LA CRUZ|MZ. 015||HUEHUETOCA|HUEHUETOCA|54680|ESTADO DE MÉXICO|LA RIVERA|DEL CALVARIO|DEL RIO|5558786179|#N/D
77261A|cf77261a|77261|SAN PABLO DE LAS SALINAS 2, TULTITLAN|ESTADO DE MÉXICO|A|FRANQUICIA|SAN PABLO|8||SAN PABLO DE LAS SALINAS|TULTITLAN|54930|ESTADO DE MÉXICO|VENUSTIANO CARRANZA|SAN PABLO|MORELOS|5558010186|#N/D
77286A|cf77286a|77286|BELLAVISTA 3, METEPEC|ESTADO DE MÉXICO|A|FRANQUICIA|TECNOLOGICO|90-A||BELLAVISTA|METEPEC|52172|ESTADO DE MÉXICO|ESTADO DE MEXICO|ADOLFO LOPEZ MATEOS|ARBOL DE LA VIDA|7229651924|#N/D
77295A|cf77295a|77295|SAN LORENZO TLACOTEPEC, MEX|ESTADO DE MÉXICO|A|FRANQUICIA|JAVIER LOPEZ GARCIA|2691||SAN LORENZO TLACOTEPEC|ATLACOMULCO|50486|ESTADO DE MÉXICO|SAN LORENZO|DEL ESTUDIANTE|0|7126905165|#N/D
77297A|cf77297a|77297|SAN PABLO AUTOPAN 3, MEX|ESTADO DE MÉXICO|A|FRANQUICIA|IGNACIO LOPEZ RAYON|345||SAN PABLO AUTOPAN|TOLUCA|50290|ESTADO DE MÉXICO|CONSTITUYENTES|LEON GUZMAN|13 DE SEPTIEMBRE|7229655950|#N/D
77322A|cf77322a|77322|BOSQUES DE IXTACALA 2, ATIZAPAN|ESTADO DE MÉXICO|A|FRANQUICIA|SAUCES|MZ. 17 LT. 37|35|BOSQUES DE IXTACALA|ATIZAPAN DE ZARAGOZA|52919|ESTADO DE MÉXICO|PIRULES|ENCINOS|PINO|5591309717|#N/D
77384A|cf77384a|77384|6 DE JUNIO, IXTAPALUCA|ESTADO DE MÉXICO|A|FRANQUICIA|PRIVADA EDGARDO AMILCAR|S/N||6 DE JUNIO|IXTAPALUCA|56566|ESTADO DE MÉXICO|CEREZOS|SIN NOMBRE|CLARA CORDOVA|5556202317|#N/D
7738A|cf7738a|7738|HUEHUETOCA 3, MEX.|ESTADO DE MÉXICO|A|FRANQUICIA|PASEO DEL GAVILAN (PASEO DEL AGUILA)|S/N|PLAZA KARV (LOC 23)|SANTA TERESA IV|HUEHUETOCA|54680|ESTADO DE MÉXICO|PASEO DEL MANGO|CARR. TULA - JOROBAS|0|5936901310|#N/D
773A|cs0773a|773|VALLE DE CHALCO 4|ESTADO DE MÉXICO|A|SUCURSAL|CUAUHTEMOC |MZ 85 |LT 1|SAN MIGUEL XICO I SECC. |VALLE DE CHALCO SOLIDARIDAD|56613|ESTADO DE MÉXICO|AV. CUITLAHUAC|SUR 21||5526453975|#N/D
7798A|cf7798a|7798|IXTAPALUCA 1|ESTADO DE MÉXICO|A|FRANQUICIA|CUAUHTEMOC|2000|LOCAL 26|SANTA BARBARA|IXTAPALUCA|56538|ESTADO DE MÉXICO|LOS ENCINOS|AV, ACOZAC|0|5559723276|#N/D
7804A|cf7804a|7804|APAXCO 1, MEX.|ESTADO DE MÉXICO|A|FRANQUICIA|VENUSTIANO CARRANZA|1||APAXCO DE OCAMPO|APAXCO|55660|ESTADO DE MÉXICO|ESQUINA 16 DE SEPTIEMBRE|5 DE MAYO|5 DE FEBRERO|5911004648|#N/D
780A|cs0780a|780|VALLE DE CHALCO 6|ESTADO DE MÉXICO|A|SUCURSAL|CUAUHTEMOC |MZ 1413 |LT 7|DEL CARMEN |VALLE DE CHALCO SOLIDARIDAD|56619|ESTADO DE MÉXICO|NORTE 33|AV. SOTO Y GAMA||5516434091|#N/D
780C|cs0780c|780|VALLE DE CHALCO 6|ESTADO DE MÉXICO|C|SUCURSAL|CUAUHTEMOC |MZ 1413 |LT 7|DEL CARMEN |VALLE DE CHALCO SOLIDARIDAD|56619|ESTADO DE MÉXICO|NORTE 33|AV. SOTO Y GAMA||5516434091|#N/D
7830A|cf0830a|7830|SANTA CLARA COATITLA 1, ECATEPEC|ESTADO DE MÉXICO|A|FRANQUICIA|5 DE MAYO|2||SANTA CLARA COATITLA|ECATEPEC DE MORELOS|55540|ESTADO DE MÉXICO|5 DE MAYO|PLAZA JUAREZ|0|5557881925|#N/D
785A|cs0785a|785|CHALCO 3|ESTADO DE MÉXICO|A|SUCURSAL|CUAUHTEMOC |235 |LT1 LC A|CHALCO DE DIAZ COBARRUVIAS CENTRO |CHALCO|56600|ESTADO DE MÉXICO|ESQ. CARRETERA CHALCO-TLAHUAC|S R||5559827791|#N/D
786A|cs0786a|786|ZUMPANGO 2|ESTADO DE MÉXICO|A|SUCURSAL|ABASOLO |2 ||SAN JUAN |ZUMPANGO|55600|ESTADO DE MÉXICO|MELCHOR OCAMPO|MIGUEL HIDALGO||5911001751|#N/D
7882A|cf7882a|7882|ALMOLOYA DE JUAREZ 2|TOLUCA|A|FRANQUICIA|MORELOS|19|A|ALMOLOYA DE JUAREZ CENTRO|ALMOLOYA DE JUAREZ|50900|TOLUCA|MARIANO ABASOLO|05 DE MAYO|0|7251360966|TOLUCA
7887A|cf7887a|7887|ACOLMAN 1 MEX.|ESTADO DE MÉXICO|A|FRANQUICIA|DEL LAGO|MZ. 03|LT. 37|REAL DEL VALLE|ACOLMAN|55883|ESTADO DE MÉXICO|BLVD. DEL LAGO|PASEO REAL DEL VALLE|0|5529588496|#N/D
7910A|cf7910a|7910|ZINACANTEPEC 2 MEX.|TOLUCA|A|FRANQUICIA|16 DE SEPTIEMBRE|344||NEVADO PLUS I|ZINACANTEPEC|51354|TOLUCA|PRIVADA 16 DE SEPTIEMBRE|0|0|7221903342|TOLUCA
7925A|cf7925a|7925|METROPOLITANA 3A SECC. 1 NEZAHUALCOYOTL|ESTADO DE MÉXICO|A|FRANQUICIA|ESCALERILLAS (CLL. POLANCO)|128||METROPOLITANA 3A SECC|NEZAHUALCOYOTL|57750|ESTADO DE MÉXICO|AV. SAN ANGEL|POLANCO|0|5557971932|#N/D
7930A|cf7930a|7930|BOSQUES DE ARAGON 5 NEZAHUALCOYOTL|ESTADO DE MÉXICO|A|FRANQUICIA|BOSQUES DE AFRICA|95||BOSQUES DE ARAGON|NEZAHUALCOYOTL|57170|ESTADO DE MÉXICO|BOSQUES DE LIBIA|BOSQUES DE CAMERUN|0|5521583154|#N/D
7990A|cf7990a|7990|BENITO JUAREZ 1 NEZAHUALCOYOTL|ESTADO DE MÉXICO|A|FRANQUICIA|CAMA DE PIEDRA (LA CIGARRA)|52||BENITO JUAREZ|NEZAHUALCOYOTL|57000|ESTADO DE MÉXICO|LA CIGARRA|LA MONTAÑA|ESCONDIDA|5554413877|#N/D
822A|cs0822a|822|NEZAHUALCOYOTL 8|ESTADO DE MÉXICO|A|SUCURSAL|TACUBAYA |NO.293 |MZ 87 LT 25|AMPL. GENERAL JOSE VICENTE VILLADA SUPER 44|NEZAHUALCOYOTL|57718|ESTADO DE MÉXICO|TACUBAYA|PETROLEOS MEXICANOS||5551130136|#N/D
82B|cs0082b|82|ECATEPEC 1|ESTADO DE MÉXICO|B|SUCURSAL|VIA MORELOS |368 ||SANTA CLARA COATITLA |ECATEPEC DE MORELOS|55540|ESTADO DE MÉXICO|CARR. LIBRE MEXICO-PACHUCA KM. 15|||5557490831|#N/D
863A|cs0863a|863|TOLUCA 5|TOLUCA|A|SUCURSAL|IGNACIO LOPEZ RAYON |304 |D|SANTA CLARA |TOLUCA|50090|TOLUCA|LERDO DE TEJADA|INDEPENDENCIA||7221671112|TOLUCA
864A|cs0864a|864|NAUCALPAN 5|ESTADO DE MÉXICO|A|SUCURSAL|SEPTIEMBRE |29 |A|SAN BARTOLO |NAUCALPAN DE JUAREZ|53000|ESTADO DE MÉXICO|JARDIN|FERROCARRIL||5553574872|#N/D
883A|cs0883a|883|NAUCALPAN 6|ESTADO DE MÉXICO|A|SUCURSAL|JUAREZ |1 |LC 3|NAUCALPAN DE JUAREZ CENTRO |NAUCALPAN DE JUAREZ|53000|ESTADO DE MÉXICO|ESQUINA ZARAGOZA|AV. JUAREZ||5553598862|#N/D
884A|cs0884a|884|NEZAHUALCOYOTL 10|ESTADO DE MÉXICO|A|SUCURSAL|PANTITLAN |127 MZ 41 |LT50|MEXICO 2 |NEZAHUALCOYOTL|57620|ESTADO DE MÉXICO|VICENTE RIVAPALACIOS|HERIBERTO ENRIQUEZ||5557653342|#N/D
9A|cs0009a|9|TOLUCA 1|TOLUCA|A|SUCURSAL|JOSE MARIA MORELOS Y PAVON |111 ORIENTE||5 DE MAYO |TOLUCA|50090|TOLUCA|I. LOPEZ RAYON|BENITO JUAREZ||7222157783|TOLUCA
9B|cs0009b|9|TOLUCA 1|TOLUCA|B|SUCURSAL|JOSE MARIA MORELOS Y PAVON |111 ORIENTE||5 DE MAYO |TOLUCA|50090|TOLUCA|I. LOPEZ RAYON|BENITO JUAREZ||7222157783|TOLUCA
FC0003A|cfc0003a|FC0003|OZUMBA 1|ESTADO DE MÉXICO|A|FRANQUICIA|HERMENEGILDO GALEANA|S/N|LOCAL 3|OZUMBA DE ALZATE|OZUMBA|56800|ESTADO DE MÉXICO|JOSE ANTONIO ALZATE|BENITO JUAREZ|CORREGIDORA|5979763480|#N/D
FC0007A|cfc0007a|FC0007|XALATLACO 1, MEX|TOLUCA|A|FRANQUICIA|16 DE SEPTIEMBRE|79||XALATLACO|XALATLACO|52680|TOLUCA|ESQ. CUAUHTEMOC OTE.|INDEPENDENCIA OTE.|LEONA VICARIO|7131311268|TOLUCA
FC0049A|cfc0049a|FC0049|SAN MARTIN DE LAS PIRAMIDES 1, MEX.|ESTADO DE MÉXICO|A|FRANQUICIA|16 DE SEPTIEMBRE|1||SAN MARTIN CENTRO|SAN MARTIN DE LAS PIRAMIDES|55850|ESTADO DE MÉXICO|AV. PLAN DE SAN LUIS|1RO. DE MAYO|IGNACIO ZARAGOZA|5949583836|#N/D
FC0064A|cfc0064a|FC0064|NAUCALPAN|ESTADO DE MÉXICO|A|FRANQUICIA|MINAS PALACIO|29||OLIMPIADA 68 (SAN RAFAEL CHAMAPA III)|NAUCALPAN DE JUAREZ|53690|ESTADO DE MÉXICO|DE LAS TORRES|CIRCUNVALACION|DE LAS TORRES|5521278788|#N/D
FC0090A|cfc0090a|FC0090|ACAMBAY 3, MEX.|TOLUCA|A|FRANQUICIA|PANAMERICANA|27||ACAMBAY CENTRO|ACAMBAY DE RUIZ CASTAÑEDA|50300|TOLUCA|ALLENDE|ALFONSO NAVARRETE|0|7181271642|TOLUCA
FC0091A|cfc0091a|FC0091|TOLUCA 37|TOLUCA|A|FRANQUICIA|MIGUEL HIDALGO|100|2|SAN LORENZO TEPALTITLAN CENTRO|TOLUCA|50010|TOLUCA|MORELIA|JOSE VICENTE VILLADA|0|7222725354|TOLUCA
FC0092A|cfc0092a|FC0092|JILOTEPEC 1, MEX.|TOLUCA|A|FRANQUICIA|PRINCIPAL MANUEL AVILA CAMACHO|S/N|N/A|JILOTEPEC DE MOLINA ENRIQUEZ|JILOTEPEC|54240|TOLUCA|ESQ. LEONA VICARIO|ABEL HUITRON Y AGUADO|VICENTE GUERRERO|7616905441|TOLUCA
FC0094A|cfc0094a|FC0094|TOLUCA 39|TOLUCA|A|FRANQUICIA|INDEPENDENCIA|203||CACALOMACAN|TOLUCA|50265|TOLUCA|FRAY J. VERA VALDEZ|LEONA VICARIO|0|7222744935|TOLUCA
FC0096A|cfc0096a|FC0096|HUIXQUILUCAN 1|ESTADO DE MÉXICO|A|FRANQUICIA|JOSE MARIA MORELOS|4||HUIXQUILUCAN DE DEGOLLADO CENTRO|HUIXQUILUCAN|52760|ESTADO DE MÉXICO|QUINTANA ROO|HIDALGO|0|5551608159|#N/D
FC0099A|cfc0099a|FC0099|VILLA GUERRERO 1, MEX|TOLUCA|A|FRANQUICIA|5 DE MAYO|9||VILLA GUERRERO|VILLA GUERRERO|51760|TOLUCA|AV. MIGUEL HIDALGO|MELCHOR OCAMPO(PLAZA MORELOS)|0|7141462664|TOLUCA
FC0141A|cfc0141a|FC0141|HUEHUETOCA 1, MEX.|ESTADO DE MÉXICO|A|FRANQUICIA|JUAREZ|19||HUEHUETOCA|HUEHUETOCA|54680|ESTADO DE MÉXICO|ESQUINA EMILIANO ZAPATA|0|0|5911061970|#N/D
FC0142A|cfc0142a|FC0142|TEXCOCO 3|ESTADO DE MÉXICO|A|FRANQUICIA|EMILIANO ZAPATA|116||SAN LORENZO|TEXCOCO|56140|ESTADO DE MÉXICO|FRAY DE GANTE|BENITO JUAREZ|0|5959553990|#N/D
FC0144A|cfc0144a|FC0144|LOMAS DEL HUIZACHAL 1 NAUCALPAN|ESTADO DE MÉXICO|A|FRANQUICIA|JESUS CARRANZA|13||LOMAS DEL HUIZACHAL|NAUCALPAN DE JUAREZ|53840|ESTADO DE MÉXICO|ESQ. MATIAS RAMOS|0|0|5552944631|#N/D
FC0156A|cfc0156a|FC0156|ATENCO 1, MEX.|ESTADO DE MÉXICO|A|FRANQUICIA|HIDALGO|105||SAN SALVADOR ATENCO|ATENCO|56300|ESTADO DE MÉXICO|27 DE SEPTIEMBRE|LIBERTAD NORTE|LA PALMA NORTE|5941083427|#N/D
FC0163A|cfc0163a|FC0163|TULTITLAN 9|ESTADO DE MÉXICO|A|FRANQUICIA|INSURGENTES|28||BENITO JUAREZ|TULTITLAN|54942|ESTADO DE MÉXICO|ESQ. IGNACIO ALLENDE|0|0|5577009002|#N/D
FC0198A|cfc0198a|FC0198|NAUCALPAN 2|ESTADO DE MÉXICO|A|FRANQUICIA|ARCOS|198||LOMA COLORADA 1A SECC|NAUCALPAN DE JUAREZ|53420|ESTADO DE MÉXICO|ESQ. CDA. CAPULIN|0|0|5553079397|#N/D
FC0208A|cfc0208a|FC0208|TOLUCA 50|TOLUCA|A|FRANQUICIA|MARIANO MATAMOROS|127|B|SAN JOSE GUADALUPE OTZACATIPAN|TOLUCA|50230|TOLUCA|BENITO JUAREZ|SOR JUANA INES DE LA CRUZ|0|7222237130|TOLUCA
FC0209A|cfc0209a|FC0209|METEPEC 15|TOLUCA|A|FRANQUICIA|NACIONAL|267||SAN GASPAR TLAHUILILPA|METEPEC|52147|TOLUCA|NUEVO LEON|CHIHUAHUA|0|7282874978|TOLUCA
FC0226A|cfc0226a|FC0226|SAN BUENAVENTURA, MEXICO.|ESTADO DE MÉXICO|A|FRANQUICIA|PASEO DE LAS COLINAS|MZ. 2 LT.  147|LOCAL 3|SAN BUENAVENTURA|IXTAPALUCA|56536|ESTADO DE MÉXICO|COLINAS DEL ARENAL|COLINAS DE LA ASUNCION|0|5517350618|#N/D
FC0233A|cfc0233a|FC0233|OTUMBA 1, MEX.|ESTADO DE MÉXICO|A|FRANQUICIA|EUGENIO MONTAÑO|7||OTUMBA DE GOMEZ FARIAS|OTUMBA|55900|ESTADO DE MÉXICO|1RO DE MAYO (PLAZA DE LA|MORELOS|GUADALUPE VICTORIA|5926881911|#N/D
FC0238A|cfc0238a|FC0238|DONATO GUERRA 1, MEX|TOLUCA|A|FRANQUICIA|HIDALGO|6||DONATO GUERRA|DONATO GUERRA|51030|TOLUCA|NICOLAS BRAVO|IGNACIO ALLENDE|0|7262511299|TOLUCA
FC0259A|cfc0259a|FC0259|PALO SOLO, MEX|ESTADO DE MÉXICO|A|FRANQUICIA|PALO SOLO|1|MZ. 2|PALO SOLO|HUIXQUILUCAN|52778|ESTADO DE MÉXICO|ESQ. BENITO JUAREZ|0|0|5515096635|#N/D
FC0294A|cfc0294a|FC0294|BENITO JUAREZ, CD. NEZA|ESTADO DE MÉXICO|A|FRANQUICIA|CARMELO PEREZ|848||BENITO JUAREZ|NEZAHUALCOYOTL|57000|ESTADO DE MÉXICO|RANCHO GRANDE|MAÑANITAS|0|5522890081|#N/D
FC0334A|cfc0334a|FC0334|TOLUCA 40|TOLUCA|A|FRANQUICIA|LAGUNA DEL VOLCAN|509||EL SEMINARIO 1A SECCION|TOLUCA|50170|TOLUCA|LAGO VILLARICA|LAGO PEIPUS|LAGO OMEGA|7229560869|TOLUCA
FC0336A|cfc0336a|FC0336|NAUCALPAN 18|ESTADO DE MÉXICO|A|FRANQUICIA|SAN MATEO NOPALA|197||PRADERA DE SAN MATEO|NAUCALPAN DE JUAREZ|53228|ESTADO DE MÉXICO|16 DE SEPTIEMBRE|CALVARIO|0|5597696104|#N/D
FC0361A|cfc0361a|FC0361|LAZARO CARDENAS 1, TLALNEPANTLA|ESTADO DE MÉXICO|A|FRANQUICIA|CLUB EXCURSIONISTAS TONATIUH|47|LOCAL B|LAZARO CARDENAS 1A SECCION|TLALNEPANTLA DE BAZ|54189|ESTADO DE MÉXICO|CLUB EXCURSIONISTAS ACAYUCAN|BENITO JUAREZ|0|5560624087|#N/D
FC0366A|cfc0366a|FC0366|TEXCOCO 11|ESTADO DE MÉXICO|A|FRANQUICIA|HIDALGO|702||SAN SEBASTIAN|TEXCOCO|56130|ESTADO DE MÉXICO|ALLENDE|CARRETERA MOLINO DE LAS FLORES|CONSTANZO GONZAGA RODRIGUEZ|5959540654|#N/D
FC0371A|cfc0371a|FC0371|CUAUTITLAN IZCALLI 20|ESTADO DE MÉXICO|A|FRANQUICIA|BOSQUES CIRUELOS|2|D|COFRADIA SAN MIGUEL IV|CUAUTITLAN IZCALLI|54715|ESTADO DE MÉXICO|ESQ. AV. BOSQUES DE|0|0|5522290667|#N/D
FC0385A|cfc0385a|FC0385|NAUCALPAN 4|ESTADO DE MÉXICO|A|FRANQUICIA|SIERRA MADRE DEL NORTE|140|6|BENITO JUAREZ|NAUCALPAN DE JUAREZ|53790|ESTADO DE MÉXICO|SIERRA DE GUADALUPE|SIERRA SAN GABRIEL|0|5553046336|#N/D
FC0392A|cfc0392a|FC0392|TOLUCA 5|TOLUCA|A|FRANQUICIA|ADOLFO LOPEZ MATEOS|1327||NUEVA OXTOTITLAN|TOLUCA|50100|TOLUCA|ESQ. LAGUNA 7 COLORES|LAGO CARATASCA|0|7221675005|TOLUCA
FC0398A|cfc0398a|FC0398|SAN BARTOLO CUAUTLALPAN 1|ESTADO DE MÉXICO|A|FRANQUICIA|JUAREZ|6||SAN BARTOLO CUAUTLALPAN|ZUMPANGO|55630|ESTADO DE MÉXICO|INSURGENTES (PLAZA JUAREZ)|ADOLFO LOPEZ MATEOS (PLAZA|0|5558767286|#N/D
FC0405A|cfc0405a|FC0405|ECATEPEC 23|ESTADO DE MÉXICO|A|FRANQUICIA|CERRO DEL ENCINAL|MZ. 10|LT. 38 LOCAL A|SAGITARIO III|ECATEPEC DE MORELOS|55238|ESTADO DE MÉXICO|ESQ VALLE DE GUADIANA|0|0|5551145111|#N/D
FC0406A|cfc0406a|FC0406|SAN FCO. TLALCILALCALPAN 1|TOLUCA|A|FRANQUICIA|MARIANO JIMENEZ|3||SAN FRANCISCO TLALCILALCALPAN|ALMOLOYA DE JUAREZ|50940|TOLUCA|ESQ. MIGUEL HIDALGO|ALDAMA|0|7229396023|TOLUCA
FC0407A|cfc0407a|FC0407|SANTA MARIA DEL MONTE, MEX|TOLUCA|A|FRANQUICIA|VALLE DE BRAVO KM.9.5|111||SANTA MARIA DEL MONTE|ZINACANTEPEC|51360|TOLUCA|AV. 16 DE SEPTIEMBRE|NUEVA SANTAMARIA|0|7225424552|TOLUCA
FC0410A|cfc0410a|FC0410|TLALMANALCO 1,MEX|ESTADO DE MÉXICO|A|FRANQUICIA|MORELOS|50|B|TLALMANALCO|TLALMANALCO|56700|ESTADO DE MÉXICO|CADENA|SAN LUIS|0|5979775939|#N/D
FC0410B|cfc0410b|FC0410|TLALMANALCO 1,MEX|ESTADO DE MÉXICO|B|FRANQUICIA|MORELOS|50|B|TLALMANALCO|TLALMANALCO|56700|ESTADO DE MÉXICO|CADENA|SAN LUIS|0|5979775939|#N/D
FC0417A|cfc0417a|FC0417|LA TOLVA 1, NAUCALPAN DE JUAREZ|ESTADO DE MÉXICO|A|FRANQUICIA|DE LOS MAESTROS|MZ. 1|LT. C|LA TOLVA|NAUCALPAN DE JUAREZ|53788|ESTADO DE MÉXICO|AV. ALTAMIRA|21 DE ENERO|0|5527335507|#N/D
FC0441A|cfc0441a|FC0441|TOLUCA 51|TOLUCA|A|FRANQUICIA|NEZAHUALCOYOTL|808||SANTA ANA TLAPALTITLAN|TOLUCA|50160|TOLUCA|MARIANO MATAMOROS|IGNACIO ZARAGOZA|0|7222234390|TOLUCA
FC0454A|cfc0454a|FC0454|GRAL. VICENTE VILLADA 1, NEZA|ESTADO DE MÉXICO|A|FRANQUICIA|MANUEL ROMERO RUBIO (CLL. CONDESA)|S/N (152)||GENERAL JOSE VICENTE VILLADA|NEZAHUALCOYOTL|57710|ESTADO DE MÉXICO|ESQUINA CONDESA|0|0|5557384347|#N/D
FC0460A|cfc0460a|FC0460|VILLA DE LAS FLORES 2|ESTADO DE MÉXICO|A|FRANQUICIA|JACARANDAS|124||VILLA DE LAS FLORES 1A SECC|COACALCO DE BERRIOZABAL|55710|ESTADO DE MÉXICO|ESQ. JAMAICA|0|0|5526473379|#N/D
FC0461A|cfc0461a|FC0461|AMANALCO 1, MEX|ESTADO DE MÉXICO|A|FRANQUICIA|EMILIO BECERRIL|S/N||AMANALCO DE BECERRA|AMANALCO|51260|ESTADO DE MÉXICO|AV. ONESIMO REYES|AV. JOSE MARIA BECERRA|AV. ONESIMO REYES|7262510406|#N/D
FC0467A|cfc0467a|FC0467|TLALNEPANTLA 7|ESTADO DE MÉXICO|A|FRANQUICIA|ACEITES ESCENCIALES|26||VISTA HERMOSA|TLALNEPANTLA DE BAZ|54080|ESTADO DE MÉXICO|ESQ. LA CONSOLIDADA|0|0|5553654900|#N/D
FC0472A|cfc0472a|FC0472|ALMOLOYA DEL RIO 1, MEX|TOLUCA|A|FRANQUICIA|PROF. CARLOS HANK GONZALEZ|S/N||ALMOLOYA DEL RIO|ALMOLOYA DEL RIO|52540|TOLUCA|MANUEL BERNAL OTE|ISIDRO FABELA|ANSELMO CAMACHO|7131315044|TOLUCA
FC0474A|cfc0474a|FC0474|NAUCALPAN 6|ESTADO DE MÉXICO|A|FRANQUICIA|DE LAS PRESAS|12|B|LOS FRESNOS|NAUCALPAN DE JUAREZ|53237|ESTADO DE MÉXICO|AV. SAN MATEO NOPALA|CERRADA DE SAUCES|0|5553448030|#N/D
FC0478A|cfc0478a|FC0478|OZUMBA 2|ESTADO DE MÉXICO|A|FRANQUICIA|BENITO JUAREZ(PLAZA CONSTITUCION)|21|B|OZUMBA DE ALZATE|OZUMBA|56800|ESTADO DE MÉXICO|PENSADOR MEXICANO|NICOLAS BRAVO|0|5979762206|#N/D
FC0489A|cfc0489a|FC0489|TONATICO 1, MEX.|TOLUCA|A|FRANQUICIA|ADOLFO LOPEZ MATEOS|29||SANTA MARIA SUR|TONATICO|51950|TOLUCA|SEBASTIAN LEALVA|GUADALUPE VICTORIA|MIGUEL HIDALGO|7211411918|TOLUCA
FC0502A|cfc0502a|FC0502|HDA. REAL DE TULTEPEC 1, TULTEPEC|ESTADO DE MÉXICO|A|FRANQUICIA|HACIENDA DE LAS ROSAS|36|MZ. 4 LT. 49|HACIENDA REAL DE TULTEPEC|TULTEPEC|54987|ESTADO DE MÉXICO|ESQ. CIRCUITO HDA. DE LOS|0|0|5526223178|#N/D
FC0510A|cfc0510a|FC0510|COATEPEC HARINAS EDO MEX|TOLUCA|A|FRANQUICIA|MENDEZ LUGO|2||SEGUNDA DE SAN MIGUEL|COATEPEC HARINAS|51715|TOLUCA|JOSE MARIA MORELOS|FRANCISCO I MADERO|0|7231450701|TOLUCA
FC0528A|cfc0528a|FC0528|TOLUCA 7|TOLUCA|A|FRANQUICIA|HERIBERTO ENRIQUEZ|704||LAZARO CARDENAS|TOLUCA|50180|TOLUCA|ESQ. EULALIO GUTIERREZ|MIGUEL BARRAGAN|0|7222122452|TOLUCA
FC0542A|cfc0542a|FC0542|LOMAS DE SAN AGUSTIN 1, NAUCALPAN|ESTADO DE MÉXICO|A|FRANQUICIA|SAN AGUSTIN|51||LOMAS DE SAN AGUSTIN|NAUCALPAN DE JUAREZ|53490|ESTADO DE MÉXICO|ESQ. SAN LORENZO|EL ROSAL|0|5591312204|#N/D
FC0543A|cfc0543a|FC0543|TOLUCA 8|TOLUCA|A|FRANQUICIA|VENUSTIANO CARRANZA|3045||SAN BUENAVENTURA|TOLUCA|50110|TOLUCA|PROGRESO|MIGUEL HIDALGO|0|7222747799|TOLUCA
FC0560A|cfc0560a|FC0560|TOLUCA 45|TOLUCA|A|FRANQUICIA|COLON|111|B|CAPULTITLAN CENTRO|TOLUCA|50260|TOLUCA|ESQ. COLON|LIBERTAD|0|7229372583|TOLUCA
FC0576A|cfc0576a|FC0576|LAS AGUILAS 1, NEZAHUALCOYOTL|ESTADO DE MÉXICO|A|FRANQUICIA|19|MZ. 24|LT. 15|LAS AGUILAS|NEZAHUALCOYOTL|57900|ESTADO DE MÉXICO|ESQ. AV. 6|0|0|5521214176|#N/D
FC0607A|cfc0607a|FC0607|METEPEC 12|TOLUCA|A|FRANQUICIA|PROFESOR HERIBERTO ENRIQUEZ|9||REAL DE SAN JAVIER|METEPEC|52169|TOLUCA|NOGALES|REAL DE SAN JAVIER|PRIVADA LOTE 2A|7201035103|TOLUCA
FC0608A|cfc0608a|FC0608|ATLACOMULCO 2|TOLUCA|A|FRANQUICIA|GREGORIO MONTIEL|S/N||ATLACOMULCO DE FABELA|ATLACOMULCO|50450|TOLUCA|MANUEL DEL MAZO|ENRIQUE VALENCIA|0|7121222613|TOLUCA
FC0609A|cfc0609a|FC0609|TOLUCA 11|TOLUCA|A|FRANQUICIA|ANDRES QUINTANA ROO|401||SECTOR POPULAR|TOLUCA|50040|TOLUCA|ESQ. TEXCOCO|0|0|7229562154|TOLUCA
FC0610A|cfc0610a|FC0610|METEPEC 13|TOLUCA|A|FRANQUICIA|A OCOTITLAN|204||DR. JORGE JIMENEZ CANTU|METEPEC|52166|TOLUCA|CORDIALIDAD|SAN MARCOS YACHIHUALCALTEPEC|SAN MARTIN TOTOLTEPEC|7222105107|TOLUCA
FC0611A|cfc0611a|FC0611|ZINACANTEPEC 3, MEX|TOLUCA|A|FRANQUICIA|JOSE MARIA MORELOS|530||DE LA VERACRUZ|ZINACANTEPEC|51356|TOLUCA|JOSE VICENTE VILLADA|BENITO JUAREZ|0|7221320521|TOLUCA
FC0656A|cfc0656a|FC0656|VALLE DE BRAVO 2, MEX.|TOLUCA|A|FRANQUICIA|ALFAREROS|S//N||VALLE DE BRAVO|VALLE DE BRAVO|51200|TOLUCA|ESQ. JUAN HERRERA Y PIÑA|PRIVADA LAGO AZUL|PRIVADA PALO VERDE|7262665073|TOLUCA
FC0672A|cfc0672a|FC0672|ECATEPEC 24, MEX|ESTADO DE MÉXICO|A|FRANQUICIA|LOS LAURELES|4|LOCAL C|LOS LAURELES|ECATEPEC DE MORELOS|55090|ESTADO DE MÉXICO|ESQ. REFORMA|BLVD ECATEPEC|0|5557709462|#N/D
FC0717A|cfc0717a|FC0717|NAUCALPAN 9|ESTADO DE MÉXICO|A|FRANQUICIA|ADOLFO LOPEZ MATEOS|MZ 1 LT 22||BOSQUES DE MOCTEZUMA|NAUCALPAN DE JUAREZ|53279|ESTADO DE MÉXICO|CERRO DE LA CHIMALPOPOCA|CERRO DE XOCHITL|CERRO DE CUITLAHUAC|5591333045|#N/D
FC0718A|cfc0718a|FC0718|TAMAULIPAS SECC VIRGENCITAS 1, NEZA|ESTADO DE MÉXICO|A|FRANQUICIA|VIRGEN DEL PERPETUO SOCORRO|116||TAMAULIPAS SECCION VIRGENCITAS|NEZAHUALCOYOTL|57300|ESTADO DE MÉXICO|ESQ. AVENIDA 4|0|0|5598382516|#N/D
FC0729A|cfc0729a|FC0729|EVOLUCION 1, NEZAHUALCOYOTL|ESTADO DE MÉXICO|A|FRANQUICIA|GLORIETA DE COLON|134|LOCAL 1|EVOLUCION|NEZAHUALCOYOTL|57700|ESTADO DE MÉXICO|ESQ.PALACIO NACIONAL|0|0|5522325811|#N/D
FC0731A|cfc0731a|FC0731|ECATEPEC 19, MEX|ESTADO DE MÉXICO|A|FRANQUICIA|JARDINES DE MORELOS|MZ. 219|LT. 1|JARDINES DE MORELOS SECCION BOSQUES|ECATEPEC DE MORELOS|55070|ESTADO DE MÉXICO|BOSQUE CHICO|BOSQUE DEL CENTENARIO|0|5559583444|#N/D
FC0738A|cfc0738a|FC0738|METEPEC 6|TOLUCA|A|FRANQUICIA|GOBERNADORES|18|A|SAN FRANCISCO INFONAVIT|METEPEC|52176|TOLUCA|ESQ. HACIENDA PEÑUELAS|0|0|7221994300|TOLUCA
FC0745A|cfc0745a|FC0745|CLARA CORDOVA MORAN 1, N. ROMERO|ESTADO DE MÉXICO|A|FRANQUICIA|PAJAROS (CLL. ARIEL VERDIN)|S/N|(MZ. 2 LT. 9)|CLARA CORDOVA MORAN (CLARA CORDOVA)|NICOLAS ROMERO|54474|ESTADO DE MÉXICO|CLARINES|PROFR. MANUEL RAMOS (ARIEL|N/A|5522101672|#N/D
FC0786A|cfc0786a|FC0786|GLORIETA BOULEVARD DE LOS AZTECAS|ESTADO DE MÉXICO|A|FRANQUICIA|TIZAPAN|3|MZ 515 LT 33|CIUDAD AZTECA SECCION ORIENTE|ECATEPEC DE MORELOS|55120|ESTADO DE MÉXICO|BLVD DE LOS AZTECAS|0|0|5522332068|#N/D
FC0787A|cfc0787a|FC0787|NAUCALPAN 10|ESTADO DE MÉXICO|A|FRANQUICIA|DE GUADALUPE|MZ. 180|LT. 22|SAN LORENZO TOTOLINGA|NAUCALPAN DE JUAREZ|53426|ESTADO DE MÉXICO|MAZATLAN|SANTUARIO|0|5592010826|#N/D
FC0789A|cfc0789a|FC0789|SAN BARTOLO MORELOS 1, MEX.|TOLUCA|A|FRANQUICIA|RICARDO BLANCO|S/N||LA LOMA EL CRUCERO|MORELOS|50550|TOLUCA|ESQ. CARRETERA ATLACOMULCO|0|0|7121239300|TOLUCA
FC0793A|cfc0793a|FC0793|JIQUIPILCO 1, MEX|TOLUCA|A|FRANQUICIA|MORELOS|7||JIQUIPILCO|JIQUIPILCO|50800|TOLUCA|HIDALGO|EMILIANO ZAPATA|0|7121114208|TOLUCA
FC0839A|cfc0839a|FC0839|SAN MATEO ATENCO 4|ESTADO DE MÉXICO|A|FRANQUICIA|HACIENDA CIENEGUILLAS|93||SANTA ELENA|SAN MATEO ATENCO|52105|ESTADO DE MÉXICO|ESQ. HDA SAN NICOLAS|HDA. CIENEGUILLAS|0|7282854792|#N/D
FC0873A|cfc0873a|FC0873|SANTA CRUZ DEL MONTE 1, NAUCALPAN|ESTADO DE MÉXICO|A|FRANQUICIA|VIA ADOLFO LOPEZ MATEOS|22|LOCAL I 1|SANTA CRUZ DEL MONTE|NAUCALPAN DE JUAREZ|53110|ESTADO DE MÉXICO|ANT CAMINO A CHILUCA|CRUZ VALLE VERDE|0|5559499889|#N/D
FC0945A|cfc0945a|FC0945|IMPULSORA POPULAR AVICOLA 2, NEZA|ESTADO DE MÉXICO|A|FRANQUICIA|HACIENDA DE LA NORIA|64|2|IMPULSORA POPULAR AVICOLA|NEZAHUALCOYOTL|57130|ESTADO DE MÉXICO|ESQ. HACIENDA DE LAS ANIMAS|HACIENDA TOMACOCO|HACIENDA PASTEJE|5557102916|#N/D
FC0961A|cfc0961a|FC0961|CUAUTITLAN IZCALLI 6|ESTADO DE MÉXICO|A|FRANQUICIA|CHALMA|MZ. 9 LT.  1|LOCAL 17|SAN ANTONIO|CUAUTITLAN IZCALLI|54725|ESTADO DE MÉXICO|ESQ. AV. RANCHO SAN ANTONIO|0|0|5516761608|#N/D
FC0996A|cfc0996a|FC0996|CUAUTITLAN IZCALLI 7|ESTADO DE MÉXICO|A|FRANQUICIA|JORGE JIMENEZ CANTU|MZ. 802|LOCAL 4|SANTIAGO TEPALCAPA|CUAUTITLAN IZCALLI|54743|ESTADO DE MÉXICO|TONATICO|FRANCISCO DOMINGUEZ|0|5520752012|#N/D
FC1036A|cfc1036a|FC1036|TOLUCA 16|TOLUCA|A|FRANQUICIA|ISIDRO FABELA|102||REFORMA Y FERROCARRILES NACIONALES|TOLUCA|50070|TOLUCA|MIGUEL HIDALGO|PRIMERO DE MAYO|0|7222132592|TOLUCA
FC1043A|cfc1043a|FC1043|TOLUCA 17|TOLUCA|A|FRANQUICIA|CARLOS HANK GONZALEZ|124|A|EL CARMEN TOTOLTEPEC|TOLUCA|50240|TOLUCA|DOROTEO ARANGO|MIGUEL HIDALGO|0|7229563477|TOLUCA
FC1130A|cfc1130a|FC1130|CUAUTITLAN IZCALI 8|ESTADO DE MÉXICO|A|FRANQUICIA|TORRE OMEGA|MZ. 88|LT. 12|SANTA MARIA DE GUADALUPE LAS TORRES 1A SECCION|CUAUTITLAN IZCALLI|54743|ESTADO DE MÉXICO|INFONAVIT|UNIVERSIDAD|0|5522884040|#N/D
FC1138A|cfc1138a|FC1138|VALLE DORADO CHAMAPA|ESTADO DE MÉXICO|A|FRANQUICIA|PEDRO MORENO|80||VALLE DORADO (SAN RAFAEL CHAMAPA VI)|NAUCALPAN DE JUAREZ|53690|ESTADO DE MÉXICO|DEL PARQUE|0|0|5526413665|#N/D
FC1142A|cfc1142a|FC1142|NAUCALPAN 20|ESTADO DE MÉXICO|A|FRANQUICIA|CIUDAD DE MEXICO- HUIXQUILUCAN|314||MIRAMAR|NAUCALPAN DE JUAREZ|53809|ESTADO DE MÉXICO|RIO HONDO|AV. HUIXQUILUCAN|0|5552951701|#N/D
FC1156A|cfc1156a|FC1156|SANTA CATARINA, VALLE DE CHALCO|ESTADO DE MÉXICO|A|FRANQUICIA|10 SUR (TLALTENCO A AUTOPISTA MEXICO - PUEBLA)|MZ. 56 LT. 6||SANTA CATARINA|VALLE DE CHALCO SOLIDARIDAD|56619|ESTADO DE MÉXICO|PIPILA|TERRAPLEN|0|5517101302|#N/D
FC1160A|cfc1160a|FC1160|METEPEC 8|ESTADO DE MÉXICO|A|FRANQUICIA|CEBORUCO|43|B|XINANTECATL|METEPEC|52169|ESTADO DE MÉXICO|TACANA|TACANA|TACANA|7222126014|#N/D
FC1160B|cfc1160b|FC1160|METEPEC 8, MEX|ESTADO DE MÉXICO|B|FRANQUICIA|CEBORUCO|43|B|XINANTECATL|METEPEC|52169|ESTADO DE MÉXICO|TACANA|TACANA|TACANA|7222126014|#N/D
FC1231A|cfc1231a|FC1231|TENANCINGO 2, MEX|TOLUCA|A|FRANQUICIA|PLAZA MORELOS|102|LOCAL A|TENANCINGO DE DEGOLLADO|TENANCINGO|52400|TOLUCA|LERDO DE TEJADA|CASANOVA|0|7141408726|TOLUCA
FC1234A|cfc1234a|FC1234|SAN ANTONIO LA ISLA 1, MEX|TOLUCA|A|FRANQUICIA|JOSE VICENTE VILLADA|204||SAN ANTONIO LA ISLA|SAN ANTONIO LA ISLA|52280|TOLUCA|JOSE MARIA MORELOS|MELCHOR OCAMPO|0|7171320538|TOLUCA
FC1237A|cfc1237a|FC1237|EVOLUCION PONIENTE 1, NEZAHUALCOYOTL|ESTADO DE MÉXICO|A|FRANQUICIA|DEL HUESO|160|18|EX-HACIENDA COAPA|COYOACAN|04980|CIUDAD DE MÉXICO|SANTA ROSA|CARRIZAL|0|5556843338|#N/D
FC1276A|cfc1276a|FC1276|VILLA ESMERALDA, TULTITLAN|ESTADO DE MÉXICO|A|FRANQUICIA|FUENTE DE TAURO|4|12|VILLA ESMERALDA|TULTITLAN|54910|ESTADO DE MÉXICO|ISLAS BURDEO|ISLA CEDROS|0|5558675105|#N/D
FC1282A|cfc1282a|FC1282|FRANCISCO I MADERO 1, N. ROMERO|ESTADO DE MÉXICO|A|FRANQUICIA|SANTA ANA|7||FRANCISCO I MADERO 1RA. SECCION|NICOLAS ROMERO|54467|ESTADO DE MÉXICO|CASA BLANCA (CARR. SANTA ANA)|MARIANO ABASOLO|0|5516603225|#N/D
FC1299A|cfc1299a|FC1299|STA CECILIA ACATITLAN 1|ESTADO DE MÉXICO|A|FRANQUICIA|CLL. PIRAMIDE DE TULA|1|B|SANTA CECILIA ACATITLAN|TLALNEPANTLA DE BAZ|54130|ESTADO DE MÉXICO|AVENIDA SANTA CECILIA|ACATITLAN|N/A|5553106998|#N/D
FC1312A|cfc1312a|FC1312|JIMENEZ CANTU 1, TLALNEPANTLA|ESTADO DE MÉXICO|A|FRANQUICIA|CERRO DEL YANETE|22||DR JORGE JIMENEZ CANTU|TLALNEPANTLA DE BAZ|54190|ESTADO DE MÉXICO|CERRO DE LAS CRUCES|CERRO DEL MEZQUITAL|0|5558290991|#N/D
FC1313A|cfc1313a|FC1313|CHICONCUAC 4|ESTADO DE MÉXICO|A|FRANQUICIA|VICTORIA|6||SAN MIGUEL|CHICONCUAC|56270|ESTADO DE MÉXICO|ESQ. 5 DE MAYO|0|0|5959218301|#N/D
FC1339A|cfc1339a|FC1339|TOLUCA 52|TOLUCA|A|FRANQUICIA|GENERAL VENUSTIANO CARRANZA|909||FRANCISCO MURGUIA EL RANCHITO|TOLUCA|50130|TOLUCA|JUAN ALDAMA|IGNACIO ALLENDE|RAFAEL M. HIDALGO|7222382223|TOLUCA
FC1354A|cfc1354a|FC1354|TIMILPAN 1, MEX.|TOLUCA|A|FRANQUICIA|VENUSTIANO CARRANZA|S/N||TIMILPAN|TIMILPAN|50500|TOLUCA|ANTONIO VELEZ|CARR. A ACAMBAY|0|7121255738|TOLUCA
FC1363A|cfc1363a|FC1363|IMPULSORA POPULAR AVICOLA 1, NEZA|ESTADO DE MÉXICO|A|FRANQUICIA|HACIENDA DE LA NORIA|28||IMPULSORA POPULAR AVICOLA|NEZAHUALCOYOTL|57130|ESTADO DE MÉXICO|ESQ. HACIENDA DE TORRECILLAS|0|0|5526172859|#N/D
FC1367A|cfc1367a|FC1367|SAN BUENAVENTURA 2, IXTAPALUCA|ESTADO DE MÉXICO|A|FRANQUICIA|SAN BUENAVENTURA (CDA. DEL ENCANTO)|MZ.66|LT.614-C|SAN BUENAVENTURA|IXTAPALUCA|56536|ESTADO DE MÉXICO|ECATZINGO|COLINAS DE ENCANTO|0|5525921862|#N/D
FC1380A|cfc1380a|FC1380|COACALCO 6|ESTADO DE MÉXICO|A|FRANQUICIA|DEL PARQUE|146|LOCAL A|PARQUE RESIDENCIAL COACALCO 1A SECC|COACALCO DE BERRIOZABAL|55720|ESTADO DE MÉXICO|SIERRA NEVADA|JOHN M. BAIRD|0|5558657836|#N/D
FC1441A|cfc1441a|FC1441|TOLUCA 24|TOLUCA|A|FRANQUICIA|MANUEL BUENDIA TELLEZ GIRON|137||SAN PABLO AUTOPAN (PUEBLO NUEVO)|TOLUCA|50200|TOLUCA|5 DE MAYO|10 DE MAYO|14 DE FEBRERO|7222199417|TOLUCA
FC1513A|cfc1513a|FC1513|TENANGO DEL VALLE 2, MEX.|TOLUCA|A|FRANQUICIA|ALVARO OBREGON|106||TENANGO DE ARISTA|TENANGO DEL VALLE|52300|TOLUCA|GALEANA|BENITO JUAREZ|0|7171444388|TOLUCA
FC1545A|cfc1545a|FC1545|TOLUCA 27|TOLUCA|A|FRANQUICIA|LIC. EDUARDO VASCONCELOS|269-1|LOCALES 1 Y 2|RANCHO DE LA MORA|TOLUCA|50020|TOLUCA|ESQ. CIRCUITO ADOLFO LOPEZ|0|0|7222365040|TOLUCA
FC1546A|cfc1546a|FC1546|TOLUCA 28|TOLUCA|A|FRANQUICIA|FILIBERTO NAVAS|S/N||NIÑOS HEROES|TOLUCA|50100|TOLUCA|3RA. PRIV. JUAN ESCUTIA|PRIVADA JUAN ESCUTIA|0|7222787464|TOLUCA
FC1565A|cfc1565a|FC1565|LOS OLIVOS|ESTADO DE MÉXICO|A|FRANQUICIA|BAJA CALIFORNIA|MZ. 5|LT. 38|LOS OLIVOS|CHIMALHUACAN|56343|ESTADO DE MÉXICO|FRESNOS|CIPRES|0|5550448736|#N/D
FC1571A|cfc1571a|FC1571|METEPEC 10|TOLUCA|A|FRANQUICIA|ACANTILADO|S/N|2|LAS MARINAS|METEPEC|52176|TOLUCA|ESQ. MANUEL J. CLOUTHIER|CORALES|0|7221991067|TOLUCA
FC1584A|cfc1584a|FC1584|SAN JOSE DEL RINCON 2, MEX.|TOLUCA|A|FRANQUICIA|BENITO JUAREZ|S/N||SAN JOSE DEL RINCON|SAN JOSE DEL RINCON|50660|TOLUCA|ESQ. PASEO MARIPOSA MONARCA|NIÑOS HEROES|NIÑOS HEROES|7121242171|TOLUCA
FC1600A|cfc1600a|FC1600|EJIDO DE DOLORES, TEMOAYA|TOLUCA|A|FRANQUICIA|(TOLUCA-NAUCALPAN) TEMOAYA-JIQUIPILCO|S/N||DOLORES|TEMOAYA|50883|TOLUCA|21 DE MARZO|16 DE SEPTIEMBRE|21 DE MARZO|7196880319|TOLUCA
FC1610A|cfc1610a|FC1610|CHICONCUAC 2|ESTADO DE MÉXICO|A|FRANQUICIA|DEL TRABAJO|1||SANTA MARIA|CHICONCUAC|56270|ESTADO DE MÉXICO|ESQ. AV. DEL TRABAJO|16 DE SEPTIEMBRE|INDEPENDENCIA|5959316420|#N/D
FC1657A|cfc1657a|FC1657|SAN GREGORIO CUAUTZINGO 1, MEX.|ESTADO DE MÉXICO|A|FRANQUICIA|JOSE MARIA MORELOS|28||SAN GREGORIO CUAUTZINGO|CHALCO|56640|ESTADO DE MÉXICO|ESQ. VENUSTIANO CARRANZA|0|0|5522360007|#N/D
FC1672A|cfc1672a|FC1672|TOLUCA 41, MEX.|TOLUCA|A|FRANQUICIA|INDEPENDENCIA|S/N||SAN FELIPE TLALMIMILOLPAN|TOLUCA|50250|TOLUCA|ESQUINA MIGUEL HIDALGO|NIÑO PERDIDO|EL FRONTON|7225412313|TOLUCA
FC1675A|cfc1675a|FC1675|VILLA VICTORIA 1, MEX|TOLUCA|A|FRANQUICIA|TOLUCA ZITACUARO|KM.106||DOCTOR GUSTAVO BAZ|VILLA VICTORIA|50965|TOLUCA|CARR. RANCHO EL GIGANTE|CARLOS HANK GONZALEZ|ISIDRO FABELA|7227936830|TOLUCA
FC1683A|cfc1683a|FC1683|XONACATLAN 3|TOLUCA|A|FRANQUICIA|INDEPENDENCIA|69||CENTRO SAN FRANCISCO XONACATLAN|XONACATLAN|52060|TOLUCA|AV TOLUCA NAUCALPAN|GUSTAVO A VICENCIO|0|7192860099|TOLUCA
FC1699A|cfc1699a|FC1699|ECATEPEC 22, MEX|ESTADO DE MÉXICO|A|FRANQUICIA|MEXICO|172||JARDINES DE CERRO GORDO|ECATEPEC DE MORELOS|55100|ESTADO DE MÉXICO|ESQ. ESTADOS UNIDOS|LAOS|0|5557759644|#N/D
FC1758A|cfc1758a|FC1758|NICOLAS ROMERO 6|ESTADO DE MÉXICO|A|FRANQUICIA|FRANCISCO JAVIER MINA|1||PROGRESO INDUSTRIAL|NICOLAS ROMERO|54460|ESTADO DE MÉXICO|ESQ. INDEPENDENCIA|CHOP|MINA|5521686806|#N/D
FC1824A|cfc1824a|FC1824|SAN JUAN ZITLALTEPEC 1, ZUMPANGO|ESTADO DE MÉXICO|A|FRANQUICIA|16 DE SEPTIEMBRE|S/N||SAN JUAN ZITLALTEPEC|ZUMPANGO|55620|ESTADO DE MÉXICO|ESQ. JOSEFA ORTIZ DE DOMINGUEZ|FRANCISCO I. MADERO|FRANCISCO I. MADERO|5939185297|#N/D
FC1857A|cfc1857a|FC1857|VERGEL DE GUADALUPE 1, NEZAHUALCOYOTL|ESTADO DE MÉXICO|A|FRANQUICIA|MORELIA|67 MZ. 9|LT. 2|VERGEL DE GUADALUPE|NEZAHUALCOYOTL|57150|ESTADO DE MÉXICO|ESQ. CUERNAVACA|0|0|5557114122|#N/D
FC1949A|cfc1949a|FC1949|CHIMALHUACAN 4|ESTADO DE MÉXICO|A|FRANQUICIA|ORGANIZACION POPULAR|MZ. A|LT. 1|HOJALATEROS|CHIMALHUACAN|56366|ESTADO DE MÉXICO|ESQ. APATZCALLI|OTATLI|0|5526133889|#N/D
FC1969A|cfc1969a|FC1969|SANTO TOMAS CHICONAUTLA|ESTADO DE MÉXICO|A|FRANQUICIA|MEXICO-PACHUCA|KM. 30|LOCAL 6|SANTO TOMAS CHICONAUTLA|ECATEPEC DE MORELOS|55066|ESTADO DE MÉXICO|DURANGO|GOLONDRINAS|JAZMIN|5515508637|#N/D
FC1978A|cfc1978a|FC1978|EL JACAL, MEX|ESTADO DE MÉXICO|A|FRANQUICIA|A LOMA DE JUAREZ|2||EL JACAL|VILLA DE ALLENDE|51015|ESTADO DE MÉXICO|CARR. ZITACUARO-TOLUCA|0|0|7221497237|#N/D
FC2031A|cfc2031a|FC2031|LA AURORA, EDO. DE MEXICO|ESTADO DE MÉXICO|A|FRANQUICIA|VILLA DEL CARBON|1||LA AURORA|CUAUTITLAN IZCALLI|54725|ESTADO DE MÉXICO|CIRCUNVALACION (ANTONIO|0|0|5553397902|#N/D
FC2073A|cfc2073a|FC2073|AMECAMECA 2|ESTADO DE MÉXICO|A|FRANQUICIA|MIGUEL HIDALGO|10-C|1|AMECAMECA DE JUAREZ|AMECAMECA|56900|ESTADO DE MÉXICO|SILVESTRE LOPEZ|LA CONSTITUCION|0|5979784629|#N/D
FC2125A|cfc2125a|FC2125|ALMOLOYA DE JUAREZ 4, MEX|TOLUCA|A|FRANQUICIA|CARR. TOLUCA ZITACUARO|KM. 27||CIENEGUILLAS DE GUADALUPE|ALMOLOYA DE JUAREZ|50900|TOLUCA|MIGUEL HIDALGO NORTE|CAMINO A LOS GRANEROS|CAMINO A LOS GRANEROS|7251390582|TOLUCA
FC2176A|cfc2176a|FC2176|CUAUTITLAN IZCALLI 12|ESTADO DE MÉXICO|A|FRANQUICIA|NEZAHUALCOYOTL|80||CUMBRIA|CUAUTITLAN IZCALLI|54740|ESTADO DE MÉXICO|CONSTITUCION|TEPOTZOTLAN|0|5558718007|#N/D
FC2177A|cfc2177a|FC2177|BENITO JUAREZ 1, NEZA|ESTADO DE MÉXICO|A|FRANQUICIA|ZOPILOTE MOJADO|296-B|MZ. 67 LT. 5|BENITO JUAREZ|NEZAHUALCOYOTL|57000|ESTADO DE MÉXICO|ESQ. AV. DR. GUSTAVO BAZ|0|0|5515581711|#N/D
FC2181A|cfc2181a|FC2181|STA. MA. GPE LAS TORRES 2, CUAUTITLAN|ESTADO DE MÉXICO|A|FRANQUICIA|TORRE IZCALLI|MZ. 250|LT. 1|SANTA MARIA DE GUADALUPE LAS TORRES 1A SECCION|CUAUTITLAN IZCALLI|54743|ESTADO DE MÉXICO|INFONAVIT|UNIVERSIDAD|0|5558733549|#N/D
FC2189A|cfc2189a|FC2189|CAPULHUAC 1|ESTADO DE MÉXICO|A|FRANQUICIA|16 DE SEPTIEMBRE|307|C|CENTRO|CAPULHUAC|52700|ESTADO DE MÉXICO|ESQ. LIC. CRUZ ARMAS|0|0|7131354073|#N/D
FC2197A|cfc2197a|FC2197|SAN MIGUEL XALOSTOC|ESTADO DE MÉXICO|A|FRANQUICIA|ERNESTO PUGIBET|34||AMPLIACION SAN JOSE XALOSTOC (COLONIA SAN MIGUEL XALOSTOC)|ECATEPEC DE MORELOS|55347|ESTADO DE MÉXICO|INGENIEROS|GEOGRAFOS|ESCAPE|5557463642|#N/D
FC2222A|cfc2222a|FC2222|SOYANIQUILPAN|ESTADO DE MÉXICO|A|FRANQUICIA|EMILIANO ZAPATA OTE|4||SAN FRANCISCO SOYANIQUILPAN|SOYANIQUILPAN DE JUAREZ|54280|ESTADO DE MÉXICO|AV. REVOLUCION|CARR. SAN JUAN|0|7616903962|#N/D
FC2248A|cfc2248a|FC2248|SANTA CRUZ ACATLAN 1, NAUCALPAN|ESTADO DE MÉXICO|A|FRANQUICIA|CLL. DE LOS MEXICAS|32|LOCAL A|SANTA CRUZ ACATLAN|NAUCALPAN DE JUAREZ|53150|ESTADO DE MÉXICO|ESQ. DE LOS OLMECAS|N/A|0|5553607130|#N/D
FC2265A|cfc2265a|FC2265|SAN PEDRO DE LOS BAÑOS, MEX|TOLUCA|A|FRANQUICIA|SAN PEDRO DE LOS BAÑOS|S/N||SAN PEDRO DE LOS BAÑOS|IXTLAHUACA|50755|TOLUCA|AV. LIC. NEREO I. ALANIS|ULTIMO PASEO|LIC. GUSTAVO CARDENAS MONROY|7121210118|TOLUCA
FC2282A|cfc2282a|FC2282|ALFREDO BONFIL EDO. MEX.|ESTADO DE MÉXICO|A|FRANQUICIA|PLAN DE AYALA|MZ. 8|LT. 31|ALFREDO V BONFIL|NAUCALPAN DE JUAREZ|53718|ESTADO DE MÉXICO|ESQ. FRANCISCO I MADERO|VENUSTIANO CARRANZA|ACONCAGUA|5553046590|#N/D
FC2283A|cfc2283a|FC2283|RANCHO SAN BLAS, CUAUTITLAN|ESTADO DE MÉXICO|A|FRANQUICIA|6|MZ. 8|LT. 10|RANCHO SAN BLAS|CUAUTITLAN|54870|ESTADO DE MÉXICO|RANCHO LA JOYA|RANCHO COLORADO|0|5526342189|#N/D
FC2309A|cfc2309a|FC2309|TEMASCALCINGO 2, MEX.|TOLUCA|A|FRANQUICIA|AGRICULTURA|9||TEMASCALCINGO DE JOSE MARIA VELAZCO|TEMASCALCINGO|50400|TOLUCA|LIC. FELIPE DE JESUS CHAPARRO|HERMENEGILDO GALEANA|0|7181260071|TOLUCA
FC2339A|cfc2339a|FC2339|GRANJAS VALLE GUADALUPE 2, ECATEPEC|ESTADO DE MÉXICO|A|FRANQUICIA|CARLOS HANK GONZALEZ|128||GRANJAS VALLE DE GUADALUPE|ECATEPEC DE MORELOS|55270|ESTADO DE MÉXICO|GOB. EUCARIO LOPEZ|GOB. RAFAEL M. HIDALGO|0|5528673960|#N/D
FC2351A|cfc2351a|FC2351|TOLUCA 53|TOLUCA|A|FRANQUICIA|MIGUEL HIDALGO|6||SAN PEDRO TOTOLTEPEC|TOLUCA|50226|TOLUCA|ESQ. 16 DE SEPTIEMBRE|VJON 5 DE FEBRERO|0|7222734163|TOLUCA
FC2354A|cfc2354a|FC2354|SAN FERNANDO, MEX|ESTADO DE MÉXICO|A|FRANQUICIA|SAN FERNANDO|S/N||SAN FERNANDO|HUIXQUILUCAN|52765|ESTADO DE MÉXICO|JERECUARO|ESPOLETA|0|5588793462|#N/D
FC2364A|cfc2364a|FC2364|CUAUTITLAN 5|ESTADO DE MÉXICO|A|FRANQUICIA|1 DE ABRIL|MZ. 47|LT. 19|LAZARO CARDENAS|CUAUTITLAN|54870|ESTADO DE MÉXICO|ESQ. MELCHOR OCAMPO|0|0|5526200759|#N/D
FC2379A|cfc2379a|FC2379|TOLUCA 42|TOLUCA|A|FRANQUICIA|HEROICO COLEGIO MILITAR|103||LOS ANGELES|TOLUCA|50020|TOLUCA|ISIDRO MARTINEZ|FILIBERTO GOMEZ|JOSE MARIA VELASCO|7222727150|TOLUCA
FC2427A|cfc2427a|FC2427|MELCHOR OCAMPO 1, MEX|ESTADO DE MÉXICO|A|FRANQUICIA|PLAZA JUAREZ|16|A|MELCHOR OCAMPO CENTRO|MELCHOR OCAMPO|54880|ESTADO DE MÉXICO|5 DE MAYO|AV. BENITO JUAREZ|0|5916110160|#N/D
FC2429A|cfc2429a|FC2429|TOLUCA 36|TOLUCA|A|FRANQUICIA|RUTA DE INDEPENDENCIA|507||INDEPENDENCIA|TOLUCA|50070|TOLUCA|DOLORES HIDALGO|VALLADOLID|CHILPANCINGO|7229555962|TOLUCA
FC2432A|cfc2432a|FC2432|SAN RAFAEL 1, TLALMANALCO|ESTADO DE MÉXICO|A|FRANQUICIA|16 DE SEPTIEMBRE|1-A|LOCAL 1|SAN RAFAEL|TLALMANALCO|56740|ESTADO DE MÉXICO|ESQ. CALLEJON 16 DE SEPTIEMBRE|0|0|5979755284|#N/D
FC2447A|cfc2447a|FC2447|ZINACANTEPEC 4, MEX.|TOLUCA|A|FRANQUICIA|INDEPENDENCIA|101||SAN LUIS MEXTEPEC|ZINACANTEPEC|51355|TOLUCA|REFORMA|TENOCHTITLAN|0|7222741298|TOLUCA
FC2451A|cfc2451a|FC2451|ECATEPEC 17|ESTADO DE MÉXICO|A|FRANQUICIA|SANTA TERESA (AV. CENTRAL)|S/N|MZ. 18 LT. 13|LA OLIMPICA 68 I|ECATEPEC DE MORELOS|55130|ESTADO DE MÉXICO|INGLATERRA|AVENIDA CENTRAL|0|5557496438|#N/D
FC2459A|cfc2459a|FC2459|TOLUCA 47|TOLUCA|A|FRANQUICIA|JESUS CARRANZA|804||MODERNA DE LA CRUZ|TOLUCA|50180|TOLUCA|ESQ. JULIO PARDIÑAS|0|0|7222382294|TOLUCA
FC2462A|cfc2462a|FC2462|TEOLOYUCAN 3, MEX|ESTADO DE MÉXICO|A|FRANQUICIA|MORELIA|S/N||ZIMAPAN|TEOLOYUCAN|54786|ESTADO DE MÉXICO|ESQUINA MERIDA|LAS FLORES|TLALPAN|5589280489|#N/D
FC2463A|cfc2463a|FC2463|TEMOAYA 2, MEX|TOLUCA|A|FRANQUICIA|PORTAL MADERO|100||TEMOAYA|TEMOAYA|50850|TOLUCA|AQUILES SERDAN|MARIA GUADALUPE|0|7191059961|TOLUCA
FC2464A|cfc2464a|FC2464|NAUCALPAN 13|ESTADO DE MÉXICO|A|FRANQUICIA|SAN MATEO NOPALA|164||SANTIAGO OCCIPACO|NAUCALPAN DE JUAREZ|53250|ESTADO DE MÉXICO|ESQ. VIA ADOLFO LOPEZ MATEOS|MISION DE SANTA CRUZ|0|5553432528|#N/D
FC2475A|cfc2475a|FC2475|SAN LUIS HUEXOTLA, MEX|ESTADO DE MÉXICO|A|FRANQUICIA|FRANCISCO DOSAMANTES|S/N|LOCAL 5|SAN LUIS HUEXOTLA|TEXCOCO|56220|ESTADO DE MÉXICO|1A CERRADA FRANCISCO|SAN LUIS|0|5959285484|#N/D
FC2476A|cfc2476a|FC2476|MANANTIALES 1, NEZAHUALCOYOTL|ESTADO DE MÉXICO|A|FRANQUICIA|TEPOZANES|62|MZ. 6 B LT. 18|MANANTIALES|NEZAHUALCOYOTL|57930|ESTADO DE MÉXICO|15 DE SEPTIEMBRE|20 DE NOVIEMBRE|GUSTAVO DIAZ ORDAZ|5515524505|#N/D
FC2482A|cfc2482a|FC2482|STA CRUZ ATZCAPOTZALTONGO 1, MEX.|TOLUCA|A|FRANQUICIA|RIO PAPALOAPAN (PROFR. AGRIPIN GARCIA ESTRADA)|210 (PONIENTE)|A|SANTA CRUZ ATZCAPOTZALTONGO|TOLUCA|50290|TOLUCA|ESQ. CALLEJON VICENTE GUERRERO|LAGUNA DE ZEMPOALA|0|7222724665|TOLUCA
FC2485A|cfc2485a|FC2485|TOLUCA 77, MEX|TOLUCA|A|FRANQUICIA|MANUEL BUENDIA TELLEZ GIRON|S/N||SAN CRISTOBAL HUICHOCHITLAN|TOLUCA|50200|TOLUCA|ESQUINA MIGUEL HIDALGO|BENITO JUAREZ|EMILIANO ZAPATA|7225408273|TOLUCA
FC2486A|cfc2486a|FC2486|EL SOL 1, NEZAHUALCOYOTL|ESTADO DE MÉXICO|A|FRANQUICIA|AURELIANO RAMOS|70||EL SOL|NEZAHUALCOYOTL|57200|ESTADO DE MÉXICO|ESQ. CALLE 16|CALLE 15|0|5551121435|#N/D
FC2497A|cfc2497a|FC2497|TULTITLAN 6|ESTADO DE MÉXICO|A|FRANQUICIA|CHILPANCINGO|MZ 21|LT 02|AMPLIACION BUENAVISTA(2DA SECCION)|TULTITLAN|54955|ESTADO DE MÉXICO|JALISCO|QUERETARO|CD. VICTORIA|5516654716|#N/D
FH0020A|cfh0020a|FH0020|U.H SAN BUENAVENTURA 3|ESTADO DE MÉXICO|A|FRANQUICIA|PASEO DE LA NORIA|MZ. 35 LT. 90|LOCALES 2 Y 3|SAN BUENAVENTURA|IXTAPALUCA|56536|ESTADO DE MÉXICO|ESQ. PASEO DE LOS LAGOS|0|0|5517350609|#N/D
FH0025A|cfh0025a|FH0025|CUAUTITLAN 2|ESTADO DE MÉXICO|A|FRANQUICIA|TEYAHUALCO (SAN JORGE)|LT. 5|LOCAL 41|SANTA ELENA|CUAUTITLAN|54850|ESTADO DE MÉXICO|SAN VALENTIN|SAN JORGE|0|5522921691|#N/D
FH0084A|cfh0084a|FH0084|TOLUCA 34, MEX.|TOLUCA|A|FRANQUICIA|CLL. FERMIN ESPINOZA ARMILLITA|231|B|VILLAS SANTIN (FRACCIONAMIENTO)|TOLUCA|50200|TOLUCA|PASEO DE LAS PALMAS|0|0|7221962406|TOLUCA
FH0085A|cfh0085a|FH0085|TOLUCA 31|TOLUCA|A|FRANQUICIA|BENITO JUAREZ|219||SAN MATEO OXTOTITLAN|TOLUCA|50100|TOLUCA|MIGUEL HIDALGO|HERMENEGILDO GALEANA|0|7221675940|TOLUCA
FH0101A|cfh0101a|FH0101|CUAUTITLAN 4|ESTADO DE MÉXICO|A|FRANQUICIA|HACIENDA LOS LAURELES|MZ. 20 LT. 8|LOCAL 1|HACIENDA DE CUAUTITLAN|CUAUTITLAN|54803|ESTADO DE MÉXICO|ESQ. HACIENDA LOS ALMENDROS|0|0|5520641753|#N/D
FH0107A|cfh0107a|FH0107|COLONIAL SATELITE 1, NAUCALPAN|ESTADO DE MÉXICO|A|FRANQUICIA|FUENTES DE SATELITE|27|PB LETRA B|COLONIAL SATELITE (SANTA CRUZ DEL MONTE)|NAUCALPAN DE JUAREZ|53119|ESTADO DE MÉXICO|RETORNO FUENTES DE SATELITE|MAYOR|0|5553936338|#N/D
FH0112A|cfh0112a|FH0112|LAS AMERICAS 2, ECATEPEC DE MORELOS|ESTADO DE MÉXICO|A|FRANQUICIA|IGNACIO LOPEZ RAYON|S/N|MZ. 35 LT. 10 LOCAL 3|LAS AMERICAS|ECATEPEC DE MORELOS|55076|ESTADO DE MÉXICO|AV. INDEPENDENCIA|0|0|5546292357|#N/D
FH0203A|cfh0203a|FH0203|COACALCO 5|ESTADO DE MÉXICO|A|FRANQUICIA|MANUEL MORELOS|86|MZ. 10 LT. 7|UNIDAD MORELOS 1A SECC|COACALCO DE BERRIOZABAL|55718|ESTADO DE MÉXICO|ESQ. CITLALA|0|0|5558919854|#N/D
FH0252A|cfh0252a|FH0252|CUAUTITLAN IZCALLI 19|ESTADO DE MÉXICO|A|FRANQUICIA|S. BOLIVAR SUR|202||EL HUERTO|CUAUTITLAN|54807|ESTADO DE MÉXICO|ESQ. CARRILLO PUERTO|N/A|N/A|5558706653|#N/D
1013A|cs1013a|1013|TANQUIAN DE ESCOBEDO SLP|SAN LUIS POTOSÍ|A|SUCURSAL|VICENTE GUERRERO |10 |A|CENTRO |TANQUIAN DE ESCOBEDO|79840|SAN LUIS POTOSÍ|MORELOS|HIDALGO||4893860281|#N/D
1066A|cs1066a|1066|MATEHUALA 2|SAN LUIS POTOSÍ|A|SUCURSAL|MIGUEL HIDALGO |411 ||MATEHUALA CENTRO |MATEHUALA|78700|SAN LUIS POTOSÍ|JULIAN DE LOS REYES|FCO. I. MADERO||4888816076|#N/D
1073A|cs1073a|1073|SAN LUIS POTOSI 22|SAN LUIS POTOSÍ|A|SUCURSAL|IGNACIO COMONFORT |450 ||SAN LUIS POTOSI CENTRO |SAN LUIS POTOSI|78000|SAN LUIS POTOSÍ|ESQ. IGNACIO ZARAGOZA|||4448121521|#N/D
1148A|cs1148a|1148|SAN LUIS POTOSI 23|SAN LUIS POTOSÍ|A|SUCURSAL|LOS BRAVO |300 |A|SAN LUIS POTOSI CENTRO |SAN LUIS POTOSI|78000|SAN LUIS POTOSÍ|ESQ. MARIANO ESCOBEDO 450|||4448146831|#N/D
1152A|cs1152a|1152|SAN LUIS POTOSI 24|SAN LUIS POTOSÍ|A|SUCURSAL|ALVARO OBREGON |400 |A|SAN LUIS POTOSI CENTRO |SAN LUIS POTOSI|78000|SAN LUIS POTOSÍ|ALLENDE|DAMIAN CARMONA||4448148602|#N/D
1154A|cs1154a|1154|TAMAZUNCHALE 2|SAN LUIS POTOSÍ|A|SUCURSAL|HIDALGO |99 ||TAMAZUNCHALE CENTRO |TAMAZUNCHALE|79960|SAN LUIS POTOSÍ|ESQ. CARRETERA MEXICO-LAREDO|||4833621739|#N/D
1165A|cs1165a|1165|MATEHUALA 3|SAN LUIS POTOSÍ|A|SUCURSAL|HIDALGO |523 |A|MATEHUALA CENTRO |MATEHUALA|78700|SAN LUIS POTOSÍ|ESQ. CALLEJON DEL ARTE|||4881020357|#N/D
1215A|cs1215a|1215|SOLEDAD DE GRACIANO SANCHEZ 2|SAN LUIS POTOSÍ|A|SUCURSAL|CACTUS |1644 ||QUINTAS DE LA HACIENDA |SOLEDAD DE GRACIANO SANCHEZ|78438|SAN LUIS POTOSÍ|CALLE PALMAS|CALLE DEL LAGO||4441018955|#N/D
1215B|cs1215b|1215|SOLEDAD DE GRACIANO SANCHEZ 2|SAN LUIS POTOSÍ|B|SUCURSAL|CACTUS |1644 ||QUINTAS DE LA HACIENDA |SOLEDAD DE GRACIANO SANCHEZ|78438|SAN LUIS POTOSÍ|CALLE PALMAS|CALLE DEL LAGO||4441018955|#N/D
1216A|cs1216a|1216|SOLEDAD DE GRACIANO SANCHEZ 3|SAN LUIS POTOSÍ|A|SUCURSAL|JOSE RICARDO GALLARDO CARDONA |671-C |LC 4|PROVIDENCIA |SOLEDAD DE GRACIANO SANCHEZ|78434|SAN LUIS POTOSÍ|ESQ. AV. LIBERTAD|ENRIQUE ESTRADA|CANDIDO NAVARRO|4448109734|#N/D
1252A|cs1252a|1252|SAN LUIS POTOSI 27|SAN LUIS POTOSÍ|A|SUCURSAL|PEDRO MONTOYA |503 ||SAN LUIS POTOSI CENTRO |SAN LUIS POTOSI|78000|SAN LUIS POTOSÍ|MOCTEZUMA|HIDALGO|IGNACIO MARTINEZ|4448100551|#N/D
1291A|cs1291a|1291|MATEHUALA 4|SAN LUIS POTOSÍ|A|SUCURSAL|HIDALGO |204-D NTE ||MATEHUALA CENTRO |MATEHUALA|78700|SAN LUIS POTOSÍ|IGNACIO RAMIREZ|FLORES MAGON||4888827344|#N/D
1294A|cs1294a|1294|EBANO 2|SAN LUIS POTOSÍ|A|SUCURSAL|VICENTE GUERRERO |114-B ||TULIPANES |EBANO|79170|SAN LUIS POTOSÍ|1RO. DE MAYO|18 DE MARZO|20 DE NOVIEMBRE|8452635122|#N/D
1334A|cs1334a|1334|SOLEDAD DE GRACIANO SANCHEZ 4|SAN LUIS POTOSÍ|A|SUCURSAL|SAN PEDRO |1926 ||SAN ISIDRO |SOLEDAD DE GRACIANO SANCHEZ|78430|SAN LUIS POTOSÍ|CALLE SAN JORGE|CALLE SAN EDUARDO||4448542880|#N/D
1342A|cs1342a|1342|SAN LUIS POTOSI 28|SAN LUIS POTOSÍ|A|SUCURSAL|CORDILLERA DE LOS HIMALAYA |724 ||FRACCIONAMIENTO LOMAS CUARTA SECCION |SAN LUIS POTOSI|78216|SAN LUIS POTOSÍ|CORDILLERA DEL MARQUEZ|CORDILLERA CENTRAL||4448252301|#N/D
1343A|cs1343a|1343|SAN LUIS POTOSI 29|SAN LUIS POTOSÍ|A|SUCURSAL|SALK |2219 ||PROGRESO |SAN LUIS POTOSI|78370|SAN LUIS POTOSÍ|VOLTA|AMPERES||4441127158|#N/D
1358A|cs1358a|1358|TAMUIN 1, S.L.P.|SAN LUIS POTOSÍ|A|SUCURSAL|PEDRO ANTONIO SANTOS |331 ||CENTRO |TAMUIN|79200|SAN LUIS POTOSÍ|IGNACIO LOPEZ RAYON|LEANDRO VALLE||4893881475|#N/D
1396A|cs1396a|1396|MATLAPA 1|SAN LUIS POTOSÍ|A|SUCURSAL|CUAUHTEMOC |8 ||CENTRO |MATLAPA|79970|SAN LUIS POTOSÍ|ESQUINA FRANCISCO I. MADERO|||4833640042|#N/D
1407A|cs1407a|1407|SAN LUIS POTOSI 31|SAN LUIS POTOSÍ|A|SUCURSAL|CONSTITUCION |2280 |LC 5 Y 6|CONSTITUCION |SAN LUIS POTOSI|78300|SAN LUIS POTOSÍ|SALVADOR NAVA MARTINEZ|JUAN DE DIOS PEZA||4448150277|#N/D
1421A|cs1421a|1421|SAN LUIS POTOSI 32|SAN LUIS POTOSÍ|A|SUCURSAL|PROLONGACION MOCTEZUMA |2270 ||TERCERA GRANDE |SAN LUIS POTOSI|78143|SAN LUIS POTOSÍ|CRUZ COLORADA|JOSEFA ORTIZ DE DOMINGUEZ||4448318389|#N/D
1443A|cs1443a|1443|SOLEDAD DE GRACIANO SANCHEZ 5|SAN LUIS POTOSÍ|A|SUCURSAL|ANTONINO NIETO |1100-A ||VILLA DE LA LIBERTAD |SOLEDAD DE GRACIANO SANCHEZ|78438|SAN LUIS POTOSÍ|ESQUINA NARANJO|||4448215960|#N/D
1453A|cs1453a|1453|SAN LUIS POTOSI 33|SAN LUIS POTOSÍ|A|SUCURSAL|FERROCARRIL |1060 |LOCAL 4|INDUSTRIAL AVIACION |SAN LUIS POTOSI|78140|SAN LUIS POTOSÍ|VASCO DE QUIROGA|PRIVADA PARIS||4448114548|#N/D
1473A|cs1473a|1473|TAMUIN 2, S.L.P.|SAN LUIS POTOSÍ|A|SUCURSAL|PEDRO ANTONIO SANTOS |108 ||TAMUIN CENTRO |TAMUIN|79200|SAN LUIS POTOSÍ|ESQUINA BRAULIO M.ROMERO|||4893882298|#N/D
1523A|cs1523a|1523|TAMAZUNCHALE 3|SAN LUIS POTOSÍ|A|SUCURSAL|JUAREZ |49 |LC 5 Y 6|XEW |TAMAZUNCHALE|79960|SAN LUIS POTOSÍ|JOSEFA ORTIZ DE DOMINGUEZ|LAZARO CARDENAS||4833622546|#N/D
1552A|cs1552a|1552|SAN LUIS POTOSI 36|SAN LUIS POTOSÍ|A|SUCURSAL|NIÑO ARTILLERO |417-A ||VIVEROS |SAN LUIS POTOSI|78290|SAN LUIS POTOSÍ|DIEGO DE LA FUENTE|FRAY J. ANTONIO VILLASEÑOR Y SANCHEZ||4448416408|#N/D
1559A|cs1559a|1559|SAN LUIS POTOSI 37|SAN LUIS POTOSÍ|A|SUCURSAL|ADOLFO LOPEZ MATEOS |941 ||TANGAMANGA II |SAN LUIS POTOSI|78269|SAN LUIS POTOSÍ|ESQ CALLE SERDAN|FRANCISCO GONZALEZ||4441623993|#N/D
1608A|cs1608a|1608|SAN LUIS POTOSI 38|SAN LUIS POTOSÍ|A|SUCURSAL|SALK |4121 |A Y B|FRACCIONAMIENTO FLORES DEL AGUAJE |SAN LUIS POTOSI|78398|SAN LUIS POTOSÍ|ARCO 41115|BOULEVARD ANTONIO ROCHA CORDERO||4447995562|#N/D
1698A|cs1698a|1698|SAN LUIS POTOSI 39|SAN LUIS POTOSÍ|A|SUCURSAL|CALZADA DE GUADALUPE |3735 ||FRACCIONAMIENTO CD. SATELITE FRANCISCO I. MADERO|SAN LUIS POTOSI|78380|SAN LUIS POTOSÍ|REPUBLICA DE NICARAGUA|REPUBLICA DE PANAMA||4448391631|#N/D
1757A|cs1757a|1757|SOLEDAD DE GRACIANO SANCHEZ 6|SAN LUIS POTOSÍ|A|SUCURSAL|AND. DEL CANTIL |4308 ||RANCHO PAVON |SOLEDAD DE GRACIANO SANCHEZ|78434|SAN LUIS POTOSÍ|DEL VALLE|CASCADA||4441007655|#N/D
1849A|cs1849a|1849|TAMAZUNCHALE 4|SAN LUIS POTOSÍ|A|SUCURSAL|HIDALGO |42 ||BARRIO SAN JUAN ZONA CENTRO |TAMAZUNCHALE|79960|SAN LUIS POTOSÍ|XICOTENCATL|DE LA MORA||4836880254|#N/D
1871A|cs1871a|1871|RIO VERDE 3|SAN LUIS POTOSÍ|A|SUCURSAL|PLAZA FUNDADORES |J Y K ||CENTRO |RIOVERDE|79610|SAN LUIS POTOSÍ|COLON|ITURBIDE||4876880084|#N/D
1873A|cs1873a|1873|MATEHUALA 6|SAN LUIS POTOSÍ|A|SUCURSAL|5 DE MAYO |1037-C ||ALTAMIRA |MATEHUALA|78797|SAN LUIS POTOSÍ|ESQUINA MARIANO VAZQUEZ|||4886881023|#N/D
1977A|cs1977a|1977|SAN LUIS POTOSI 40|SAN LUIS POTOSÍ|A|SUCURSAL|INDUSTRIAS |3969 Y 3971||FRACCIONAMIENTO INDUSTRIAS |SAN LUIS POTOSI|78395|SAN LUIS POTOSÍ|FRANCISCO MARTINEZ DE LA VEGA|ANTONIO ROCHA CORDERO||4445240297|#N/D
197A|cs0197a|197|MATEHUALA 1|SAN LUIS POTOSÍ|A|SUCURSAL|BUSTAMANTE |116 ||CENTRO |MATEHUALA|78700|SAN LUIS POTOSÍ|BENITO JUAREZ|ESCOBEDO||4888826758|#N/D
1987A|cs1987a|1987|SOLEDAD DE GRACIANO SANCHEZ 7|SAN LUIS POTOSÍ|A|SUCURSAL|CORREGIDORA |607 ||SOLEDAD |SOLEDAD DE GRACIANO SANCHEZ|78430|SAN LUIS POTOSÍ|PRIVADA MANUEL JOSE OTHON|MACEDONIO CASTRO||4441006834|#N/D
2005A|cs2005a|2005|SAN LUIS POTOSI 41|SAN LUIS POTOSÍ|A|SUCURSAL|CAPITAN CALDERA |196 ||FRACCIONAMIENTO VALLE DE BRAVO |SAN LUIS POTOSI|78250|SAN LUIS POTOSÍ|NEREO RODRIGUEZ BARRAGAN|||4446885339|#N/D
2007A|cs2007a|2007|SAN LUIS POTOSI 42, SLP.|SAN LUIS POTOSÍ|A|SUCURSAL|PONCIANO ARRIAGA |208 ||ZONA CENTRO |SAN LUIS POTOSI|78000|SAN LUIS POTOSÍ|PEDRO MONTOYA|TANGAMANGA||4441006168|#N/D
2042A|cs2042a|2042|SOLEDAD DE GRACIANO SANCHEZ 8|SAN LUIS POTOSÍ|A|SUCURSAL|IGNACIO ZARAGOZA |312 |L-8, M-65|QUINTAS DE LA HACIENDA II |SOLEDAD DE GRACIANO SANCHEZ|78438|SAN LUIS POTOSÍ|OLMO|CORDILLERA ORIENTAL||4445900060|#N/D
2099A|cs2090a|2099|SAN LUIS POTOSI 44|SAN LUIS POTOSÍ|A|SUCURSAL|HIMNO NACIONAL |705 ||JARDIN |SAN LUIS POTOSI|78270|SAN LUIS POTOSÍ|VALENTIN GAMA|OLMOS||4441393483|#N/D
2102A|cs2102a|2102|SAN LUIS POTOSI 43|SAN LUIS POTOSÍ|A|SUCURSAL|BOLIVAR |815 ||ZONA CENTRO |SAN LUIS POTOSI|78000|SAN LUIS POTOSÍ|MARTINEZ CASTRO|IGNACIO COMONFORT||4446885145|#N/D
2120A|cs2120a|2120|SAN LUIS POTOSI 45|SAN LUIS POTOSÍ|A|SUCURSAL|RIO ESPAÑITA |450 |4|ESPAÑITA |SAN LUIS POTOSI|78378|SAN LUIS POTOSÍ|BARCELONA|SANTILLANA DEL MAR||4447721459|#N/D
2122A|cs2122a|2122|SAN LUIS POTOSI 46|SAN LUIS POTOSÍ|A|SUCURSAL|SAN ANGEL |195 ||SAN ANGEL |SAN LUIS POTOSI|78120|SAN LUIS POTOSÍ|SAN RUBEN|PRIMERA DE VILLERIAS||4441006226|#N/D
2165A|cs2165a|2165|MATEHUALA 7|SAN LUIS POTOSÍ|A|SUCURSAL|BUSTAMANTE |816 ||LAS HADAS |MATEHUALA|78783|SAN LUIS POTOSÍ|ESQUINA GABILONDO SOLER|||4886881292|#N/D
2183A|cs2183a|2183|TAMAZUNCHALE 5|SAN LUIS POTOSÍ|A|SUCURSAL|BENITO JUAREZ |. ||BARRIO SAN JOSE |TAMAZUNCHALE|79960|SAN LUIS POTOSÍ|MARGARITA MAZA DE JUAREZ|MATAMOROS||4836880301|#N/D
2240A|cs2240a|2240|SAN LUIS POTOSI 47|SAN LUIS POTOSÍ|A|SUCURSAL|CORDILLERA DE LOS HIMALAYA |205 ||LOMAS 3A SECC |SAN LUIS POTOSI|78216|SAN LUIS POTOSÍ|CORDILLERA KARAKORUM|SIERRA FRIA||4441000212|#N/D
2247A|cs2247a|2247|MATEHUALA 8|SAN LUIS POTOSÍ|A|SUCURSAL|REFORMA |1212-A ||RIVAS GUILLEN |MATEHUALA|78780|SAN LUIS POTOSÍ|ALDAMA|NICOLAS BRAVO||4886882303|#N/D
2248A|cs2248a|2248|EBANO 3|SAN LUIS POTOSÍ|A|SUCURSAL|BENITO JUAREZ |15 |LOCAL E|20 DE NOVIEMBRE |EBANO|79161|SAN LUIS POTOSÍ|JUSTO SIERRA|RAFAEL RAMIREZ||8452635147|#N/D
2251A|cs2251a|2251|SAN LUIS POTOSI 48|SAN LUIS POTOSÍ|A|SUCURSAL|DE LA PAZ |205 |LOCA 6 G|TLAXCALA |SAN LUIS POTOSI|78038|SAN LUIS POTOSÍ|ESQ. 16 DE SEPTIEMBRE||||#N/D
2264A|cs2264a|2264|SOLEDAD DE GRACIANO SANCHEZ 9|SAN LUIS POTOSÍ|A|SUCURSAL|NEGRETE |208 ||SAN GERARDO |SOLEDAD DE GRACIANO SANCHEZ|78430|SAN LUIS POTOSÍ|MARIANO JIMENEZ|||4441806581|#N/D
2271A|cs2271a|2271|SAN LUIS POTOSI 49 |SAN LUIS POTOSÍ|A|SUCURSAL|PUERTO DE MAZATLAN |755 ||EL AGUAJE |SAN LUIS POTOSI|78398|SAN LUIS POTOSÍ|ESQ. CAMINO ANTIGUO AL AGUAJE|||4441003321|#N/D
2281A|cs2281a|2281|SOLEDAD DE GRACIANO SANCHEZ 10|SAN LUIS POTOSÍ|A|SUCURSAL|LOS PINOS |390 ||FRACCIONAMIENTO BUGAMBILIAS |SOLEDAD DE GRACIANO SANCHEZ|78436|SAN LUIS POTOSÍ|ESQUINA PIRUL|||4448221670|#N/D
2285A|cs2285a|2285|SOLEDAD DEL GRACIANO SANCHES 11 |SAN LUIS POTOSÍ|A|SUCURSAL|VALENTIN AMADOR |655 ||SAN FRANCISCO |SOLEDAD DE GRACIANO SANCHEZ|78435|SAN LUIS POTOSÍ|REPUBLICA DOMINICANA|LIBERTAD|||#N/D
2295A|cs2295a|2295|SOLEDAD DE GRACANO SANCHEZ 12|SAN LUIS POTOSÍ|A|SUCURSAL|CORDILLERA ORIENTAL |321 L-9 M-23||LA SIERRA |SOLEDAD DE GRACIANO SANCHEZ|78438|SAN LUIS POTOSÍ|SIERRA COLORADA|SIERRA SAN PATRICIO||4448210617|#N/D
2297A|cs2297a|2297|MATEHUALA 9 |SAN LUIS POTOSÍ|A|SUCURSAL|LAS AMERICAS |300-A ||ARBOLEDAS |MATEHUALA|78760|SAN LUIS POTOSÍ|FLORES MAGON|AUSTRIA||4888825324|#N/D
2307A|cs2307a|2307|SOLEDAD DE GRACIANO SANCHEZ 13 |SAN LUIS POTOSÍ|A|SUCURSAL|DE LAS HACIENDAS |356 ||FRACCIONAMIENTO PRIVADAS DE LA HACIENDA |SOLEDAD DE GRACIANO SANCHEZ|78438|SAN LUIS POTOSÍ|HACIENDA LA ESTANCIA|CALLE 1||4446036965|#N/D
2312A|cs2312a|2312|XILITLA 2|SAN LUIS POTOSÍ|A|SUCURSAL|C. JARDIN HIDALGO |S/N |S/N|XILITLA |XILITLA|79900|SAN LUIS POTOSÍ|CALLE JARDIN HIDALGO|CALLE MERCADO GUERRERO||4893713407|#N/D
2383A|cs2383a|2383|SAN LUIS POTOSI 50|SAN LUIS POTOSÍ|A|SUCURSAL|FRANCISCO MARTINEZ DE LA VEGA|700 ||FRACCIONAMIENTO INDUSTRIAS |SAN LUIS POTOSI|78395|SAN LUIS POTOSÍ|TURQUEZA|||4448424334|#N/D
2410A|cs2410a|2410|RIO VERDE 4|SAN LUIS POTOSÍ|A|SUCURSAL|CENTENARIO |123 ||RIOVERDE CENTRO |RIOVERDE|79610|SAN LUIS POTOSÍ|BENITO JUAREZ NORTE|PRIVADA DE HEROES POTOSINOS||4871063935|#N/D
2417A|cs2417a|2417|TAMPACAN 1 ,SLP|SAN LUIS POTOSÍ|A|SUCURSAL|5 DE MAYO |S/N ||TAMPACAN |TAMPACAN|79940|SAN LUIS POTOSÍ|DE LA JUVENTUD|FRANCISCO I. MADERO|||#N/D
2433A|cs2433a|2433|SAN LUIS POTOSI 51|SAN LUIS POTOSÍ|A|SUCURSAL|VENUSTIANO CARRANZA |915 ||BARRIO DE TEQUISQUIAPAN |SAN LUIS POTOSI|78250|SAN LUIS POTOSÍ|ESQUINA FRANCISCO  DE P. MARIEL|||4441390766|#N/D
2440A|cs2440a|2440|VILLA HIDALGO 1, SLP|SAN LUIS POTOSÍ|A|SUCURSAL|GENERAL IGNACIO ZARAGOZA |124 Y 126 ||SECTOR CENTRO 1 |VILLA HIDALGO|78960|SAN LUIS POTOSÍ|MARIANO MATAMOROS|DE LA LIBERTAD||4866880078|#N/D
256A|cs0256a|256|RIO VERDE 1|SAN LUIS POTOSÍ|A|SUCURSAL|DR. GABRIEL MARTINEZ |7 ||CENTRO |RIOVERDE|79610|SAN LUIS POTOSÍ|HIDALGO|MADERO||4878723645|#N/D
445A|cs0445a|445|SAN LUIS POTOSI 4|SAN LUIS POTOSÍ|A|SUCURSAL|RICARDO B. ANAYA |1529 ||PROVIDENCIA |SAN LUIS POTOSI|78390|SAN LUIS POTOSÍ|ITALIA|SUIZA||4448188115|#N/D
445B|cs0445b|445|SAN LUIS POTOSI 4|SAN LUIS POTOSÍ|B|SUCURSAL|RICARDO B. ANAYA |1529 ||PROVIDENCIA |SAN LUIS POTOSI|78390|SAN LUIS POTOSÍ|ITALIA|SUIZA||4448188115|#N/D
470A|cs0470a|470|SAN LUIS POTOSI 5|SAN LUIS POTOSÍ|A|SUCURSAL|DE LOS PINOS |1240 ||UNIDAD HABITACIONAL AZALEAS |SOLEDAD DE GRACIANO SANCHEZ|78436|SAN LUIS POTOSÍ|CONTRATO COLECTIVO|LEY FEDERAL DEL TRABAJO||4448224759|#N/D
488A|cs0488a|488|SAN LUIS POTOSI 6|SAN LUIS POTOSÍ|A|SUCURSAL|DE GUADALUPE |2545 ||FRACCIONAMIENTO SANTUARIO |SAN LUIS POTOSI|78380|SAN LUIS POTOSÍ|REPUBLICA ARGENTINA|REPUBLICA DEL PERU||4448393752|#N/D
489A|cs0489a|489|SAN LUIS POTOSI 7|SAN LUIS POTOSÍ|A|SUCURSAL|MUÑOZ |315 |LC A,B,C|DEL RIO |SAN LUIS POTOSI|78175|SAN LUIS POTOSÍ|ALBINO GARCIA|RIO TAMPAON||4448335353|#N/D
51A|cs0051a|51|SAN LUIS POTOSI 1|SAN LUIS POTOSÍ|A|SUCURSAL|REFORMA |755 ||CENTRO |SAN LUIS POTOSI|78000|SAN LUIS POTOSÍ|ALLENDE|DAMIAN CARMONA||4448141634|#N/D
526A|cs0526a|526|EBANO|SAN LUIS POTOSÍ|A|SUCURSAL|CONSTITUCION |S/N ||CENTRO |EBANO|79150|SAN LUIS POTOSÍ|ESQ. MATAMOROS|||8452635016|#N/D
545A|cs0545a|545|TAMAZUNCHALE 1|SAN LUIS POTOSÍ|A|SUCURSAL|20 DE NOVIEMBRE |S/N ||CENTRO |TAMAZUNCHALE|79960|SAN LUIS POTOSÍ|ZARAGOZA|CUAUHTEMOC||4833621469|#N/D
548A|cs0548a|548|SAN LUIS POTOSI 9|SAN LUIS POTOSÍ|A|SUCURSAL|DALIAS |600 |LC 3 Y 4|JARDINES DEL SUR |SAN LUIS POTOSI|78399|SAN LUIS POTOSÍ|ALEJANDRINA|AZABACHE||4448423109|#N/D
577A|cs0577a|577|SAN LUIS POTOSI 10|SAN LUIS POTOSÍ|A|SUCURSAL|VENUSTIANO CARRANZA |1595 ||LOS ALAMOS |SAN LUIS POTOSI|78174|SAN LUIS POTOSÍ|AVANZADA|MUÑOZ||4448131743|#N/D
57A|cs0057a|57|SAN LUIS POTOSI 2|SAN LUIS POTOSÍ|A|SUCURSAL|INSURGENTES |250 |A Y B|ZONA CENTRO |SAN LUIS POTOSI|78000|SAN LUIS POTOSÍ|ESCOBEDO|EJE VIAL||4448127083|#N/D
58A|cs0058a|58|SAN LUIS POTOSI 3|SAN LUIS POTOSÍ|A|SUCURSAL|REFORMA |353 ||CENTRO |SAN LUIS POTOSI|78000|SAN LUIS POTOSÍ|EXPLANADA PONCIANO ARRIAGA|EJE VIAL||4448127123|#N/D
58B|cs0058b|58|SAN LUIS POTOSI 3|SAN LUIS POTOSÍ|B|SUCURSAL|REFORMA |353 ||CENTRO |SAN LUIS POTOSI|78000|SAN LUIS POTOSÍ|EXPLANADA PONCIANO ARRIAGA|EJE VIAL||4448127123|#N/D
592A|cs0592a|592|SAN LUIS POTOSI 11|SAN LUIS POTOSÍ|A|SUCURSAL|FRANCISCO CARRERA TORRES |278 ||EL SAUCITO |SAN LUIS POTOSI|78110|SAN LUIS POTOSÍ|FRANCISCO CARRERA TORRES|1A PRIVADA DEL SAUCE||4448237456|#N/D
602A|cs0602a|602|SOLEDAD DE GRACIANO SANCHEZ 1|SAN LUIS POTOSÍ|A|SUCURSAL|MIGUEL HIDALGO |307 ||SOLEDAD DE GRACIANO SANCHEZ CENTRO |SOLEDAD DE GRACIANO SANCHEZ|78430|SAN LUIS POTOSÍ|LEONA VICARIO|JUAN SARABIA||4448314100|#N/D
645A|cs0645a|645|SAN LUIS POTOSI 12|SAN LUIS POTOSÍ|A|SUCURSAL|SALK |815 ||PROGRESO |SAN LUIS POTOSI|78370|SAN LUIS POTOSÍ|GALILEO GALILEI|GAUSS||4448154067|#N/D
658A|cs0658a|658|SAN LUIS POTOSI 13|SAN LUIS POTOSÍ|A|SUCURSAL|MORALES SAUCITO |1104 Y 1108||VALLE DEL TECNOLOGICO |SAN LUIS POTOSI|78137|SAN LUIS POTOSÍ|TOPOGRAFIA|CORREOS||4448410116|#N/D
658B|cs0658b|658|SAN LUIS POTOSI 13|SAN LUIS POTOSÍ|B|SUCURSAL|MORALES SAUCITO |1104 Y 1108||VALLE DEL TECNOLOGICO |SAN LUIS POTOSI|78137|SAN LUIS POTOSÍ|TOPOGRAFIA|CORREOS||4448410116|#N/D
659A|cs0659a|659|SAN LUIS POTOSI 14|SAN LUIS POTOSÍ|A|SUCURSAL|RUTILO TORRES |455 |MZA 4 LT 2|FRACCIONAMIENTO CENTRAL |SAN LUIS POTOSI|78399|SAN LUIS POTOSÍ|ORO|POMEX||4448163429|#N/D
659B|cs0659b|659|SAN LUIS POTOSI 14|SAN LUIS POTOSÍ|B|SUCURSAL|RUTILO TORRES |455 |MZA 4 LT 2|FRACCIONAMIENTO CENTRAL |SAN LUIS POTOSI|78399|SAN LUIS POTOSÍ|ORO|POMEX||4448163429|#N/D
662A|cs0662a|662|SAN LUIS POTOSI 15|SAN LUIS POTOSÍ|A|SUCURSAL|RICARDO B. ANAYA |2737 ||ESTRELLA DE ORIENTE |SAN LUIS POTOSI|78396|SAN LUIS POTOSÍ|PERIFERICO|FRANCISCO O. PALOMO||4448214695|#N/D
663A|cs0663a|663|SAN LUIS POTOSI 16|SAN LUIS POTOSÍ|A|SUCURSAL|AZUFRE |424 Y 428 ||VERDE CAMPESTRE |SAN LUIS POTOSI|78154|SAN LUIS POTOSÍ|ORQUIDEAS|SULFATO||4441623010|#N/D
7046A|cf7046a|7046|CIUDAD VALLES 1|SAN LUIS POTOSÍ|A|FRANQUICIA|5 DE MAYO|S/N||CIUDAD VALLES CENTRO|CIUDAD VALLES|79000|SAN LUIS POTOSÍ|ESQ. GUADALUPE VICTORIA|0|0|4813816030|#N/D
7046B|cf7046b|7046|CIUDAD VALLES 1|SAN LUIS POTOSÍ|B|FRANQUICIA|5 DE MAYO|S/N||CIUDAD VALLES CENTRO|CIUDAD VALLES|79000|SAN LUIS POTOSÍ|ESQ. GUADALUPE VICTORIA|0|0|4813816030|#N/D
707A|cs0707a|707|SAN LUIS POTOSI 17|SAN LUIS POTOSÍ|A|SUCURSAL|NICOLAS ZAPATA |357 Y 359 ||VILLAS VALLARTA |SAN LUIS POTOSI|78230|SAN LUIS POTOSÍ|BENIGNO IBARRA|TOMA ESTEBES||4448332376|#N/D
708A|cs0708a|708|XILITLA|SAN LUIS POTOSÍ|A|SUCURSAL|CORREGIDORA |105 |LC 2|CENTRO |XILITLA|79900|SAN LUIS POTOSÍ|ZARAGOZA|MIGUEL ALVAREZ||4893651279|#N/D
71193A|cf71193a|71193|SAN LUIS POTOSI 1|SAN LUIS POTOSÍ|A|FRANQUICIA|CALLE 71|210|LOCAL E|AZTECA|SAN LUIS POTOSI|78394|SAN LUIS POTOSÍ|MOCTEZUMA|NEZAHUALCOYOTL|AZTLAN|4448302596|#N/D
71218A|cf71218a|71218|MATEHUALA 1, SLP|SAN LUIS POTOSÍ|A|FRANQUICIA|BENITO JUAREZ|829|LOCAL 1|HIDALGO|MATEHUALA|78722|SAN LUIS POTOSÍ|MONTE MICHEL|ANTIGUO CAMINO A LA PAZ|0|4888821111|#N/D
71348A|cf71348a|71348|SAN LUIS POTOSI 2|SAN LUIS POTOSÍ|A|FRANQUICIA|SIMON DIAZ|3210|A|SIMON DIAZ|SAN LUIS POTOSI|78380|SAN LUIS POTOSÍ|REPUBLICA DE BRASIL|DOMINIOS DEL CANADA|AMERICA DEL SUR|4446037817|#N/D
71540A|cf71540a|71540|SAN LUIS POTOSI 11|SAN LUIS POTOSÍ|A|FRANQUICIA|RICARDO B. ANAYA|1271||JARDINES DE ORIENTE|SAN LUIS POTOSI|78390|SAN LUIS POTOSÍ|HAMBURGO|TEL AVIV|LUCERNA|4444618278|#N/D
71588A|cf71588a|71588|SOLEDAD DE GRACIANO SANCHEZ 3|SAN LUIS POTOSÍ|A|FRANQUICIA|BELLA VISTA|1431||VILLAS DE SAN LORENZO|SOLEDAD DE GRACIANO SANCHEZ|78433|SAN LUIS POTOSÍ|VALLADOLID|CERRADA NAPOLES|CERRADA NAPOLES|4441263832|#N/D
71629A|cf71629a|71629|CARDENAS 1, SLP|SAN LUIS POTOSÍ|A|FRANQUICIA|ALVARO OBREGON|102|B|CARDENAS CENTRO|CARDENAS|79380|SAN LUIS POTOSÍ|DR. AMONARIO DIAZ DE LEON DE|ITURBIDE|GRAL. MIGUEL BARRAGAN|4878731934|#N/D
71879A|cf71879a|71879|SOLEDAD DE GRACIANO SANCHEZ 4|SAN LUIS POTOSÍ|A|FRANQUICIA|JOSE DE GALVEZ|108||REFORMA (FRACC. VILLAS DEL POTOSI)|SOLEDAD DE GRACIANO SANCHEZ|78437|SAN LUIS POTOSÍ|CARRETERA RIOVERDE|SILVERIO RUIZ|RUPERTO JALOMO|4446037822|#N/D
71972A|cf71972a|71972|MOCTEZUMA 1, SLP|SAN LUIS POTOSÍ|A|FRANQUICIA|JUVENTUD|12||MOCTEZUMA|MOCTEZUMA|78900|SAN LUIS POTOSÍ|MIGUEL HIDALGO|IGNACIO ZARAGOZA|PEDRO ANTONIO DE LOS SANTOS|4488549352|#N/D
72054A|cf72054a|72054|TAMASOPO 2|SAN LUIS POTOSÍ|A|FRANQUICIA|HIDALGO|421||CENTRO|TAMASOPO|79710|SAN LUIS POTOSÍ|ESQ. FRANCISCO I. MADERO|LEONA VICARIO|ALLENDE|4483870716|#N/D
72129A|cf72129a|72129|CIUDAD DEL MAIZ 1|SAN LUIS POTOSÍ|A|FRANQUICIA|BENITO JUAREZ|S/N||CIUDAD DEL MAIZ CENTRO|CIUDAD DEL MAIZ|79300|SAN LUIS POTOSÍ|BLVD. MIGUEL BARRAGAN|GRAL. PEDRO MA. ANAYA|JUAN BARRAGAN|4483780440|#N/D
72175A|cf72175a|72175|AQUISMON 1, SLP|SAN LUIS POTOSÍ|A|FRANQUICIA|IGNACIO ZARAGOZA (PALACIO MUNICIPAL)|S/N||AQUISMON|AQUISMON|79760|SAN LUIS POTOSÍ|ESQ. BENITO JUAREZ|MANUEL J. OTHON|MANUEL ORENDAIN|4483680082|#N/D
72369A|cf72369a|72369|SAN LUIS POTOSI 15|SAN LUIS POTOSÍ|A|FRANQUICIA|DURANGO|120||LIBRADO RIVERA|SAN LUIS POTOSI|78310|SAN LUIS POTOSÍ|ESQ. MANUEL JOSE OTHON|INSURGENTES|CANCER|4448928632|#N/D
72405A|cf72405a|72405|CIUDAD VALLES 4|SAN LUIS POTOSÍ|A|FRANQUICIA|ABASOLO|313||CIUDAD VALLES CENTRO|CIUDAD VALLES|79000|SAN LUIS POTOSÍ|ESQ. INDEPENDENCIA|MADERO|HIDALGO|4813813063|#N/D
72484A|cf72484a|72484|TANCANHUITZ 1, SLP|SAN LUIS POTOSÍ|A|FRANQUICIA|MIGUEL HIDALGO|S/N||TANCANHUITZ DE SANTOS|TANCANHUITZ|79800|SAN LUIS POTOSÍ|CUAUHTEMOC|NATALIA JUAREZ|CALLEJON CUAUHTEMOC|4823670312|#N/D
72522A|cf72522a|72522|AXTLA DE TERRAZAS 2, SLP|SAN LUIS POTOSÍ|A|FRANQUICIA|BENITO JUAREZ|19|LOCALES 3 Y 6|AXTLA DE TERRAZAS|AXTLA DE TERRAZAS|79930|SAN LUIS POTOSÍ|5 DE MAYO|PONCIANO ARRIAGA|FRANCISCO I. MADERO|4893610451|#N/D
72560A|cf72560a|72560|EL NARANJO 1, SLP|SAN LUIS POTOSÍ|A|FRANQUICIA|MIGUEL HIDALGO Y COSTILLA|S/N||EL NARANJO CENTRO|EL NARANJO|79300|SAN LUIS POTOSÍ|ESQUINA MARIANO ARISTA|SATURNINO CEDILLO|ADOLFO LOPEZ MATEOS|4483661282|#N/D
72625A|cf72625a|72625|VENADO 2, SLP|SAN LUIS POTOSÍ|A|FRANQUICIA|PIPILA|135||CHARCAS CENTRO|CHARCAS|78590|SAN LUIS POTOSÍ|ESQUINA LEONA VICARIO|MORELOS|QUINTANA ROO|4441697634|#N/D
72673A|cf72673a|72673|CIUDAD VALLES 5|SAN LUIS POTOSÍ|A|FRANQUICIA|MEXICO-LAREDO|713||MIRADOR|CIUDAD VALLES|79050|SAN LUIS POTOSÍ|MIRADOR|PROGRESO|PROGRESO|4813811841|#N/D
72707A|cf72707a|72707|SAN LUIS POTOSI 17|SAN LUIS POTOSÍ|A|FRANQUICIA|MEZQUITAL|618||RURAL ATLAS|SAN LUIS POTOSI|78130|SAN LUIS POTOSÍ|COMETA|ESTRELLA|PRIV. UNIVERSO|4446037801|#N/D
72719A|cf72719a|72719|RIO VERDE 2|SAN LUIS POTOSÍ|A|FRANQUICIA|DOCTOR IGNACIO GAMA SAUCEDO|S/N||RIO VERDE CENTRO|RIOVERDE|79610|SAN LUIS POTOSÍ|MANUEL JOSE OTHON|CARLOS JONGUITUD BARRIOS|LAURO ISLAS|4481064433|#N/D
72779A|cf72779a|72779|SOLEDAD DE GRACIANO SANCHEZ 5|SAN LUIS POTOSÍ|A|FRANQUICIA|MEXICO|1609|B Y C|SAN FELIPE|SOLEDAD DE GRACIANO SANCHEZ|78433|SAN LUIS POTOSÍ|ESQ. VILLA JUAREZ|SAN VICENTE|GUADALCAZAR|4441017129|#N/D
72895A|cf72895a|72895|SAN LUIS POTOSI 18|SAN LUIS POTOSÍ|A|FRANQUICIA|SALK|2838||PROGRESO|SAN LUIS POTOSI|78370|SAN LUIS POTOSÍ|ESQ. ANDADOR DIESEL|ANDADOR DICKSON|ANDADOR CAREY|4446037794|#N/D
72897A|cf72897a|72897|SAN CIRO DE ACOSTA|SAN LUIS POTOSÍ|A|FRANQUICIA|HIDALGO|S/N||SAN CIRO DE ACOSTA|SAN CIRO DE ACOSTA|79680|SAN LUIS POTOSÍ|ESQ. CUAUHTEMOC|MOCTEZUMA|ULTRAMAR|4878740441|#N/D
72898A|cf72898a|72898|SAN LUIS POTOSI 19|SAN LUIS POTOSÍ|A|FRANQUICIA|OBSERVATORIO|113||VALLE DE DALIAS|SAN LUIS POTOSI|78399|SAN LUIS POTOSÍ|AV. DALIAS|1A TONANZINTLA|TONANZINTLA PTE.|4448421285|#N/D
7303A|cf7303a|7303|VILLA DE REYES 1, SLP|SAN LUIS POTOSÍ|A|FRANQUICIA|PLAZUELA DE JUAREZ|2||VILLA DE REYES CENTRO|VILLA DE REYES|79500|SAN LUIS POTOSÍ|CALLEJON COCHERA|CALLEJON DEL BESO|0|4858618007|#N/D
73094A|cf73094a|73094|SAN LUIS POTOSI 20|SAN LUIS POTOSÍ|A|FRANQUICIA|HERNAN CORTES|408|LOCAL A|INDUSTRIAL AVIACION|SAN LUIS POTOSI|78140|SAN LUIS POTOSÍ|ESQ. CALLE 4|PASAJE O|PASAJE N|4446039107|#N/D
73152A|cf73152a|73152|SAN LUIS POTOSI 21|SAN LUIS POTOSÍ|A|FRANQUICIA|1RA. PRIVADA ROSALIO SANCHEZ NIÑO|745|LOCAL 4 Y 5|RICARDO B ANAYA|SAN LUIS POTOSI|78390|SAN LUIS POTOSÍ|ESQ. RICARDO B ANAYA|ROSALIO SANCHEZ NIÑO|PRIVADA IGNACIO AGUILAR|4446037818|#N/D
73180A|cf73180a|73180|SAN LUIS POTOSI 22|SAN LUIS POTOSÍ|A|FRANQUICIA|HIMNO NACIONAL|5369||SAN JUAN DE GUADALUPE|SAN LUIS POTOSI|78359|SAN LUIS POTOSÍ|PROFESOR PEDRO VALLEJO|5 DE MAYO|JOAQUIN RIVA PALACIO|4443679437|#N/D
73247A|cf73247a|73247|VILLA DE ARISTA 1, SLP|SAN LUIS POTOSÍ|A|FRANQUICIA|HIDALGO|85||VILLA DE ARISTA CENTRO|VILLA DE ARISTA|78940|SAN LUIS POTOSÍ|ESQ. 16 DE SEPTIEMBRE|20 DE NOVIEMBRE|INSURGENTES|4488620251|#N/D
73255A|cf73255a|73255|AXTLA DE TERRAZAS 1, SLP|SAN LUIS POTOSÍ|A|FRANQUICIA|BENITO JUAREZ|28||LA LIBERTAD|AXTLA DE TERRAZAS|79930|SAN LUIS POTOSÍ|GALEANA|CUAUHTEMOC|MIGUEL HIDALGO|4893610921|#N/D
73289A|cf73289a|73289|SAN LUIS POTOSI 24|SAN LUIS POTOSÍ|A|FRANQUICIA|SIMON DIAZ|S/N||SATELITE FRANCISCO I MADERO|SAN LUIS POTOSI|78380|SAN LUIS POTOSÍ|ESQ. REPUBLICA DE ALBANIA|REPUBLICA DE FINLANDIA|AMERICA DEL SUR|4448428565|#N/D
73296A|cf73296a|73296|SAN LUIS POTOSI 25, SLP|SAN LUIS POTOSÍ|A|FRANQUICIA|20 DE NOVIEMBRE|2090|LOCAL 3|GUANOS|SAN LUIS POTOSI|78174|SAN LUIS POTOSÍ|ESQUINA AMONIO|LOS ARBOLITOS|ALTAMIRA|4444791617|#N/D
73386A|cf73386a|73386|HUEHUETLAN 1, SLP|SAN LUIS POTOSÍ|A|FRANQUICIA|MEXICO - LAREDO|S/N||HUICHIHUAYAN|HUEHUETLAN|79890|SAN LUIS POTOSÍ|LAURELES|JAIME NUNO|0|4823614164|#N/D
73477A|cf73477a|73477|SAN LUIS POTOSI 14|SAN LUIS POTOSÍ|A|FRANQUICIA|CORONEL ROMERO|1510|LOCAL 2|BALCONES DEL VALLE|SAN LUIS POTOSI|78369|SAN LUIS POTOSÍ|FUENTE DE HERCULES|FUENTE DE CRISTAL|MARIANO JIMENEZ|4441615278|#N/D
73674A|cf73674a|73674|SAN LUIS POTOSI 26|SAN LUIS POTOSÍ|A|FRANQUICIA|XICOTENCATL|2220|LOCAL A|PROF GRACIANO SANCHEZ|SAN LUIS POTOSI|78360|SAN LUIS POTOSÍ|CONCEPCION MACIAS|SARA RIVERA|MARIA MENDOZA|4446037799|#N/D
73764A|cf73764a|73764|CIUDAD VALLES 8, SLP|SAN LUIS POTOSÍ|A|FRANQUICIA|FRONTERA|1420||ALTA VISTA|CIUDAD VALLES|79050|SAN LUIS POTOSÍ|LERDO DE TEJADA|30 DE MAYO|VICENTE C. SALAZAR|4816880064|#N/D
73778A|cf73778a|73778|SOLEDAD DE GRACIANO SANCHEZ 6|SAN LUIS POTOSÍ|A|FRANQUICIA|TENOCHTITLAN|S/N||SAN ANTONIO|SOLEDAD DE GRACIANO SANCHEZ|78436|SAN LUIS POTOSÍ|LAZARO CARDENAS|MANUEL AVILA CAMACHO|MIGUEL ALEMAN|4445908593|#N/D
73898A|cf73898a|73898|SAN VICENTE TANCUAYALAB, SLP|SAN LUIS POTOSÍ|A|FRANQUICIA|AQUILES SERDAN|S/N||SAN VICENTE TANCUAYALAB CENTRO|SAN VICENTE TANCUAYALAB|79820|SAN LUIS POTOSÍ|LATERAL SAN VICENTE TAMUIN|MARTIRES DE LA REVOLUCION|JOSEFA ORTIZ DE DOMINGUEZ|4893710411|#N/D
73900B|cf73900b|73900|SOLEDAD DE GRACIANO SANCHEZ 7, SLP|SAN LUIS POTOSÍ|B|FRANQUICIA|CACTUS|2||LOS CACTUS|SOLEDAD DE GRACIANO SANCHEZ|78438|SAN LUIS POTOSÍ|ESQ. ANILLO PERIFERICO ORIENTE|DE LAS DUNAS|LOS NOPALES|4446034394|#N/D
73926A|cf73926a|73926|SAN LUIS POTOSI 27, SLP|SAN LUIS POTOSÍ|A|FRANQUICIA|NORTE|900||SALAZARES|SAN LUIS POTOSI|78115|SAN LUIS POTOSÍ|CARR. SAN LUIS POTOSI|EUCALIPTOS|EUCALIPTOS|4447932071|#N/D
73955A|cf73955a|73955|SAN LUIS POTOSI 28, SLP|SAN LUIS POTOSÍ|A|FRANQUICIA|24|S/N||VILLAS DEL SOL|SAN LUIS POTOSI|78390|SAN LUIS POTOSÍ|ESQ. PUERTO ANGEL|CALLE 99|PUERTO PRINCIPE|4446034403|#N/D
7399A|cf7399a|7399|SANTA MARIA DEL RIO 1, SLP|SAN LUIS POTOSÍ|A|FRANQUICIA|JOSE MARIA MORELOS Y PAVON|224||CENTRO|SANTA MARIA DEL RIO|79560|SAN LUIS POTOSÍ|HIDALGO|PORFIRIO DIAZ|0|4851701998|#N/D
74051A|cf74051a|74051|SOLEDAD DE GRACIANO SANCHEZ 8, SLP|SAN LUIS POTOSÍ|A|FRANQUICIA|JULIO R. CORDOVA|221||LA VIRGEN|SOLEDAD DE GRACIANO SANCHEZ|78434|SAN LUIS POTOSÍ|ESQ. PRIVADA DE LOS ANGELES|0|0|4448926164|#N/D
74069A|cf74069a|74069|MATEHUALA 3, SLP|SAN LUIS POTOSÍ|A|FRANQUICIA|ANDADOR DE LOS ALPES|161||COLINAS DE LA PAZ|MATEHUALA|78722|SAN LUIS POTOSÍ|MONTE EVEREST|0|LA PAZ|4888824205|#N/D
74255A|cf74255a|74255|TAMPAMOLON CORONA, SLP|SAN LUIS POTOSÍ|A|FRANQUICIA|PEDRO ANTONIO DE LOS SANTOS|S/N||TAMPAMOLON CORONA|TAMPAMOLON CORONA|79850|SAN LUIS POTOSÍ|MIGUEL HIDALGO|PORFIRIO DIAZ|JOSE MARIA MORELOS|4893788247|#N/D
74441A|cf74441a|74441|SAN LUIS POTOSI 29, SLP|SAN LUIS POTOSÍ|A|FRANQUICIA|QUINTA SAN PATRICIO|10|B Y C|POZOS RESIDENCIAL|SAN LUIS POTOSI|78397|SAN LUIS POTOSÍ|ESQ. BLVD. MONTEBELLO|QUINTA SAN PATRICIO|DON BOSCO|4445217465|#N/D
74819A|cf74819a|74819|SAN LUIS POTOSI 30, SLP|SAN LUIS POTOSÍ|A|FRANQUICIA|COAHUILA|675||POPULAR|SAN LUIS POTOSI|78300|SAN LUIS POTOSÍ|ESQ. MEXICO|SONORA|DURANGO|4447388798|#N/D
75116A|cf75116a|75116|SOLEDAD DE GRACIANO SANCHEZ 9, SLP|SAN LUIS POTOSÍ|A|FRANQUICIA|ELOISA|258||LA LOMITA|SOLEDAD DE GRACIANO SANCHEZ|78434|SAN LUIS POTOSÍ|ESQ. PROLONGACION NEGRETE|MARIA ISABEL|MARIA TERESA|4447737076|#N/D
75131A|cf75131a|75131|SAN LUIS POTOSI 31, SLP|SAN LUIS POTOSÍ|A|FRANQUICIA|MEXQUITIC|S/N||LOS LIMONES|SAN LUIS POTOSI|78120|SAN LUIS POTOSÍ|ESQ. LIBERAL|VALLE GRANDE|OBLIGACION|4447932515|#N/D
75133A|cf75133a|75133|SAN LUIS POTOSI 32, SLP|SAN LUIS POTOSÍ|A|FRANQUICIA|TERCER MILENIO|284|1 Y 2|LOMAS DEL TECNOLOGICO|SAN LUIS POTOSI|78215|SAN LUIS POTOSÍ|VALLE ALTO|CAÑADA DE BERCEO|CAÑADA DE LOS LOBOS|4442423196|#N/D
75218A|cf75218a|75218|SAN LUIS POTOSI 33, SLP (PA)|SAN LUIS POTOSÍ|A|FRANQUICIA|TOPACIO (CLL. AZABACHE)|605|1 Y 2|JARDINES DEL SUR|SAN LUIS POTOSI|78399|SAN LUIS POTOSÍ|ESQ. AMATISTA|AZABACHE|MAGNOLIAS|4448924776|#N/D
75303A|cf75303a|75303|SOLEDAD DE GRACIANO SANCHEZ 10, SLP |SAN LUIS POTOSÍ|A|FRANQUICIA|GENERAL GENOVEVO RIVAS GUILLEN|3129||GRAL GENOVEVO RIVAS GUILLEN|SOLEDAD DE GRACIANO SANCHEZ|78436|SAN LUIS POTOSÍ|AV. PONCIANO ARRIAGA|GENERAL MIGUEL BLANCO ESTRADA|FELIPE ANGELES|4448608182|#N/D
75319A|cf75319a|75319|SAN LUIS POTOSI 34, SLP|SAN LUIS POTOSÍ|A|FRANQUICIA|BEATO MARCELINO CHAMPAGNAT|S/N||VILLA MAGNA|SAN LUIS POTOSI|78183|SAN LUIS POTOSÍ|SENECA|MONTE PALATINO|CARINO|4444808710|#N/D
75329A|cf75329a|75329|CIUDAD VALLES 9, SLP |SAN LUIS POTOSÍ|A|FRANQUICIA|DE LAS ROSAS|145||18 DE MARZO|CIUDAD VALLES|79020|SAN LUIS POTOSÍ|ESQ. ROBLE|PINO|JACARANDA|4812432060|#N/D
75437A|cf75437a|75437|VENADO 3, SLP|SAN LUIS POTOSÍ|A|FRANQUICIA|PLAZA JUAREZ|109||VENADO|VENADO|78920|SAN LUIS POTOSÍ|PONCIANO ARRIAGA|FRANCISCO I. MADERO|FRANCISCO LARA|4443172073|#N/D
75438A|cf75438a|75438|SAN LUIS POTOSI 35, SLP|SAN LUIS POTOSÍ|A|FRANQUICIA|BOSQUES DE LAS FLORES|180||VILLA DE POZOS|SAN LUIS POTOSI|78421|SAN LUIS POTOSÍ|ESQ. ANTIGUO CAMINO A SANTA|LATERAL CARRETERA QUERETARO -|CALLEJON DE LAS FLORES|4441446583|#N/D
75511A|cf75511a|75511|MATEHUALA 4, SLP|SAN LUIS POTOSÍ|A|FRANQUICIA|CARLOS LASSO|31||MATEHUALA CENTRO|MATEHUALA|78700|SAN LUIS POTOSÍ|ESQ. MARIANO MATAMOROS|LOPEZ VELARDE|LERDO DE TEJADA|8112728075|#N/D
75542A|cf75542a|75542|SAN LUIS POTOSI 36, SLP|SAN LUIS POTOSÍ|A|FRANQUICIA|PAPAGAYO|S/N||HACIENDA DE SANTIAGO|SAN LUIS POTOSI|78136|SAN LUIS POTOSÍ|ESQ. HACIENDAS DE MEXICO|PORTAL DE LAS MERCEDES|HACIENDAS DE MEXICO|4441112217|#N/D
75607A|cf75607a|75607|MEXQUITIC DE CARMONA 2, SLP|SAN LUIS POTOSÍ|A|FRANQUICIA|SLP ZACATECAS|KM 176|L 4|LA LOMA|MEXQUITIC DE CARMONA|78470|SAN LUIS POTOSÍ|E.C. 49 AGUA SEÑORA|JARALITO|EMILIANO ZAPATA|4961198117|#N/D
75636A|cf75636a|75636|SAN LUIS POTOSI 37, SLP|SAN LUIS POTOSÍ|A|FRANQUICIA|ACCESO NORTE|407|8|INDUSTRIAL MEXICANA|SAN LUIS POTOSI|78309|SAN LUIS POTOSÍ|ARENAL|SAN LUIS - MATEHUALA|RIO SANTIAGO|4448609483|#N/D
75666A|cf75666a|75666|SOLEDAD DE GRACIANO SANCHEZ 11, SLP|SAN LUIS POTOSÍ|A|FRANQUICIA|SAN JOSE DEL BARRO|LOCAL 51 M 35||PRIVADA SAN LORENZO|SOLEDAD DE GRACIANO SANCHEZ|78433|SAN LUIS POTOSÍ|BELLAVISTA|SEVILLA|0|4444599844|#N/D
75671A|cf75671a|75671|EL NARANJO 2, SLP|SAN LUIS POTOSÍ|A|FRANQUICIA|MIGUEL HIDALGO Y COSTILLA|S/N||LA ENCANTADA|EL NARANJO|79305|SAN LUIS POTOSÍ|ESQ. FRANCISCO GONZALEZ|FRANCISCO I. MADERO|20 DE NOVIEMBRE|4441362310|#N/D
75723a|cf75723a|75723|CIUDAD VALLES 10, SLP|SAN LUIS POTOSÍ|a|FRANQUICIA|BLAS ESCONTRIA|237||LOMAS DEL MIRADOR|CIUDAD VALLES|79050|SAN LUIS POTOSÍ|ESQ. MONTECARLO|LEON FELIPE|TAMPICO|4813823058|#N/D
75874A|cf75874a|75874|CIUDAD VALLES 11|SAN LUIS POTOSÍ|A|FRANQUICIA|PEDRO ANTONIO DE LOS SANTOS|S/N||CUAUHTEMOC|CIUDAD VALLES|79040|SAN LUIS POTOSÍ|2 DE ENERO|AIRE|ECUADOR|4813750194|#N/D
76108A|cf76108a|76108|SAN MARCOS CARMONA, SLP|SAN LUIS POTOSÍ|A|FRANQUICIA|PROLONGACION DAMIAN CARMONA|S/N||SAN MARCOS (SAN MARCOS CARMONA)|MEXQUITIC DE CARMONA|78470|SAN LUIS POTOSÍ|PRIVADA DAMIAN CARMONA|ARBOLADAS|DAMIAN CARMONA|4448718113|#N/D
76109A|cf76109a|76109|CIUDAD SATELITE, SLP|SAN LUIS POTOSÍ|A|FRANQUICIA|SAN NICOLAS DE LOS JASSOS|109|C Y D|CIUDAD SATELITE|SAN LUIS POTOSI|78423|SAN LUIS POTOSÍ|PRIMERA PRIVADA DE SAN NICOLAS|PANALILLO|0|4445423144|#N/D
76161A|cf76161a|76161|LAGUNA DE SANTA RITA, SLP|SAN LUIS POTOSÍ|A|FRANQUICIA|24 DE FEBRERO|1345||LAGUNA DE SANTA RITA|SAN LUIS POTOSI|78421|SAN LUIS POTOSÍ|21 DE MARZO|PRIV. 12 DE OCTUBRE|CAMINO A SANTA RITA|4444071320|#N/D
76162A|cf76162a|76162|RIOVERDE, SLP|SAN LUIS POTOSÍ|A|FRANQUICIA|RIOVERDE - SAN CIRO|S/N||RIOVERDE CENTRO|RIOVERDE|79610|SAN LUIS POTOSÍ|CARLOS JONGUITUD BARRIOS|DE LA CURVA|DOCTOR IGNACIO GAMA SALCEDO|4488728609|#N/D
76163A|cf76163a|76163|SOLEDAD DE GRACIANO SANCHEZ 12, SLP|SAN LUIS POTOSÍ|A|FRANQUICIA|SANTA MARTHA|2100||SANTA MONICA|SOLEDAD DE GRACIANO SANCHEZ|78437|SAN LUIS POTOSÍ|ESQ. SAN BENITO|SAN PATRICIO|SAN MATIAS|4447937328|#N/D
76175A|cf76175a|76175|CIUDAD VALLES 12, SLP|SAN LUIS POTOSÍ|A|FRANQUICIA|MEXICO-LAREDO|432||CIUDAD VALLES CENTRO|CIUDAD VALLES|79000|SAN LUIS POTOSÍ|ZARAGOZA|COMONFORT|ZARAGOZA|4813822697|#N/D
76257A|cf76257a|76257|SAN LUIS POTOSI 38, SLP|SAN LUIS POTOSÍ|A|FRANQUICIA|JOCOYOTA|S/N||VILLA DE POZOS|SAN LUIS POTOSI|78421|SAN LUIS POTOSÍ|CAMINO A LOS CASTAÑOS|GENERAL SATURNINO CEDILLO|0|4444619537|#N/D
76335A|cf76335a|76335|SAN LUIS POTOSI 39, SLP|SAN LUIS POTOSÍ|A|FRANQUICIA|JOSEFA ORTIZ DE DOMINGUEZ|2169||LOS MAGUEYES|SAN LUIS POTOSI|78100|SAN LUIS POTOSÍ|ESQ. TACAMBA|OREGANO|0|4446811695|#N/D
76336A|cf76336a|76336|SAN LUIS POTOSI 40, SLP|SAN LUIS POTOSÍ|A|FRANQUICIA|TECALI|350||LAS PIEDRAS|SAN LUIS POTOSI|78150|SAN LUIS POTOSÍ|ESQ. PEDERNAL|GRAVA|CALIZA|4444593152|#N/D
76346A|cf76346a|76346|SAN LUIS POTOSI 41, SLP|SAN LUIS POTOSÍ|A|FRANQUICIA|JULIAN DE LOS REYES|391 1||CUARTEL AGUILARES|SAN LUIS POTOSI|78397|SAN LUIS POTOSÍ|2A. JULIAN DE LOS REYES|3A. JULIAN DE LOS REYES|0|4447932399|#N/D
76396A|cf76396a|76396|CERRITO DE JARAL, SLP|SAN LUIS POTOSÍ|A|FRANQUICIA|A ZACATECAS (SAN LUIS)|KM 14.5||CERRITO DE JARAL|MEXQUITIC DE CARMONA|78465|SAN LUIS POTOSÍ|DURANGO|COAHUILA|GUANAJUATO|4922024432|#N/D
76545A|cf76545a|76545|SOLEDAD DE GRACIANO SANCHEZ 13, SLP|SAN LUIS POTOSÍ|A|FRANQUICIA|SANTO TOMAS|240||SANTO TOMAS|SOLEDAD DE GRACIANO SANCHEZ|78433|SAN LUIS POTOSÍ|ESQ. SAN ANTONIO|SAN ANTONIO|SAN ANTONIO|4446771896|#N/D
76821A|cf76821a|76821|SAN LUIS POTOSI 43, SLP|SAN LUIS POTOSÍ|A|FRANQUICIA|ADOLFO LOPEZ MATEOS|1607||GARITA DE SALTILLO|SAN LUIS POTOSI|78107|SAN LUIS POTOSÍ|TERCERA DE ADOLFO LOPEZ MATEOS|CAMINO ANTIGUO A AHUALULCO|0|4448318013|#N/D
76844A|cf76844a|76844|SAN LUIS POTOSI 44, SLP|SAN LUIS POTOSÍ|A|FRANQUICIA|CARLOS DIEZ GUTIERREZ|555||JULIAN CARRILLO|SAN LUIS POTOSI|78340|SAN LUIS POTOSÍ|ESQ. PINO SUAREZ|IGNACIO RAMIREZ|ESPINOSA Y CUEVAS|4447388801|#N/D
76864A|cf76864a|76864|SAN LUIS POTOSI 45, SLP|SAN LUIS POTOSÍ|A|FRANQUICIA|PASEO DE LOS DERECHOS HUMANOS (CAMINO A LA PRESA)|225||LOS FILTROS|SAN LUIS POTOSI|78210|SAN LUIS POTOSÍ|DE LOS PINTORES|DEL ARBOL|0|4441006253|#N/D
76890A|cf76890a|76890|SAN LUIS POTOSI 46, SLP|SAN LUIS POTOSÍ|A|FRANQUICIA|TATANACHO|797|B|TANGAMANGA|SAN LUIS POTOSI|78269|SAN LUIS POTOSÍ|ESQ. CARLOS DE TAPIA|SILVESTRE LOPEZ PORTILLO|LUIS DE MOLINA|4448170497|#N/D
76956A|cf76956a|76956|VILLA DE REYES 2, SLP|SAN LUIS POTOSÍ|A|FRANQUICIA|HIDALGO|165||VILLA DE REYES CENTRO|VILLA DE REYES|79500|SAN LUIS POTOSÍ|LAT. BLEDOS-VILLA DE REYES|JOSE MARIA MORELOS|AVENIDA ESTADIO|4443023698|#N/D
77080A|cf77080a|77080|LAGUNA DE SANTA RITA 2, SLP|SAN LUIS POTOSÍ|A|FRANQUICIA|JOSE HERNANDEZ GUERRA|310|LT 42|BUENAVENTURA RESIDENCIAL|SAN LUIS POTOSI|78423|SAN LUIS POTOSÍ|ESQ. SANTA MARTA|SAN JUAN DEL BOSQUE|0|4444095596|#N/D
771A|cs0771a|771|SAN LUIS POTOSI 19|SAN LUIS POTOSÍ|A|SUCURSAL|VASCO DE QUIROGA |114-D ||INDUSTRIAL AVIACION |SAN LUIS POTOSI|78140|SAN LUIS POTOSÍ|CALLE CUATRO|CALLE CINCO/PASAJE D||4448118014|#N/D
791A|cs0791a|791|RIO VERDE 2|SAN LUIS POTOSÍ|A|SUCURSAL|MORELOS |23 ||RIO VERDE CENTRO |RIOVERDE|79610|SAN LUIS POTOSÍ|ALDAMA|JIMENEZ||4878712608|#N/D
7985A|cf7985a|7985|SALINAS DE HIDALGO 1, SLP|SAN LUIS POTOSÍ|A|FRANQUICIA|JARDIN HIDALGO|8|A|SALINAS DE HIDALGO CENTRO|SALINAS|78620|SAN LUIS POTOSÍ|ESQ. CALLE DE LA CONSTITUCION|MARIANO MATAMOROS|TREVIÑO|4969630205|#N/D
886A|cs0886a|886|SAN LUIS POTOSI 21|SAN LUIS POTOSÍ|A|SUCURSAL|CONSTITUCION |140 ||SAN LUIS POTOSI CENTRO |SAN LUIS POTOSI|78000|SAN LUIS POTOSÍ|INSURGENTES|LOS BRAVO||4448148435|#N/D
FC0017A|cfc0017a|FC0017|CERRITOS 1|SAN LUIS POTOSÍ|A|FRANQUICIA|MIGUEL HIDALGO|7||CERRITOS CENTRO|CERRITOS|79440|SAN LUIS POTOSÍ|IGNACIO ZARAGOZA|MARIANO MATAMOROS|0|4488633767|#N/D
FC0261A|cfc0261a|FC0261|CEDRAL, SLP|SAN LUIS POTOSÍ|A|FRANQUICIA|FRANCISCO I. MADERO|138||CEDRAL CENTRO|CEDRAL|78520|SAN LUIS POTOSÍ|HIDALGO|BOLIVAR|GUADALUPE VICTORIA|4888870904|#N/D
FC0297A|cfc0297a|FC0297|CIUDAD VALLES 3|SAN LUIS POTOSÍ|A|FRANQUICIA|NEGRETE|302||CIUDAD VALLES CENTRO|CIUDAD VALLES|79000|SAN LUIS POTOSÍ|CALLEJON NEGRETE|FRANCISCO I. MADERO|0|4813817323|#N/D
FC0621A|cfc0621a|FC0621|CIUDAD VALLES 2|SAN LUIS POTOSÍ|A|FRANQUICIA|ABASOLO|530||CIUDAD VALLES CENTRO|CIUDAD VALLES|79000|SAN LUIS POTOSÍ|HERMENEGILDO GALEANA|VENUSTIANO CARRANZA|0|4813818320|#N/D
FC0759A|cfc0759a|FC0759|CHARCAS 1|SAN LUIS POTOSÍ|A|FRANQUICIA|ALHONDIGA|26||CHARCAS CENTRO|CHARCAS|78590|SAN LUIS POTOSÍ|VICENTE GUERRERO|PRAXEDIS GUERRERO|FLORES MAGON|4488520132|#N/D
FC1034A|cfc1034a|FC1034|CEDRAL 2, SLP|SAN LUIS POTOSÍ|A|FRANQUICIA|XICOTENCATL|589||CEDRAL CENTRO|CEDRAL|78520|SAN LUIS POTOSÍ|ESQUINA XICOTENCATL|BOLIVAR|JIMENEZ|4888810422|#N/D
FC1199A|cfc1199a|FC1199|SAN LUIS POTOSI 12|SAN LUIS POTOSÍ|A|FRANQUICIA|GALEANA (5 DE MAYO)|120||CONGREGACION VILLA DE POZOS|SAN LUIS POTOSI|78421|SAN LUIS POTOSÍ|ESQ. 5 DE MAYO|0|0|4448242182|#N/D
FC1275A|cfc1275a|FC1275|SAN LUIS POTOSI 6|SAN LUIS POTOSÍ|A|FRANQUICIA|SEMINARIO|S/N||LAS MERCEDES|SAN LUIS POTOSI|78394|SAN LUIS POTOSÍ|HUNGRIA|HOLANDA|SUECIA|4448734585|#N/D
FC1275B|cfc1275b|FC1275|SAN LUIS POTOSI 6|SAN LUIS POTOSÍ|B|FRANQUICIA|SEMINARIO|S/N||LAS MERCEDES|SAN LUIS POTOSI|78394|SAN LUIS POTOSÍ|HUNGRIA|HOLANDA|SUECIA|4448734585|#N/D
FC1463A|cfc1463a|FC1463|SAN LUIS POTOSI 7|SAN LUIS POTOSÍ|A|FRANQUICIA|MINISTERIO DE JUSTICIA|156|A|PLAN PONCIANO ARRIAGA|SAN LUIS POTOSI|78117|SAN LUIS POTOSÍ|ESQ. PLAN PONCIANO ARRIAGA|0|0|4444755793|#N/D
FC1745A|cfc1745a|FC1745|CD. FERNANDEZ 1, SLP|SAN LUIS POTOSÍ|A|FRANQUICIA|HERMENEGILDO GALEANA|302||CIUDAD FERNANDEZ|CIUDAD FERNANDEZ|79650|SAN LUIS POTOSÍ|IGNACIO LOPEZ RAYON|VALENTIN GOMEZ FARIAS|0|4878726528|#N/D
FC1851A|cfc1851a|FC1851|SOLEDAD DE GRACIANO SANCHEZ 1|SAN LUIS POTOSÍ|A|FRANQUICIA|SAN LUIS POTOSI|526||SAN FELIPE|SOLEDAD DE GRACIANO SANCHEZ|78433|SAN LUIS POTOSÍ|SAN ANTONIO|REAL DE CATORCE|AV. SOLEDAD|4441017128|#N/D
FC1956A|cfc1956a|FC1956|AHUALULCO 2, SLP|SAN LUIS POTOSÍ|A|FRANQUICIA|PLAZA PRINCIPAL|18|A|AHUALULCO|AHUALULCO|78450|SAN LUIS POTOSÍ|FLAVIO F CARLOS|NABOR CARRILLO|0|4448548091|#N/D
FC1971A|cfc1971a|FC1971|VILLA DE ARRIAGA 1, SLP|SAN LUIS POTOSÍ|A|FRANQUICIA|IGNACIO ZARAGOZA|104||VILLA DE ARRIAGA CENTRO|VILLA DE ARRIAGA|78490|SAN LUIS POTOSÍ|IGNACIO LOPEZ RAYON|MARIANO ABASOLO|0|4441693503|#N/D
FC2362A|cfc2362a|FC2362|CD. FERNANDEZ 2, SLP|SAN LUIS POTOSÍ|A|FRANQUICIA|CENTENARIO|315|A|REFUGIO CENTRO|CIUDAD FERNANDEZ|79660|SAN LUIS POTOSÍ|PIPILA|VENUSTIANO CARRANZA|0|4878710281|#N/D
FC2415A|cfc2415a|FC2415|SAN LUIS POTOSI 16|SAN LUIS POTOSÍ|A|FRANQUICIA|HIMNO NACIONAL|4060||HIMNO NACIONAL|SAN LUIS POTOSI|78280|SAN LUIS POTOSÍ|CORONEL ROMERO|EDITORES|COMPOSITORES|4444804212|#N/D
FC2426A|cfc2426a|FC2426|SOLEDAD DE GRACIANO SANCHEZ 2|SAN LUIS POTOSÍ|A|FRANQUICIA|LAGO DE TEXCOCO|101|A|HOGARES FERROCARRILEROS 3A SECC|SOLEDAD DE GRACIANO SANCHEZ|78436|SAN LUIS POTOSÍ|ESQ. AVENIDA TECNOLOGICO|0|0|4441449488|#N/D
FC2457A|cfc2457a|FC2457|SAN LUIS POTOSI 10|SAN LUIS POTOSÍ|A|FRANQUICIA|PANFILO NATERA|421||SALAZARES|SAN LUIS POTOSI|78116|SAN LUIS POTOSÍ|1RA PRIV. DE PANFILO NATERA|0|0|4441695904|#N/D
FH0259A|cfh0259a|FH0259|SAN LUIS POTOSI 13|SAN LUIS POTOSÍ|A|FRANQUICIA|24|95 Y 97||LOS SILOS|SAN LUIS POTOSI|78394|SAN LUIS POTOSÍ|70|VILLA DE LA GRESCA|PASEO DEL SEMILLERO|4444619581|#N/D
1016A|cs1016a|1016|VERACRUZ 14|VERACRUZ|A|SUCURSAL|LA FRAGUA |1058 ||VERACRUZ CENTRO |VERACRUZ|91700|VERACRUZ|TUERO MOLINA|ORIZABA||2299355802|#N/D
1034A|cs1034a|1034|VERACRUZ 16|VERACRUZ|A|SUCURSAL|MIGUEL ANGEL DE QUEVEDO |5734 Y 5726||PASCUAL ORTIZ RUBIO |VERACRUZ|91750|VERACRUZ|ALCOCER|JUAN ENRIQUEZ||2291784407|#N/D
1045A|cs1045a|1045|ISLA 2|VERACRUZ|A|SUCURSAL|ING. R. SANDOVAL NORTE |599 ||ISLA CENTRO |ISLA|95640|VERACRUZ|CUAUHTEMOC|NEZAHUALCOYOTL||2838741841|#N/D
1052A|cs1052a|1052|PUEBLO VIEJO|VERACRUZ|A|SUCURSAL|AURORA ALEXANDRE |S/N ||ANAHUAC |PUEBLO VIEJO|92035|VERACRUZ|ESQ. GERANIO HELIOTROPO|||8332177724|#N/D
110A|cs0110a|110|CORDOBA 2|VERACRUZ|A|SUCURSAL|2 |1101 ||CENTRO |CORDOBA|94500|VERACRUZ|ESQ. CALLE 11|||2717178319|#N/D
110B|cs0110b|110|CORDOBA 2|VERACRUZ|B|SUCURSAL|2 |1101 ||CENTRO |CORDOBA|94500|VERACRUZ|ESQ. CALLE 11|||2717178319|#N/D
1110C|cs1110c|1110|MINATITLAN 4|VERACRUZ|C|SUCURSAL|JUSTO SIERRA |76 ||PALMAR |MINATITLAN|96790|VERACRUZ|ESQ. MERIDA|||9222234408|#N/D
1126A|cs1126a|1126|COSAMALOAPAN 3|VERACRUZ|A|SUCURSAL|FRANCISCO I. MADERO |505 ||COSAMALOAPAN DE CARPIO CENTRO |COSAMALOAPAN|95400|VERACRUZ|DEL CABALLITO|AQUILES SERDAN||2888825306|#N/D
1129A|cs1129a|1129|BOCA DEL RIO 3|VERACRUZ|A|SUCURSAL|8 |54 ||VENUSTIANO CARRANZA |BOCA DEL RIO|94297|VERACRUZ|ESQ. AV. 23|||2291678867|#N/D
1139A|cs1139a|1139|ORIZABA 4|VERACRUZ|A|SUCURSAL|AVENIDA ORIENTE 9 |691 ||EMILIANO ZAPATA SUR |ORIZABA|94320|VERACRUZ|ESQUINA NORTE 12-A|||2727264501|#N/D
1144A|cs1144a|1144|BOCA DEL RIO 4|VERACRUZ|A|SUCURSAL|LAZARO CARDENAS |LT 1 |MZ 1|MANLIO FABIO ALTAMIRANO |BOCA DEL RIO|94296|VERACRUZ|AV. MANUEL NIETO|FERNANDO LOPEZ ARIAS||2291300883|#N/D
1144B|cs1144b|1144|BOCA DEL RIO 4|VERACRUZ|B|SUCURSAL|LAZARO CARDENAS |LT 1 |MZ 1|MANLIO FABIO ALTAMIRANO |BOCA DEL RIO|94296|VERACRUZ|AV. MANUEL NIETO|FERNANDO LOPEZ ARIAS||2291300883|#N/D
1149A|cs1149a|1149|ACAYUCAN 3|VERACRUZ|A|SUCURSAL|MIGUEL HIDALGO |104 ||ZAPOTAL |ACAYUCAN|96039|VERACRUZ|MANUEL ACUÑA|ANTONIO PLAZA||9242456308|#N/D
1151A|cs1151a|1151|VERACRUZ 17|VERACRUZ|A|SUCURSAL|AGUSTIN YAÑEZ |3012 LT1-B |MZA 22|POPULARES |VERACRUZ|91713|VERACRUZ|ESQ. DEMOCRACIA|||2291785568|#N/D
1169A|cs1169a|1169|VERACRUZ 18|VERACRUZ|A|SUCURSAL|CARMEN PEREZ |682 ||LOS PINOS |VERACRUZ|91870|VERACRUZ|CONSTITUYENTES|MATAMOROS||2291651327|#N/D
1201A|cs1201a|1201|MINATITLAN 5|VERACRUZ|A|SUCURSAL|REYES AZTECAS |109 ||EJIDO TACOTENO |MINATITLAN|96870|VERACRUZ|ESQUINA SAN FRANCISCO|||9222217752|#N/D
1202A|cs1202a|1202|BOCA DEL RIO 5|VERACRUZ|A|SUCURSAL|COSTA VERDE |765 ||FRACCIONAMIENTO VIRGINIA |BOCA DEL RIO|94294|VERACRUZ|JARDINES|JACARANDAS||2299239188|#N/D
1203A|cs1203a|1203|FORTIN 2|VERACRUZ|A|SUCURSAL|3 |102 |LC A|CENTRO |FORTIN|94470|VERACRUZ|ESQ. AV. 1|||2717131237|#N/D
1234A|cs1234a|1234|ORIZABA 5|VERACRUZ|A|SUCURSAL|ORIENTE 6 |1382 ||CENTRO |ORIZABA|94300|VERACRUZ|SUR 25|SUR 27/ORIENTE 4||2727244377|#N/D
1234B|cs1234b|1234|ORIZABA 5|VERACRUZ|B|SUCURSAL|ORIENTE 6 |1382 ||CENTRO |ORIZABA|94300|VERACRUZ|SUR 25|SUR 27/ORIENTE 4||2727244377|#N/D
123A|cs0123a|123|JALAPA 2|VERACRUZ|A|SUCURSAL|REVOLUCION |91 ||CENTRO |XALAPA|91000|VERACRUZ|ALTAMIRANO|VICTORIA||2288187391|#N/D
1242A|cs1242a|1242|MINATITLAN 6|VERACRUZ|A|SUCURSAL|INSTITUTO TECNOLOGICO |10 ||7 DE MAYO |COSOLEACAQUE|96344|VERACRUZ|ARROYO ACOTOPE|ABEL R. PEREZ|JOSE AZUETA|9222227494|#N/D
1249A|cs1249a|1249|VERACRUZ 20|VERACRUZ|A|SUCURSAL|LAGUNA VERDE |242 ||U. HABIT. EL COYOL |VERACRUZ|91779|VERACRUZ|LAGUNA DEL CARMEN|LAGUNA DEL ROSARIO|LAGUNA DE TERMINOS|2299722732|#N/D
1249B|cs1249b|1249|VERACRUZ 20|VERACRUZ|B|SUCURSAL|LAGUNA VERDE |242 ||U. HABIT. EL COYOL |VERACRUZ|91779|VERACRUZ|LAGUNA DEL CARMEN|LAGUNA DEL ROSARIO|LAGUNA DE TERMINOS|2299722732|#N/D
124A|cs0124a|124|JALAPA 3|VERACRUZ|A|SUCURSAL|20 DE NOVIEMBRE OTE. |374 |LC A Y B|CENTRO |XALAPA|91000|VERACRUZ|APOLINAR CASTILLO|CORREGIDORA||2288410465|#N/D
126A|cs0126a|126|CORDOBA 1|VERACRUZ|A|SUCURSAL|9 |401 ||CENTRO |CORDOBA|94500|VERACRUZ|ESQ. AV. 4|||2717129247|#N/D
126B|cs0126b|126|CORDOBA 1|VERACRUZ|B|SUCURSAL|9 |401 ||CENTRO |CORDOBA|94500|VERACRUZ|ESQ. AV. 4|||2717129247|#N/D
127A|cs0127a|127|ORIZABA 1|VERACRUZ|A|SUCURSAL|ORIENTE 6 |27-B ||CENTRO |ORIZABA|94300|VERACRUZ|FRANCISCO I. MADERO|SUR 3||2727259495|#N/D
1290A|cs1290a|1290|VERACRUZ 21|VERACRUZ|A|SUCURSAL|MARIO MOLINA |262 ||VERACRUZ CENTRO |VERACRUZ|91700|VERACRUZ|INDEPENDENCIA|5 DE MAYO||2299314270|#N/D
1302A|cs1302a|1302|MINATITLAN 7|VERACRUZ|A|SUCURSAL|LERDO DE TEJADA |41 ||MINATITLAN CENTRO |MINATITLAN|96700|VERACRUZ|ESQUINA MANUEL RODRIGUEZ OLAN|MIGUEL HIDALGO|ESTIBADORES|9222236986|#N/D
1306A|cs1306a|1306|CORDOBA 6|VERACRUZ|A|SUCURSAL|9 |S/N ||CORDOBA CENTRO |CORDOBA|94500|VERACRUZ|ESQUINA AVENIDA 12|AVENIDA 14|AVENIDA 11|2714052372|#N/D
1310A|cs1310a|1310|JALAPA 5|VERACRUZ|A|SUCURSAL|ANTIGUO A NAOLINCO |1024 ||MARGARITA MAZA DE JUAREZ |XALAPA|91157|VERACRUZ|CALLE 2|CALLE 3||2288106056|#N/D
1312A|cs1312a|1312|VERACRUZ 22|VERACRUZ|A|SUCURSAL|ZAPOTE |MZ-70 |LT-24|RESERVA TARIMOYA 2 |VERACRUZ|91855|VERACRUZ|GRANO DE ORO|GUAYA||2299801431|#N/D
1341A|cs1341a|1341|OLUTA 1|VERACRUZ|A|SUCURSAL|MORELOS |503 Y 503A ||CENTRO |OLUTA|96160|VERACRUZ|ZAMORA|ALDAMA||9242477804|#N/D
135A|cs0135a|135|COATZACOALCOS 1|VERACRUZ|A|SUCURSAL|HIDALGO |501 ||CENTRO |COATZACOALCOS|96400|VERACRUZ|ESQ. 16 DE SEPTIEMBRE|||9212130187|#N/D
135B|cs0135b|135|COATZACOALCOS 1|VERACRUZ|B|SUCURSAL|HIDALGO |501 ||CENTRO |COATZACOALCOS|96400|VERACRUZ|ESQ. 16 DE SEPTIEMBRE|||9212130187|#N/D
135C|cs0135c|135|COATZACOALCOS 1|VERACRUZ|C|SUCURSAL|HIDALGO |501 ||CENTRO |COATZACOALCOS|96400|VERACRUZ|ESQ. 16 DE SEPTIEMBRE|||9212130187|#N/D
1366A|cs1366a|1366|CORDOBA 7|VERACRUZ|A|SUCURSAL|11 |1101 ||CORDOBA CENTRO |CORDOBA|94500|VERACRUZ|ESQUINA CALLE 11|CALLE 13|CALLE 7|2711170456|#N/D
1368A|cs1368a|1368|MISANTLA 3|VERACRUZ|A|SUCURSAL|ALFONSO ARROYO |S/N ||CENTRO |MISANTLA|93820|VERACRUZ|AVENIDA MANUEL AVILA CAMACHO|AVENIDA CARLOS SALINAS DE GORTARI||2353234788|#N/D
1369A|cs1369a|1369|JALAPA 6|VERACRUZ|A|SUCURSAL|ANTIGUO A NAOLINCO |4 LT 13 |MZ49 ZN2|ARBOLEDAS DEL TRONCONAL |XALAPA|91152|VERACRUZ|BUGAMBILIAS|PALMERAS||2283180064|#N/D
1370A|cs1370a|1370|CUITLAHUAC 2, VER.|VERACRUZ|A|SUCURSAL|3 |10 ||CUITLAHUAC CENTRO |CUITLAHUAC|94915|VERACRUZ|CALLE 1|CALLE 4|AVENIDA 1|2787325069|#N/D
1377A|cs1377a|1377|HUATUSCO 2|VERACRUZ|A|SUCURSAL|1 ORIENTE |S/N ||CENTRO |HUATUSCO|94100|VERACRUZ|CALLE 1 NORTE|CALLE 3 NORTE||2737345231|#N/D
1381A|cs1381a|1381|COATZACOALCOS 3|VERACRUZ|A|SUCURSAL|VENUSTIANO CARRANZA |404 |LOTE NO. 20, MANZANA NO. 21|CENTRO |COATZACOALCOS|96400|VERACRUZ|IGNACIO DE LA LLAVE|IGNACIO ZARAGOZA||9212121231|#N/D
1387A|cs1387a|1387|CORDOBA 8|VERACRUZ|A|SUCURSAL|AVENIDA 6 |1105 ||CORDOBA CENTRO |CORDOBA|94500|VERACRUZ|ESQUINA CALLE 11|||2717124973|#N/D
1408A|cs1408a|1408|BOCA DEL RIO 6|VERACRUZ|A|SUCURSAL|CANDIDO AGUILAR |18 |LC 3 Y 4|VILLA RICA |BOCA DEL RIO|94298|VERACRUZ|COAHUILA|VERACRUZ||2291305657|#N/D
1423A|cs1423a|1423|TEZONAPA 2|VERACRUZ|A|SUCURSAL|EMILIANO ZAPATA |35-A ||CENTRO |TEZONAPA|95095|VERACRUZ|CALLE HIDALGO|JOSE MORELOS||2787360069|#N/D
1425A|cs1425a|1425|VERACRUZ 23|VERACRUZ|A|SUCURSAL|RIO MAGDALENA |521 |LC 3 Y 4|RIO MEDIO |VERACRUZ|91809|VERACRUZ|CAMINO REAL|LOS OLMOS||2299867138|#N/D
1427A|cs1427a|1427|ORIZABA 6|VERACRUZ|A|SUCURSAL|ORIENTE 31 |422 ||ABELARDO L RODRIGUEZ |ORIZABA|94310|VERACRUZ|PROLONGACION NORTE 8|PROLONGACION NORTE 6||2727256538|#N/D
144A|cs0144a|144|FORTIN 1|VERACRUZ|A|SUCURSAL|1 SUR |211 |LOCAL A|CENTRO |FORTIN|94470|VERACRUZ|AV. 3|AV. 5||2717130678|#N/D
1459A|cs1459a|1459|MINATITLAN 8|VERACRUZ|A|SUCURSAL|MANUEL AVILA CAMACHO |12 ||OBRERA |MINATITLAN|96740|VERACRUZ|PALERMO 1|PALERMO 2||9222215561|#N/D
1489A|cs1489a|1489|URSULO GALVAN|VERACRUZ|A|SUCURSAL|5 DE MAYO |S/N ||CENTRO |URSULO GALVAN|91662|VERACRUZ|CALLE 5 DE FEBRERO|EMILIANO ZAPATA||2969625090|#N/D
1565A|cs1565a|1565|TIERRA BLANCA 3|VERACRUZ|A|SUCURSAL|AQUILES SERDAN |1203 ||LOMA DEL JAZMIN |TIERRA BLANCA|95150|VERACRUZ|ESQUINA VICENTE GUERRERO|||2747431010|#N/D
1604A|cs1604a|1604|CORDOBA 11|VERACRUZ|A|SUCURSAL|CALLE 10 |3401-C ||NUEVO TOXPAN |CORDOBA|94516|VERACRUZ|AVENIDA 34|36||2717120410|#N/D
1639A|cs1639a|1639|COATZACOALCOS 5|VERACRUZ|A|SUCURSAL|JUAN OSORIO LOPEZ |304 ||INDEPENDENCIA |COATZACOALCOS|96556|VERACRUZ|CRISTOBAL COLON|JOSEFA ORTIZ DE DOMINGUEZ||9212485597|#N/D
1645A|cs1645a|1645|JALAPA 7|VERACRUZ|A|SUCURSAL|ANTONIO CHEDRAUI CARAM |1139 ||LOMAS DE CASA BLANCA |XALAPA|91164|VERACRUZ|PRIVADA OCTAVIO RAMOS|||2288100274|#N/D
1655A|cs1655a|1655|VERACRUZ 24|VERACRUZ|A|SUCURSAL|LUCIERNAGA |2-D ||FRACC. GEOVILLAS RINCON DE LOS PINOS |VERACRUZ|91808|VERACRUZ|MANATI|LOS PATOS||2291560977|#N/D
1657A|cs1657a|1657|CORDOBA 13|VERACRUZ|A|SUCURSAL|10 |334 ||CENTRO |CORDOBA|94500|VERACRUZ|ESQUINA AVENIDA 5|||2711170022|#N/D
1665A|cs1665a|1665|MANLIO FABIO ALTAMIRANO 1|VERACRUZ|A|SUCURSAL|URSULO GALVAN |S/N |LT.5 MZ.67 Z.1|MANLIO FABIO ALTAMIRANO |MANLIO FABIO ALTAMIRANO|94250|VERACRUZ|ESQUINA LIBERTAD|||2859717270|#N/D
166A|cs0166a|166|VERACRUZ 3|VERACRUZ|A|SUCURSAL|CUAUHTEMOC |1582 ||FORMANDO HOGAR |VERACRUZ|91897|VERACRUZ|RAZ|GUZMAN||2299381259|#N/D
1672A|cs1672a|1672|NANCHITAL 2|VERACRUZ|A|SUCURSAL|BENITO JUAREZ |41 ||1° (PRIMERO) DE MAYO |NANCHITAL DE LAZARO CARDENAS DEL|96360|VERACRUZ|NIÑOS HEROES|VERACRUZ||9212160640|#N/D
1687A|cs1687a|1687|VERACRUZ 26|VERACRUZ|A|SUCURSAL|M. ARISTA |861 ||CENTRO |VERACRUZ|91700|VERACRUZ|ESQ. 5 DE MAYO|||2293751212|#N/D
1690A|cs1690a|1690|CUITLAHUAC 3, VER.|VERACRUZ|A|SUCURSAL|1 (UNO) |1501 |LOCAL B|ALTAMIRANO |CUITLAHUAC|94910|VERACRUZ|ESQUINA CALLE 15|||2787320261|#N/D
1774A|cs1774a|1774|XALAPA 8|VERACRUZ|A|SUCURSAL|CAÑON DEL COLORADO |23 |S/N|LOMAS DE CASA BLANCA |XALAPA|91164|VERACRUZ|ESQUINA CON AV. MONTES HIMALAYA|||2288100767|#N/D
1801A|cs1801a|1801|JUCHIQUE DE FERRER, VER|VERACRUZ|A|SUCURSAL|REFORMA |S/N ||JUCHIQUE DE FERRER |JUCHIQUE DE FERRER|91440|VERACRUZ|BENITO JUAREZ|||2798310258|#N/D
1819A|cs1819a|1819|EL HIGO 2|VERACRUZ|A|SUCURSAL|FRANCISCO I. MADERO |37 ||ZONA CENTRO |EL HIGO|92400|VERACRUZ|ESQUINA 1 DE MAYO|||4893750265|#N/D
1827A|cs1827a|1827|JALTIPAN 3|VERACRUZ|A|SUCURSAL|LERDO DE TEJADA |707-A ||CENTRO |JALTIPAN|96200|VERACRUZ|ADOLFO LOPEZ MATEOS|||9222642584|#N/D
1829A|cs1829a|1829|PUEBLO VIEJO 2|VERACRUZ|A|SUCURSAL|INSURGENTES |S/N ||CALIFORNIA |PUEBLO VIEJO|92030|VERACRUZ|12 DE MAYO|JOSE MA. MORELOS Y PAVON||8332781277|#N/D
1872A|cs1872a|1872|ORIZABA 8|VERACRUZ|A|SUCURSAL|NORTE 3 |23-A ||CENTRO |ORIZABA|94300|VERACRUZ|AV. COLON PONIENTE|||2726886321|#N/D
1875A|cs1875a|1875|HUATUSCO 3|VERACRUZ|A|SUCURSAL|6 SUR |S/N |LOCAL 1|ZONA CENTRO |HUATUSCO|94100|VERACRUZ|ESQUINA CALLE 7 PONIENTE|||2737342731|#N/D
1894A|cs1894a|1894|JAMAPA 1, VER|VERACRUZ|A|SUCURSAL|VERACRUZ SUR |S/N |LOCAL A|JAMAPA |JAMAPA|94260|VERACRUZ|ORIENTE UNO|ORIENTE TRES||2856883278|#N/D
1924A|cs1924a|1924|HIDALGOTITLAN, VER|VERACRUZ|A|SUCURSAL|FRANCISCO I. MADERO |S/N ||HIDALGOTITLAN |HIDALGOTITLAN|96930|VERACRUZ|GUTIERREZ ZAMORA|CONSTITUCION|||#N/D
1927A|cs1927a|1927|XALAPA 9|VERACRUZ|A|SUCURSAL|PRINCIPAL |26 |LOCAL 2|LAS TRANCAS |XALAPA|91194|VERACRUZ|PABLO PLAYAS|AVENIDA LAS TRANCAS||2286886953|#N/D
1949A|cs1949a|1949|TEXISTEPEC, VER|VERACRUZ|A|SUCURSAL|PLAZA ZARAGOZA |80 ALTOS ||CENTRO |TEXISTEPEC|96180|VERACRUZ|HOLANDA|MIGUEL ALEMAN||9244887901|#N/D
1955A|cs1955a|1955|RIO BLANCO 3|VERACRUZ|A|SUCURSAL|NORTE 26 |1 |P.B.|HOSPITALITO |RIO BLANCO|94732|VERACRUZ|AVENIDA CAMINO NACIONAL|||2726885556|#N/D
1991A|cs1991a|1991|XALAPA 10|VERACRUZ|A|SUCURSAL|EUROPA |220 |LOCAL 104|FRACCIONAMIENTO INGENIO CENTRAL DE ABASTOS|XALAPA|91193|VERACRUZ|ESQUINA PORFIRIO DIAZ|||2286882925|#N/D
1992A|cs1992a|1992|COATZACOALCOS 7|VERACRUZ|A|SUCURSAL|NICOLAS BRAVO |123 ||CENTRO |COATZACOALCOS|96400|VERACRUZ|CON ROMAN MARIN|||9216882495|#N/D
1996A|cs1996a|1996|BOCA DEL RIO 7|VERACRUZ|A|SUCURSAL|PASEO JARDIN |429 ||FRACCIONAMIENTO VIRGINIA |BOCA DEL RIO|94294|VERACRUZ|CON CALLE CONQUISTADORES|||2296884878|#N/D
1998A|cs1998a|1998|MINATITLAN 9|VERACRUZ|A|SUCURSAL|ATENAS |LOTE 9 MANZANA 5|LOCAL 4|MIGUEL HIDALGO |MINATITLAN|96770|VERACRUZ|BELINDA|REFORMA||9226883224|#N/D
2030A|cs2030a|2030|MINATITLAN 10|VERACRUZ|A|SUCURSAL|18 DE OCTUBRE |110 ||BOHEMIA |MINATITLAN|96736|VERACRUZ|CHIAPAS|COAHUILA||9221171260|#N/D
2039A|cs2039a|2039|XALAPA 11|VERACRUZ|A|SUCURSAL|MEXICO |8 ||LA LAGUNILLA |XALAPA|91119|VERACRUZ|5 DE MAYO|XALAPA-BANDERILLA||2281293007|#N/D
2051A|cs2051a|2051|VERACRUZ 28|VERACRUZ|A|SUCURSAL|INDEPENDENCIA |1638 ||CENTRO |VERACRUZ|91700|VERACRUZ|MELCHOR OCAMPO|FRANCISCO CANAL||2291675688|#N/D
2069A|cs2069a|2069|VERACRUZ 29|VERACRUZ|A|SUCURSAL|RIO IGUAZU |505 |MANZANA 33|BOSQUES DE RIO MEDIO |VERACRUZ|91809|VERACRUZ|RIO GUADALQUIVIR|RIO TAJO|RIO TAJO|2292162363|#N/D
2089A|cs2089a|2089|ORIZABA 10|VERACRUZ|A|SUCURSAL|5 |115-A ||RAFAEL ALVARADO FDZ |ORIZABA|94340|VERACRUZ|ESQUINA CALLE 2|||2726881029|#N/D
2098A|cs2098a|2098|VERACRUZ 30|VERACRUZ|A|SUCURSAL|HACIENDA REAL |LOTE 41 |FRACCION B|FRACCIONAMIENTO COSTA DORADA |VERACRUZ|91808|VERACRUZ|HACIENDA LAS GAVIOTAS|||2291568219|#N/D
2127A|cs2127a|2127|VERACRUZ 31|VERACRUZ|A|SUCURSAL|PASEO FLORESTA ORIENTE |LT 1 MZ 48 ||FLORESTA 80 |VERACRUZ|91948|VERACRUZ|ESQ. NISPERO|||2291652924|#N/D
2146A|cs2146a|2146|VERACRUZ 32|VERACRUZ|A|SUCURSAL|IZOTE |612 |A|TARIMOYA III |VERACRUZ|91855|VERACRUZ|POCHOTA CUAJILOTE|||2295380893|#N/D
2151A|cs2151a|2151|COSAMALOAPAN 4|VERACRUZ|A|SUCURSAL|CARRETERA FEDERAL |3310 ||COSAMALOAPAN DE CARPIO CENTRO |COSAMALOAPAN|95400|VERACRUZ|A CERRO TORRES|LIBERTAD||2886880491|#N/D
2172A|cs2172a|2172|VERACRUZ 33|VERACRUZ|A|SUCURSAL|PAPANTLA |2032 ||CHAPULTEPEC |VERACRUZ|91740|VERACRUZ|CHAPULTEPEC|VICENTE SUAREZ||2299802074|#N/D
2173A|cs2173a|2173|XALAPA 12|VERACRUZ|A|SUCURSAL|EBANO |S/N |L-3 M-9|VERACRUZ |XALAPA|91018|VERACRUZ|TRES VALLES|NOGALES||2288439915|#N/D
2174A|cs2174a|2174|BOCA DEL RIO 8|VERACRUZ|A|SUCURSAL|GRACIANO SANCHEZ |2670 ||VENUSTIANO CARRANZA |BOCA DEL RIO|94297|VERACRUZ|20|PINO||2293878489|#N/D
2198A|cs2198a|2198|ACAYUCAN 4|VERACRUZ|A|SUCURSAL|HIDALGO |2000 ||BARRIO DE SAN DIEGO |ACAYUCAN|96055|VERACRUZ|ESQ. J. MA. MORELOS|||9242454709|#N/D
2216A|cs2216a|2216|HUATUSCO 4|VERACRUZ|A|SUCURSAL|28 NORTE |4 ||RESERVA TERRITORIAL |HUATUSCO|94106|VERACRUZ|AV. 13 PONIENTE|||2734884716|#N/D
2222A|cs2222a|2222|VERACRUZ 34|VERACRUZ|A|SUCURSAL|LEONARDO PASQUEL |230 |A|LAS BRISAS |VERACRUZ|91809|VERACRUZ|ZENZONTLE|AGUILA REAL||2299865161|#N/D
2232A|cs2232a|2232|SOLEDAD DE DOBLADO 2|VERACRUZ|A|SUCURSAL|2 DE ABRIL |S/N |LOCAL 1|SONORA |SOLEDAD DE DOBLADO|94244|VERACRUZ|ESQ. PROLONGACION FRANCISCO JAVIER MINA||||#N/D
2234A|cs2234a|2234|VERACRUZ 36|VERACRUZ|A|SUCURSAL|JUAN SOTO |413 ||CENTRO |VERACRUZ|91700|VERACRUZ|ESQ. AVENIDA IGNACIO ALLENDE|||2299327479|#N/D
2236A|cs2236a|2236|ORIZABA 11|VERACRUZ|A|SUCURSAL|2 |150-B ||AGRICOLA LIBRADO RIVERA |ORIZABA|94380|VERACRUZ|ESQ. 3A PRIVADA DE AVENIDA 1|CALLE 4|AVENIDA 1||#N/D
2237A|cs2237a|2237|ORIZABA 12|VERACRUZ|A|SUCURSAL|VICENTE GUERRERO |243-A ||BARRIO NUEVO |ORIZABA|94340|VERACRUZ|HEROES DE CHAPULTEPEC|LEONA VICARIO|INDEPENDENCIA||#N/D
2242A|cs2242a|2242|TOTUTLA VER|VERACRUZ|A|SUCURSAL|MIGUEL ALEMAN |83 |S/N|TOTUTLA |TOTUTLA|94050|VERACRUZ|ESCOLAR|BENITO JUAREZ||2736881651|#N/D
2249A|cs2249a|2249|COSOLEACAQUE |VERACRUZ|A|SUCURSAL|LOPEZ MATEOS |84 |A|GUSTAVO DIAZ ORDAZ |COSOLEACAQUE|96344|VERACRUZ|ESQ. DIAZ MIRON|||9222224912|#N/D
2252A|cs2252a|2252|VERACRUZ 37 |VERACRUZ|A|SUCURSAL|5 DE MAYO |1825 ||CENTRO |VERACRUZ|91700|VERACRUZ|ESQ. AV. GONZALEZ PAGES|||2291926415|#N/D
225A|cs0225a|225|MINATITLAN 1|VERACRUZ|A|SUCURSAL|MIGUEL HIDALGO |115 |A|CENTRO |MINATITLAN|96700|VERACRUZ|JOSE ARENAS|V. CARRANZA||9222229497|#N/D
225B|cs0225b|225|MINATITLAN 1|VERACRUZ|B|SUCURSAL|MIGUEL HIDALGO |115 |A|CENTRO |MINATITLAN|96700|VERACRUZ|JOSE ARENAS|V. CARRANZA||9222229497|#N/D
225C|cs0225c|225|MINATITLAN 1|VERACRUZ|C|SUCURSAL|MIGUEL HIDALGO |115 |A|CENTRO |MINATITLAN|96700|VERACRUZ|JOSE ARENAS|V. CARRANZA||9222229497|#N/D
2262A|cs2262a|2262|COATZACOALCOS 8 |VERACRUZ|A|SUCURSAL|MIGUEL ANGEL DE QUEVEDO |3014 ||GUADALUPE VICTORIA |COATZACOALCOS|96520|VERACRUZ|ESQUINA NIÑOS HEROES||||#N/D
2267A|cs2267a|2267|BOCA DEL RIO 9|VERACRUZ|A|SUCURSAL|VIA MUERTA |L-23 M-7 ||LUIS ECHEVERRIA ALVAREZ |BOCA DEL RIO|94298|VERACRUZ|ESPAÑA|||2296884943|#N/D
2283A|cs2283a|2283|CORDOBA 17|VERACRUZ|A|SUCURSAL|1 |110 |LOCAL 1120|CENTRO |CORDOBA|94500|VERACRUZ|ESQ. CALLE 13|||2717147328|#N/D
2303A|cs2303a|2303|NANCHITAL 3|VERACRUZ|A|SUCURSAL|LAZARO CARDENAS |37 ||BENITO JUAREZ |NANCHITAL DE LAZARO CARDENAS DEL RIO|96360|VERACRUZ|CONSTITUCION|EMILIANO ZAPATA||9212162999|#N/D
2327A|cs2327a|2327|BOCA DEL RIO 10 |VERACRUZ|A|SUCURSAL|SOLDADORES |LT 6 MZ 65-B|3|VILLA RICA |BOCA DEL RIO|94298|VERACRUZ|ESQ. DONATO CASAS|||2299567489|#N/D
2335A|cs2335a|2335|COMAPA 1, VER|VERACRUZ|A|SUCURSAL|BOCA DEL MONTE |S/N ||ZONA CENTRO |COMAPA|94200|VERACRUZ|LAZARO CARDENAS|PORFIRIO DIAZ||2737324175|#N/D
233A|cs0233a|233|COSAMALOAPAN 1|VERACRUZ|A|SUCURSAL|MIGUEL HIDALGO |S/N ||CENTRO |COSAMALOAPAN|95400|VERACRUZ|ESQ. MELCHOR OCAMPO|RUIZ CORTINEZ||2888824989|#N/D
233C|cs0233c|233|COSAMALOAPAN 1|VERACRUZ|C|SUCURSAL|MIGUEL HIDALGO |S/N ||CENTRO |COSAMALOAPAN|95400|VERACRUZ|ESQ. MELCHOR OCAMPO|RUIZ CORTINEZ||2888824989|#N/D
2353A|cs2353a|2353|XALAPA 13|VERACRUZ|A|SUCURSAL|RAFAEL MURILLO VIDAL |13 ||ZONA CENTRO |XALAPA|91000|VERACRUZ|ESQ. MOCTEZUMA|||2288173603|#N/D
2359A|cs2359a|2359|ISLA 3|VERACRUZ|A|SUCURSAL|FLORES MAGON |S/N ||ISLA CENTRO |ISLA|95640|VERACRUZ|ESQ. CUAUHTEMOC|||2838743331|#N/D
2377A|cs2377a|2377|MINATITLAN 11|VERACRUZ|A|SUCURSAL|MINATITLAN |4 ||NUEVA TACOTENO |MINATITLAN|96735|VERACRUZ|LA VENTA|AZCAPOTZALCO|||#N/D
2380A|cs2380a|2380|ORIZABA 13|VERACRUZ|A|SUCURSAL|CENSOS |S/N ||EL ESPINAL |ORIZABA|94330|VERACRUZ|ESQUINA 16 DE SEPTIEMBRE|||2726889068|#N/D
2416A|cs2416a|2416|CORDOBA 18|VERACRUZ|A|SUCURSAL|3 |226 ||CENTRO |CORDOBA|94500|VERACRUZ|2|4||2711173257|#N/D
2437A|cs2437a|2437|JALTIPAN 4|VERACRUZ|A|SUCURSAL|TRANSISTMICA |1407 ||CENTRO |JALTIPAN|96200|VERACRUZ|MORELOS|INDEPENDENCIA||9221102451|#N/D
2448A|cs2448a|2448|AMATITLAN 1, VER|VERACRUZ|A|SUCURSAL|BENITO JUAREZ |94 ||CENTRO |AMATITLAN|95450|VERACRUZ|CALLE MANUEL AVILA CAMACHO|||2886880080|#N/D
2450A|cs2450a|2450|ORIZABA 14|VERACRUZ|A|SUCURSAL|ORIENTE 6 |679 |LOCAL 1 Y 2|CENTRO |ORIZABA|94300|VERACRUZ|AVENIDA SUR 13|SUR 15||2721159078|#N/D
2454A|cs2454a|2454|VERACRUZ 38|VERACRUZ|A|SUCURSAL|I. ALLENDE |1891 |LOCAL 1 Y 3|ZONA CENTRO |VERACRUZ|91700|VERACRUZ|FRANCISCO CANAL|ESTEBAN MORALES||2291952395|#N/D
2464A|cs2464a|2464|ORIZABA 15|VERACRUZ|A|SUCURSAL|PONIENTE 7 |713 ||CENTRO |ORIZABA|94300|VERACRUZ|SUR 12|SUR 16||2721157566|#N/D
249A|cs0249a|249|AGUA DULCE 1|VERACRUZ|A|SUCURSAL|OBRERA |S/N |LC 20|CENTRO |AGUA DULCE|96600|VERACRUZ|BARBERAN|COLLAR||9232334574|#N/D
265A|cs0265a|265|JALAPA 1|VERACRUZ|A|SUCURSAL|ATENAS VERACRUZANAS |507 ||REVOLUCION |XALAPA|91100|VERACRUZ|JOSE ANTONIO TORRES|IGNACIO COMONFORT||2288425325|#N/D
265B|cs0265b|265|JALAPA 1|VERACRUZ|B|SUCURSAL|ATENAS VERACRUZANAS |507 ||REVOLUCION |XALAPA|91100|VERACRUZ|JOSE ANTONIO TORRES|IGNACIO COMONFORT||2288425325|#N/D
277A|cs0277a|277|TIERRA BLANCA 1|VERACRUZ|A|SUCURSAL|INDEPENDENCIA |500 |LC G|TIERRA BLANCA |TIERRA BLANCA|95100|VERACRUZ|AV. FRANCISCO I. MADERO|AV. BENITO JUAREZ||2747430509|#N/D
29A|cs0029a|29|VERACRUZ 1|VERACRUZ|A|SUCURSAL|HIDALGO |1087 ||VERACRUZ CENTRO |VERACRUZ|91700|VERACRUZ|HERNAN CORTES|JUAN SOTO||2299329626|#N/D
29B|cs0029b|29|VERACRUZ 1|VERACRUZ|B|SUCURSAL|HIDALGO |1087 ||VERACRUZ CENTRO |VERACRUZ|91700|VERACRUZ|HERNAN CORTES|JUAN SOTO||2299329626|#N/D
29C|cs0029c|29|VERACRUZ 1|VERACRUZ|C|SUCURSAL|HIDALGO |1087 ||VERACRUZ CENTRO |VERACRUZ|91700|VERACRUZ|HERNAN CORTES|JUAN SOTO||2299329626|#N/D
301A|cs0301a|301|COATZACOALCOS 2|VERACRUZ|A|SUCURSAL|UNIVERSIDAD VERACRUZANA |2109 ||EMILIANO ZAPATA |COATZACOALCOS|96560|VERACRUZ|PLAN DE AYALA|FRANCISCO LOPEZ LARA||9212138849|#N/D
301B|cs0301b|301|COATZACOALCOS 2|VERACRUZ|B|SUCURSAL|UNIVERSIDAD VERACRUZANA |2109 ||EMILIANO ZAPATA |COATZACOALCOS|96560|VERACRUZ|PLAN DE AYALA|FRANCISCO LOPEZ LARA||9212138849|#N/D
301C|cs0301c|301|COATZACOALCOS 2|VERACRUZ|C|SUCURSAL|UNIVERSIDAD VERACRUZANA |2109 ||EMILIANO ZAPATA |COATZACOALCOS|96560|VERACRUZ|PLAN DE AYALA|FRANCISCO LOPEZ LARA||9212138849|#N/D
325A|cs0325a|325|ORIZABA 2|VERACRUZ|A|SUCURSAL|NORTE 2 |277 ||CENTRO |ORIZABA|94300|VERACRUZ|ORIENTE 5|ORIENTE 7||2727258435|#N/D
369A|cs0369a|369|EL HIGO|VERACRUZ|A|SUCURSAL|FRANCISCO I MADERO |22 ||EL HIGO CENTRO |EL HIGO|92400|VERACRUZ|5 DE FEBRERO|18 DE MARZO||4893750942|#N/D
441A|cs0441a|441|ACAYUCAN 1|VERACRUZ|A|SUCURSAL|JUAN DE LA LUZ ENRIQUEZ |308 |B|ACAYUCAN CENTRO |ACAYUCAN|96000|VERACRUZ|GUTIERREZ ZAMORA|VAZQUEZ GOMEZ||9242459020|#N/D
441B|cs0441b|441|ACAYUCAN 1|VERACRUZ|B|SUCURSAL|JUAN DE LA LUZ ENRIQUEZ |308 |B|ACAYUCAN CENTRO |ACAYUCAN|96000|VERACRUZ|GUTIERREZ ZAMORA|VAZQUEZ GOMEZ||9242459020|#N/D
446A|cs0446a|446|VERACRUZ 5|VERACRUZ|A|SUCURSAL|N. BRAVO |1013 ||CENTRO |VERACRUZ|91700|VERACRUZ|FRANCISCO CANAL|HERNAN CORTES||2299319690|#N/D
455A|cs0455a|455|VERACRUZ 6|VERACRUZ|A|SUCURSAL|VICTOR SANCHEZ |1725 ||RIO MEDIO |VERACRUZ|91890|VERACRUZ|ESQ. RIO MAGDALENA|||2299869026|#N/D
458A|cs0458a|458|VERACRUZ 7|VERACRUZ|A|SUCURSAL|SALVADOR DIAZ MIRON |361 |LC 2|CENTRO |VERACRUZ|91700|VERACRUZ|ABASOLO|PASO TRONCOSO||2299319871|#N/D
465A|cs0465a|465|JALAPA 4|VERACRUZ|A|SUCURSAL|ENRIQUEZ |13 |2|CENTRO |XALAPA|91000|VERACRUZ|DOCTOR LUCIO|FELIPE CARRILLO PUERTO||2288419013|#N/D
469A|cs0469a|469|BOCA DEL RIO 1|VERACRUZ|A|SUCURSAL|HIDALGO |307 ||CENTRO |BOCA DEL RIO|94290|VERACRUZ|ESQUINA REVOLUCION|||2299863775|#N/D
493A|cs0493a|493|CUITLAHUAC VER.|VERACRUZ|A|SUCURSAL|2 |12 ||CENTRO |CUITLAHUAC|94910|VERACRUZ|AVENIDA 1|AVENIDA 4||2787325664|#N/D
529A|cs0529a|529|MISANTLA 1|VERACRUZ|A|SUCURSAL|COMONFORT |114 ||CENTRO |MISANTLA|93820|VERACRUZ|ESQ. ROJAS|||2353234245|#N/D
531A|cs0531a|531|TIERRA BLANCA 2|VERACRUZ|A|SUCURSAL|SERDAN |311 ||CENTRO |TIERRA BLANCA|95100|VERACRUZ|LIBERTAD|CONSTITUCION||2747436740|#N/D
536A|cs0536a|536|SOLEDAD DE DOBLADO|VERACRUZ|A|SUCURSAL|MARIANO ABASOLO |101 ||CENTRO |SOLEDAD DE DOBLADO|94240|VERACRUZ|ESQ. MORELOS|||2859721093|#N/D
538A|cs0538a|538|OZULUAMA|VERACRUZ|A|SUCURSAL|MORELOS |S/N ||CENTRO |OZULUAMA DE MASCAREÑAS|92080|VERACRUZ|RAFAEL RODRIGUEZ|LERDO DE TEJADA||8462570595|#N/D
542A|cs0542a|542|HUATUSCO|VERACRUZ|A|SUCURSAL|2 PONIENTE |413 ||CENTRO |HUATUSCO|94100|VERACRUZ|CALLE 2|CALLE 4||2737343692|#N/D
542B|cs0542b|542|HUATUSCO|VERACRUZ|B|SUCURSAL|2 PONIENTE |413 ||CENTRO |HUATUSCO|94100|VERACRUZ|CALLE 2|CALLE 4||2737343692|#N/D
543A|cs0543a|543|ISLA 1|VERACRUZ|A|SUCURSAL|16 DE SEPTIEMBRE |S/N ||CENTRO |ISLA|95640|VERACRUZ|RAUL SANDOVAL|5 DE MAYO||2838742645|#N/D
550A|cs0550a|550|VERACRUZ 2|VERACRUZ|A|SUCURSAL|SALVADOR DIAZ MIRON |4265 ||DEL MAESTRO |VERACRUZ|91920|VERACRUZ|15 DE MAYO|CABAÑAS||2291301869|#N/D
552A|cs0552a|552|BOCA DEL RIO 2|VERACRUZ|A|SUCURSAL|COSTA DORADA |500-A ||COSTA VERDE |BOCA DEL RIO|94294|VERACRUZ|ESQ. CALZADA RUIZ CORTINEZ|||2291302284|#N/D
554A|cs0554a|554|RIO BLANCO 1|VERACRUZ|A|SUCURSAL|MEXICO |33 ||CENTRO |RIO BLANCO|94730|VERACRUZ|ESQUINA SUR 3|||2727277386|#N/D
564A|cs0564a|564|TEZONAPA|VERACRUZ|A|SUCURSAL|DE LOS PINOS |8 |A|CENTRO |TEZONAPA|95096|VERACRUZ|AGUSTIN PEÑA|5 DE MAYO||2787361125|#N/D
570A|cs0570a|570|NANCHITAL|VERACRUZ|A|SUCURSAL|BENITO JUAREZ |4 ||CENTRO |NANCHITAL DE LAZARO CARDENAS DEL|96360|VERACRUZ|LAZARO CARDENAS|HIDALGO||9212164090|#N/D
667A|cs0667a|667|MINATITLAN 2|VERACRUZ|A|SUCURSAL|VENUSTIANO CARRANZA |9 ||PLAYON SUR |MINATITLAN|96757|VERACRUZ|AMELIA RIVEROLL|IGNACIO ALLENDE||9222257875|#N/D
668A|cs0668a|668|COSAMALOAPAN 2|VERACRUZ|A|SUCURSAL|HERMENEGILDO GALEANA |MZA 13 |LT 09|COSAMALOAPAN DE CARPIO |COSAMALOAPAN|95400|VERACRUZ|ESQUINA RUIZ CORTINEZ|||2888824108|#N/D
7003A|cf7003a|7003|POZA RICA 1|VERACRUZ|A|FRANQUICIA|16 DE SEPTIEMBRE|S/N||TAJIN|POZA RICA DE HIDALGO|93330|VERACRUZ|ESQ. MARIANO ARISTA|0|0|7828233091|#N/D
7003B|cf7003b|7003|POZA RICA 1|VERACRUZ|B|FRANQUICIA|16 DE SEPTIEMBRE|S/N||TAJIN|POZA RICA DE HIDALGO|93330|VERACRUZ|ESQ. MARIANO ARISTA|0|0|7828233091|#N/D
7003C|cf7003c|7003|POZA RICA 1|VERACRUZ|C|FRANQUICIA|16 DE SEPTIEMBRE|S/N||TAJIN|POZA RICA DE HIDALGO|93330|VERACRUZ|ESQ. MARIANO ARISTA|0|0|7828233091|#N/D
7003D|cf7003d|7003|POZA RICA 1|VERACRUZ|D|FRANQUICIA|16 DE SEPTIEMBRE|S/N||TAJIN|POZA RICA DE HIDALGO|93330|VERACRUZ|ESQ. MARIANO ARISTA|0|0|7828233091|#N/D
7003E|cf7003e|7003|POZA RICA 1|VERACRUZ|E|FRANQUICIA|16 DE SEPTIEMBRE|S/N||TAJIN|POZA RICA DE HIDALGO|93330|VERACRUZ|ESQ. MARIANO ARISTA|0|0|7828233091|#N/D
7019A|cf7019a|7019|TUXPAM 1|VERACRUZ|A|FRANQUICIA|GENARO RODRIGUEZ|14|B|TUXPAM DE RODRIGUEZ CANO CENTRO|TUXPAN|92800|VERACRUZ|GRAL PRIM|MUTUALISMO|0|7838351172|#N/D
7019B|cf7019b|7019|TUXPAM 1|VERACRUZ|B|FRANQUICIA|GENARO RODRIGUEZ|14|B|TUXPAM DE RODRIGUEZ CANO CENTRO|TUXPAN|92800|VERACRUZ|GRAL PRIM|MUTUALISMO|0|7838351172|#N/D
7019C|cf7019c|7019|TUXPAM 1|VERACRUZ|C|FRANQUICIA|GENARO RODRIGUEZ|14|B|TUXPAM DE RODRIGUEZ CANO CENTRO|TUXPAN|92800|VERACRUZ|GRAL PRIM|MUTUALISMO|0|7838351172|#N/D
7097A|cf7097a|7097|MARTINEZ DE LA TORRE 1, VER|VERACRUZ|A|FRANQUICIA|MAXIMINO AVILA CAMACHO|605||MARTINEZ DE LA TORRE CENTRO|MARTINEZ DE LA TORRE|93600|VERACRUZ|IGNACIO ALDAMA|IGNACIO LOPEZ RAYON|0|2323244554|#N/D
71005A|cf71005a|71005|POZA RICA 13|VERACRUZ|A|FRANQUICIA|CENTRAL PONIENTE|15||PETROMEX|POZA RICA DE HIDALGO|93290|VERACRUZ|AZCAPOTZALCO|SALAMANCA|0|7821252083|#N/D
71088A|cf71088a|71088|XALAPA 8, VER|VERACRUZ|A|FRANQUICIA|SALVADOR DIAZ MIRON|23||LOMAS DEL ESTADIO|XALAPA|91090|VERACRUZ|ENRIQUE C. REBSAMEN|LOMAS DEL ESTADIO|CTO. PRESIDENTES|2288173856|#N/D
71091A|cf71091a|71091|EMILIANO ZAPATA 2, VER|VERACRUZ|A|FRANQUICIA|INDEPENDENCIA|S/N||RINCONADA|EMILIANO ZAPATA|91634|VERACRUZ|PINO SUAREZ|INSURGENTES|JAVIER MINA|2798220783|#N/D
71092A|cf71092a|71092|VERACRUZ 19|VERACRUZ|A|FRANQUICIA|CUAUHTEMOC|2853||VERACRUZ CENTRO|VERACRUZ|91700|VERACRUZ|ESQ, AQUILES SERDAN|0|0|2291785682|#N/D
71140A|cf71140a|71140|XALAPA 1, VER|VERACRUZ|A|FRANQUICIA|CHILPANCINGO|415|B|PROGRESO MACUILTEPETL|XALAPA|91130|VERACRUZ|NUEVO LEON|COAHUILA|0|2288403007|#N/D
7122A|cf7122a|7122|TLAPACOYAN 1, VER|VERACRUZ|A|FRANQUICIA|CUAUHTEMOC|400||TLAPACOYAN CENTRO|TLAPACOYAN|93650|VERACRUZ|HEROES TLAPACOYAN|PROLONGACION FERRER|0|2253152080|#N/D
71231A|cf71231a|71231|IXHUATLAN DEL SURESTE 1, VER|VERACRUZ|A|FRANQUICIA|MIGUEL HIDALGO|104-2||IXHUATLAN DEL SURESTE|IXHUATLAN DEL SURESTE|96365|VERACRUZ|CALLEJON BENITO JUAREZ|20 DE NOVIEMBRE|JAVIER ALEGRE|9212199313|#N/D
71264A|cf71264a|71264|JUAN RODRIGUEZ CLARA 1|VERACRUZ|A|FRANQUICIA|BENITO JUAREZ|S/N||JUAN RODRIGUEZ CLARA CENTRO|JUAN RODRIGUEZ CLARA|95690|VERACRUZ|MAURILIO CORTES|MIGUEL HIDALGO|0|2838771848|#N/D
71269A|cf71269a|71269|VERACRUZ 20|VERACRUZ|A|FRANQUICIA|MARINA FERNANDEZ DE ALVAREZ|159||VILLA RICA|VERACRUZ|91779|VERACRUZ|DRA. ISABEL CARREON|AV. AMPARO DE LA TORRE DE|0|2293750589|#N/D
71302A|cf71302a|71302|MINATITLAN 1|VERACRUZ|A|FRANQUICIA|INSTITUTO TECNOLOGICO|264||LA FUENTE|MINATITLAN|96729|VERACRUZ|RIO PAPALOAPAN|BERLIN|0|9222417043|#N/D
71315A|cf71315a|71315|COATZACOALCOS 11|VERACRUZ|A|FRANQUICIA|MIGUEL HIDALGO|1126||COATZACOALCOS CENTRO|COATZACOALCOS|96400|VERACRUZ|PEDRO MORENO|MARIANO ABASOLO|BENITO JUAREZ|9211640424|#N/D
71328A|cf71328a|71328|CATEMACO 1, VER|VERACRUZ|A|FRANQUICIA|GARCIA MANTILLA|S/N||CATEMACO CENTRO|CATEMACO|95870|VERACRUZ|VENUSTIANO CARRANZA|CUAUHTEMOC|0|2949432009|#N/D
71330A|cf71330a|71330|CATEMACO 2, VER|VERACRUZ|A|FRANQUICIA|VENUSTIANO CARRANZA|S/N||CATEMACO CENTRO|CATEMACO|95870|VERACRUZ|MARIA BOETTIGER|GUILLERMO PRIETO|MINA|2949437019|#N/D
71358A|cf71358a|71358|POZA RICA 4|VERACRUZ|A|FRANQUICIA|LAZARO CARDENAS|805||MORELOS|POZA RICA DE HIDALGO|93340|VERACRUZ|SILVERIO PEREZ|MARISCAL SUCRE|GAONA|7828237734|#N/D
71372A|cf71372a|71372|XALAPA 4, VER|VERACRUZ|A|FRANQUICIA|LUCIO BLANCO|29||OBRERO CAMPESINA|XALAPA|91020|VERACRUZ|FCO. MATEO|SANTIAGO BONILLA|JOSE RODRIGUEZ|2288141433|#N/D
71409A|cf71409a|71409|TUXPAM 2|VERACRUZ|A|FRANQUICIA|PIPILA|8|LETRA C|TUXPAM DE RODRIGUEZ CANO CENTRO|TUXPAN|92800|VERACRUZ|JOSE GARIZURIETA|BENITO JUAREZ|GENARO RODRIGUEZ|7838354102|#N/D
71473A|cf71473a|71473|XICO 1, VER|VERACRUZ|A|FRANQUICIA|MIGUEL HIDALGO|127||XICO|XICO|91240|VERACRUZ|ESQ. GUADALUPE VICTORIA|JOSEFA ORTIZ DE DOMINGUEZ|JOSE MARIA MORELOS Y PAVON|2281298101|#N/D
71515A|cf71515a|71515|VERACRUZ 21|VERACRUZ|A|FRANQUICIA|VERACRUZ|1183|LOCALES DYE|PLAYA LINDA|VERACRUZ|91810|VERACRUZ|PLAYA ROQUETA|PLAYA SACRIFICIOS|PLAYA LOS BUJAS|2299677429|#N/D
71554A|cf71554a|71554|VERACRUZ 22, VER|VERACRUZ|A|FRANQUICIA|EJERCITO MEXICANO|42||TEJERIA|VERACRUZ|91697|VERACRUZ|AV. URSULO GALVAN|AV. HIPOLITO SALDAÑA|0|2299209434|#N/D
71570A|cf71570a|71570|EMILIANO ZAPATA 1, VER|VERACRUZ|A|FRANQUICIA|LAS TRANCAS - COATEPEC|KM. 0 +  800|LOCAL C|LAS TRANCAS|EMILIANO ZAPATA|91637|VERACRUZ|PROL. BUGAMBILIAS|HACIENDA OCHIL|0|2282021570|#N/D
71576A|cf71576a|71576|SANTIAGO TUXTLA 2|VERACRUZ|A|FRANQUICIA|FEDERAL VERACRUZ-MINATITLAN|S/N|LOCAL C|SANTIAGO TUXTLA CENTRO|SANTIAGO TUXTLA|95830|VERACRUZ|VICENTE GUERRERO|CUAUHTEMOC|0|2949471326|#N/D
71593A|cf71593a|71593|TAMIAHUA 2, VER|VERACRUZ|A|FRANQUICIA|MIGUEL HIDALGO NORTE|7||TAMIAHUA|TAMIAHUA|92560|VERACRUZ|CLL. ADOLFO RUIZ CORTINEZ|CLL. FRANCISCO I. MADERO|AV. BENITO JUAREZ|7688570254|#N/D
71602A|cf71602a|71602|TUXPAM 3|VERACRUZ|A|FRANQUICIA|GENERAL PRIM|3|B|TUXPAM DE RODRIGUEZ CANO CENTRO|TUXPAN|92800|VERACRUZ|CLL. GENARO RODRIGUEZ|CLL. VICENTE GUERRERO|CLL. CLAVIJERO|7838355118|#N/D
71654A|cf71654a|71654|MINATITLAN 3|VERACRUZ|A|FRANQUICIA|MELCHOR OCAMPO|32|B|INSURGENTES NORTE|MINATITLAN|96710|VERACRUZ|ESQ. DANTE DELGADO|REFORMA|CARRILLO PUERTO|9222213807|#N/D
71691A|cf71691a|71691|JUAN DIAZ COVARRUBIAS 1|VERACRUZ|A|FRANQUICIA|PRINCIPAL|70||JUAN DIAZ COVARRUBIAS CENTRO|HUEYAPAN DE OCAMPO|95850|VERACRUZ|RIVERA DEL RIO|SAN JUAN|0|2949450939|#N/D
71718A|cf71718a|71718|CAZONES DE HERRERA 1|VERACRUZ|A|FRANQUICIA|INDEPENDENCIA|3||CAZONES DE HERRERA CENTRO|CAZONES DE HERRERA|92980|VERACRUZ|ENRIQUE CONTRERAS|ALBERTO GARCIA SOTO|HEROICA VERACRUZ|7848870312|#N/D
71719A|cf71719a|71719|VERACRUZ 24|VERACRUZ|A|FRANQUICIA|DR. VICTOR SANCHEZ TAPIA|764||INFONAVIT LAS BRISAS|VERACRUZ|91809|VERACRUZ|JUAN VICENTE MELO|CABO TEPOCA|CABO HORNOS|2291980631|#N/D
7182A|cf7182a|7182|SAN ANDRES TUXTLA 1, VER|VERACRUZ|A|FRANQUICIA|ALLENDE|64||SAN ANDRES TUXTLA CENTRO|SAN ANDRES TUXTLA|95700|VERACRUZ|16 DE SEPTIEMBRE|ANTONIO C. RASCON|0|2949426608|#N/D
7182B|cf7182b|7182|SAN ANDRES TUXTLA 1, VER|VERACRUZ|B|FRANQUICIA|ALLENDE|64||SAN ANDRES TUXTLA CENTRO|SAN ANDRES TUXTLA|95700|VERACRUZ|16 DE SEPTIEMBRE|ANTONIO C. RASCON|0|2949426608|#N/D
71874A|cf71874a|71874|VERACRUZ 26|VERACRUZ|A|FRANQUICIA|SIMON BOLIVAR|506||REFORMA|VERACRUZ|91919|VERACRUZ|JUAN DE GRIJALVA|23 DE NOVIEMBRE|CRISTOBAL COLON|2291922529|#N/D
71881A|cf71881a|71881|TLACOTALPAN 1, VER|VERACRUZ|A|FRANQUICIA|HERNANDEZ CHAZARO|1||TLACOTALPAN|TLACOTALPAN|95460|VERACRUZ|ESQ. BLVD. GUILLERMO CHAZARO|GUTIERREZ ZAMORA|0|2888842904|#N/D
71897A|cf71897a|71897|COATZACOALCOS 13|VERACRUZ|A|FRANQUICIA|18 DE MARZO|105|LOCALES C,D Y E|ADOLFO LOPEZ MATEOS|COATZACOALCOS|96490|VERACRUZ|CDA. FERROCARRIL|20 DE NOVIEMBRE|MIGUEL HIDALGO|9212159175|#N/D
7189A|cf7189a|7189|PANUCO 1|VERACRUZ|A|FRANQUICIA|BENITO JUAREZ|214||PANUCO CENTRO|PANUCO|93990|VERACRUZ|IGNACIO ALLENDE|AV. FRANCISCO ZARCO|0|8462560101|#N/D
71907A|cf71907a|71907|POZA RICA 14|VERACRUZ|A|FRANQUICIA|ADOLFO RUIZ CORTINEZ|2309|B Y C|LAZARO CARDENAS|POZA RICA DE HIDALGO|93300|VERACRUZ|AGRICULTURA|MICHOACAN|UNION|7828225505|#N/D
7190A|cf7190a|7190|MARTINEZ DE LA TORRE 2, VER|VERACRUZ|A|FRANQUICIA|IGNACIO ZARAGOZA|115||MARTINEZ DE LA TORRE CENTRO|MARTINEZ DE LA TORRE|93600|VERACRUZ|JOSE MARIA MORELOS|MIGUEL HIDALGO|0|2323245600|#N/D
71910A|cf71910a|71910|MINATITLAN 4|VERACRUZ|A|FRANQUICIA|JUSTO SIERRA (LISBOA)|1|C|NUEVA MINA|MINATITLAN|96760|VERACRUZ|MONTEVIDEO|18 DE OCTUBRE|JUAN DE ZUMARRAGA|9223493718|#N/D
71980A|cf71980a|71980|MINATITLAN 5|VERACRUZ|A|FRANQUICIA|BENITO JUAREZ|S/N||BENITO JUAREZ|MINATITLAN|96720|VERACRUZ|ESQ. 21 DE MARZO|0|0|9223494917|#N/D
71984A|cf71984a|71984|COATZACOALCOS 14, VER|VERACRUZ|A|FRANQUICIA|JUAN ESCUTIA|1000||BENITO JUAREZ NORTE|COATZACOALCOS|96576|VERACRUZ|ESQUINA CONSTITUCION|REFORMA|HILARIO RODRIGUEZ MALPICA|9212155240|#N/D
71997A|cf71997a|71997|VERACRUZ 27|VERACRUZ|A|FRANQUICIA|RAFAEL ORTA|302||VISTA MAR|VERACRUZ|91780|VERACRUZ|ESQ. PUESTA DEL SOL|RICARDO WARGNER|CONSTITUYENTES|2299373583|#N/D
72007A|cf72007a|72007|JOSE CARDEL 3, VER|VERACRUZ|A|FRANQUICIA|REVOLUCION|40||JOSE CARDEL CENTRO|LA ANTIGUA|91680|VERACRUZ|ESQ. 21 DE ABRIL|0|0|2969621075|#N/D
72008A|cf72008a|72008|OTEAPAN 1, VER|VERACRUZ|A|FRANQUICIA|PINO SUAREZ|250||OTEAPAN|OTEAPAN|96330|VERACRUZ|ESQ. JOSE MARIA MORELOS|0|0|9222610112|#N/D
72032A|cf72032a|72032|POZA RICA 8|VERACRUZ|A|FRANQUICIA|ANTONIO J. BERMUDEZ|401||FLORES MAGON|POZA RICA DE HIDALGO|93340|VERACRUZ|ESQ. TAMAULIPAS|FCO. JAVIER MINA|NICOLAS BRAVO|7828233108|#N/D
72033A|cf72033a|72033|POZA RICA 7|VERACRUZ|A|FRANQUICIA|ADOLFO RUIZ CORTINEZ|563||TAJIN|POZA RICA DE HIDALGO|93330|VERACRUZ|ESQ. MANLIO FABIO ALTAMIRANO|16 DE SEPTIEMBRE|MARIANO ARISTA|7888233091|#N/D
72046A|cf72046a|72046|XALAPA 9, VER|VERACRUZ|A|FRANQUICIA|CHILPANCINGO|324(322)||PROGRESO MACUILTEPETL|XALAPA|91130|VERACRUZ|CHIHUAHUA|COAHUILA|GUADALAJARA|2288143965|#N/D
72130A|cf72130a|72130|CORDOBA 5, VER|VERACRUZ|A|FRANQUICIA|2|25||EL DORADO|CORDOBA|94557|VERACRUZ|CALLE 2|ANDADOR 7|ANDADOR 5|2717160808|#N/D
72153A|cf72153a|72153|ALAMO TEMAPACHE 2, VER|VERACRUZ|A|FRANQUICIA|BUCARELI|12||CENTRO|ALAMO TEMAPACHE|92730|VERACRUZ|ESQ. HERMENEGILDO AVILES|E. CARRANZA|MAGNOLIA|7658448848|#N/D
72154A|cf72154a|72154|POZA RICA 9|VERACRUZ|A|FRANQUICIA|8 ORIENTE|S/N||OBRERA|POZA RICA DE HIDALGO|93260|VERACRUZ|HERIBERTO KEHOE VICENT|CENTRAL NORTE|COLEGIO MILITAR|7828242077|#N/D
72162A|cf72162a|72162|CERRO AZUL 2|VERACRUZ|A|FRANQUICIA|INDEPENDENCIA|746|LOCALES 22 Y 22 B|CAMPO PRIMERO DE MAYO|CERRO AZUL|92518|VERACRUZ|LOS CEDROS|NIÑOS HEROES|RAFAEL NIETO|7858524145|#N/D
72166A|cf72166a|72166|VERACRUZ 29, VER|VERACRUZ|A|FRANQUICIA|RIO VIÑASCO|997||LOMAS DEL RIO MEDIO III|VERACRUZ|91809|VERACRUZ|ESQ. CABO DOS BAHIAS|RIO PAPALOAPAN|RIO JALTEPEC|2292830779|#N/D
72184A|cf72184a|72184|NARANJOS 2|VERACRUZ|A|FRANQUICIA|LAZARO CARDENAS|44||NARANJOS CENTRO|NARANJOS AMATLAN|92300|VERACRUZ|GENERAL PRIM|POZARICA - TAMPICO|SIN PARALELA|7688555262|#N/D
72186A|cf72186a|72186|SAYULA DE ALEMAN 1, VER|VERACRUZ|A|FRANQUICIA|BENITO JUAREZ|10|LOCAL 1|SAYULA DE ALEMAN|SAYULA DE ALEMAN|96150|VERACRUZ|CORREGIDORA|TRANSISTMICA 185|ALTAMIRANO|9242470178|#N/D
72196A|cf72196a|72196|VERACRUZ 30|VERACRUZ|A|FRANQUICIA|RIO DEVA|181|MZ 20 LT 1-B|LOMAS DE RIO MEDIO IV|VERACRUZ|91809|VERACRUZ|ESQ,. RIO TAJO|RIO MIÑO|RIO NAVA|2291669991|#N/D
721A|cs0721a|721|JALTIPAN 2|VERACRUZ|A|SUCURSAL|LEANDRO VALLE |219 ||JALTIPAN DE MORELOS CENTRO |JALTIPAN|96200|VERACRUZ|ESQ. MORELOS|||9222648612|#N/D
721B|cs0721b|721|JALTIPAN 2|VERACRUZ|B|SUCURSAL|LEANDRO VALLE |219 ||JALTIPAN DE MORELOS CENTRO |JALTIPAN|96200|VERACRUZ|ESQ. MORELOS|||9222648612|#N/D
72207A|cf72207a|72207|TUXPAM 4|VERACRUZ|A|FRANQUICIA|GENERO RODRIGUEZ|25||TUXPAM DE RODRIGUEZ CANO CENTRO|TUXPAN|92800|VERACRUZ|AV. BENITO JUAREZ|GRAL. PRIM|VICENTE GUERRERO|7838343276|#N/D
72228A|cf72228a|72228|VERACRUZ 31|VERACRUZ|A|FRANQUICIA|DR. JOAQUIN PEREA BLANCO|24||CAMINO REAL|VERACRUZ|91800|VERACRUZ|DR. RAFAEL CUERVO X|CAMINO REAL|0|2299241983|#N/D
72244A|cf72244a|72244|BOCA DEL RIO 8|VERACRUZ|A|FRANQUICIA|AGRARIO|2||ESTATUTO JURIDICO|BOCA DEL RIO|94294|VERACRUZ|ESQ. LAZARO CARDENAS|AGRICULTURA|EDUCACION|2299211397|#N/D
72249A|cf72249a|72249|AGUA DULCE 1|VERACRUZ|A|FRANQUICIA|TRANSISMICA|13||DIAZ ORDAZ|AGUA DULCE|96690|VERACRUZ|CONSTITUCION|5 DE FEBRERO|16 DE SEPTIEMBRE|9232335356|#N/D
72265A|cf72265a|72265|BOCA DEL RIO 6|VERACRUZ|A|FRANQUICIA|RIO NILO|S/N||LAS VEGAS 1|BOCA DEL RIO|94297|VERACRUZ|ESQ. RIO BALSAS|RIO SUCHIATE|RIO COTAXTLA|2291654170|#N/D
72272A|cf72272a|72272|VERACRUZ 33|VERACRUZ|A|FRANQUICIA|VICTOR SANCHEZ|933||LOS TORRENTES|VERACRUZ|91808|VERACRUZ|TOTUTLA|AV. TEXOLO|MISOLHA|2292843335|#N/D
722A|cs0722a|722|AGUA DULCE 2|VERACRUZ|A|SUCURSAL|A. LIZARDO |235 |B|AGUA DULCE CENTRO |AGUA DULCE|96600|VERACRUZ|ESQ. FRANCISCO I. MADERO|||9232336177|#N/D
72307A|cf72307a|72307|COATZACOALCOS 15|VERACRUZ|A|FRANQUICIA|JUAN ESCUTIA|1700||BENITO JUAREZ NORTE|COATZACOALCOS|96576|VERACRUZ|ESQ. LINDAVISTA|DEMOCRACIA|AV. H. RODRIGUEZ MALPICA|9212142420|#N/D
72311A|cf72311a|72311|SAN ANDRES TUXTLA 3, VER|VERACRUZ|A|FRANQUICIA|5 DE FEBRERO|S/N||SAN FRANCISCO|SAN ANDRES TUXTLA|95710|VERACRUZ|ADALBERTO TEJADA|CORONA|VALLARTA|2949423920|#N/D
72341A|cf72341a|72341|VERACRUZ 35, VER|VERACRUZ|A|FRANQUICIA|ALPOPOCA|284|LOCALES A, B Y C|LOS TORRENTES|VERACRUZ|91808|VERACRUZ|ESQ. TLALIXCOYAN|AMATZINAO|TOTUTLA|2292858773|#N/D
72343A|cf72343a|72343|VERACRUZ 36|VERACRUZ|A|FRANQUICIA|J B LOBOS|LT. 24 MZ. 22||PREDIO 2|VERACRUZ|91777|VERACRUZ|ANTONIO MENDEZ G.|JOSE SANTOS|FRANCISCO GONZALEZ BOCANEGRA|2292858242|#N/D
72371A|cf72371a|72371|EMILIANO ZAPATA 3, VER|VERACRUZ|A|FRANQUICIA|ALAMOS|5|C|LA PRADERA|EMILIANO ZAPATA|91637|VERACRUZ|ARALIAS|LAURELES|ALTEA|2282022371|#N/D
72387A|cf72387a|72387|MEDELLIN 1, VER|VERACRUZ|A|FRANQUICIA|PASEO DEL MAR|12-B|MZ 78|PUENTE MORENO|MEDELLIN DE BRAVO|94274|VERACRUZ|CIRCUITO ARENQUE CENTRO|CIRCUITO DELFIN NORTE|CIRCUITO DELFIN ESTE|2292851890|#N/D
72445A|cf72445a|72445|XALAPA 18, VER|VERACRUZ|A|FRANQUICIA|EUROPA (CLL. SUIZA)|3|LT 6|JARDINES DE LAS ANIMAS|XALAPA|91190|VERACRUZ|SUIZA|BLVD. EUROPA|0|2288126313|#N/D
7244A|cf7244a|7244|PAPANTLA 1, VER|VERACRUZ|A|FRANQUICIA|5 DE MAYO|305||PAPANTLA CENTRO|PAPANTLA|93400|VERACRUZ|ESQ. ARTES|0|0|7848422004|#N/D
72457A|cf72457a|72457|ANGEL R. CABADA 1, VER|VERACRUZ|A|FRANQUICIA|FRANCISCO J. MORENO|298||CABADA CENTRO|ANGEL R. CABADA|95840|VERACRUZ|MIGUEL HIDALGO|ROBERTO B. PRIETO|PRIMITIVO R. VALENCIA|2849460999|#N/D
72458A|cf72458a|72458|ANGEL R. CABADA 2, VER|VERACRUZ|A|FRANQUICIA|JUAN JACOBO TORRES|S/N||ANGEL R. CABADA|ANGEL R. CABADA|95840|VERACRUZ|ESQUINA 25 DE OCTUBRE|SEGUNDO CALLEJON 18 DE JUNIO|18 DE JUNIO|2849460925|#N/D
72468A|cf72468a|72468|XALAPA ENRIQUEZ 4, VER|VERACRUZ|A|FRANQUICIA|EBANO|100|1|FRAMBOYANES|XALAPA|91018|VERACRUZ|ESQ. GRANADAS|NARANJAS|LIMONES|2284227436|#N/D
72492A|cf72492a|72492|MEDELLIN 2, VER|VERACRUZ|A|FRANQUICIA|PASEO DE LAS AVES|35||PUENTE MORENO|MEDELLIN DE BRAVO|94274|VERACRUZ|AV. EL TEJAR|0|CIRCUITO LECHUZA NORTE|2856907339|#N/D
72494A|cf72494a|72494|ALVARADO 1|VERACRUZ|A|FRANQUICIA|IGNACIO DE LA LLAVE|27||ALVARADO CENTRO|ALVARADO|95270|VERACRUZ|MANUEL P. HERNANDEZ|MORELOS|T. HONDAL|2979732840|#N/D
72495A|cf72495a|72495|ALVARADO 2, VER|VERACRUZ|A|FRANQUICIA|NICOLAS BRAVO|64|F Y C|ALVARADO CENTRO|ALVARADO|95270|VERACRUZ|ESQ. JUAN SOTO|FRANCISCO I. MADERO|GABRIEL CARBALLO|2976882699|#N/D
72496A|cf72496a|72496|LERDO DE TEJADA 1|VERACRUZ|A|FRANQUICIA|GUERRERO|143||LERDO DE TEJADA CENTRO|LERDO DE TEJADA|95280|VERACRUZ|JUAN DE LA CRUZ|NICOLAS BRAVO|REVOLUCION|2849443000|#N/D
72605A|cf72605a|72605|LERDO DE TEJADA 2, VER|VERACRUZ|A|FRANQUICIA|REVOLUCION|440||LERDO DE TEJADA CENTRO|LERDO DE TEJADA|95280|VERACRUZ|NICOLAS BRAVO|JUAN DE LA LUZ ENRIQUEZ|VICENTE GUERRERO|2849440368|#N/D
72657A|cf72657a|72657|COATZACOALCOS 20|VERACRUZ|A|FRANQUICIA|LOS OLMECAS|2800||CIUDAD OLMECA|COATZACOALCOS|96535|VERACRUZ|ESQ. ANDESITA|AMATISTA|JAGUARES|9212101213|#N/D
72668A|cf72668a|72668|VERACRUZ 37, VER|VERACRUZ|A|FRANQUICIA|LA BAMBA|374|19|GEOVILLAS DEL PUERTO|VERACRUZ|91777|VERACRUZ|JACARANDAS|POTRERO|BLVD. VERACRUZ OESTE|2292859089|#N/D
72692A|cf72692a|72692|POZA RICA 15|VERACRUZ|A|FRANQUICIA|20 DE NOVIEMBRE|500||CAZONES|POZA RICA DE HIDALGO|93230|VERACRUZ|ESQ. AVENIDA 10|CLL 12|2 DE ENERO|7821608074|#N/D
72713A|cf72713a|72713|COATZACOALCOS 21|VERACRUZ|A|FRANQUICIA|BUGAMBILIAS|MZ. 4||VILLAS DE SAN MARTIN|COATZACOALCOS|96535|VERACRUZ|ESQ. CIRCUITO BEGONIAS|CARR. COATZACOALCOS A|CIRCUITO BEGONIAS|9211572254|#N/D
72747A|cf72747a|72747|CORDOBA 6, VER|VERACRUZ|A|FRANQUICIA|9|2726|LOCALES A,B Y C|PARAISO|CORDOBA|94650|VERACRUZ|AV. 33|AV. FERROCARRIL|CALLE 5|2717146696|#N/D
7274A|cf7274a|7274|CIUDAD MENDOZA 2, VER|VERACRUZ|A|FRANQUICIA|MIGUEL HIDALGO|500||CIUDAD MENDOZA CENTRO|CAMERINO Z MENDOZA|94740|VERACRUZ|ESQ. BELISARIO DOMINGUEZ|0|0|2727267299|#N/D
72769A|cf72769a|72769|COATZINTLA 2|VERACRUZ|A|FRANQUICIA|JOSEFA ORTIZ DE DOMINGUEZ|S/N||JOSE MARIA MORELOS Y PAVON|COATZINTLA|93164|VERACRUZ|GUADALUPE VICTORIA|CARR. A SAN ANDRES|LEONA VICARIO|7828252684|#N/D
7276A|cf7276a|7276|NARANJOS 1|VERACRUZ|A|FRANQUICIA|LAZARO CARDENAS|29||NARANJOS CENTRO|NARANJOS AMATLAN|92300|VERACRUZ|GRAL PRIM|JOSE MARIA MORELOS|0|7688553340|#N/D
72773A|cf72773a|72773|TATAHUICAPAN DE JUAREZ 1, VER|VERACRUZ|A|FRANQUICIA|MOCTEZUMA|S/N||TATAHUICAPAN|TATAHUICAPAN DE JUAREZ|95950|VERACRUZ|MORELOS|HIDALGO|EMILIANO ZAPATA|9242610263|#N/D
72809A|cf72809a|72809|SANTA LETICIA, VER|VERACRUZ|A|FRANQUICIA|SAN MARCIAL|S/N||SANTA LETICIA|FORTIN|94476|VERACRUZ|AMADO TRESS Z|CARR. CORDOBA FORTIN DE LAS|0|2717368913|#N/D
72838A|cf72838a|72838|VERACRUZ, VER|VERACRUZ|A|FRANQUICIA|MARIANO ARISTA|3732|A|2 CAMINOS|VERACRUZ|91726|VERACRUZ|OLIVOS|GLADIOLAS|HONORIO MORALES|2292846358|#N/D
72885A|cf72885a|72885|VERACRUZ 54, VER|VERACRUZ|A|FRANQUICIA|A DOS LOMAS (CALLE UNO)|128 (132)||DORADO REAL|VERACRUZ|91698|VERACRUZ|CORAL|DORADO REAL|CALLE UNO|2291952673|#N/D
72901A|cf72901a|72901|COYUTLA 1, VER|VERACRUZ|A|FRANQUICIA|HIDALGO|S/N||COYUTLA|COYUTLA|93140|VERACRUZ|PORFIRIO DIAZ|ESCUADRON 201|MATAMOROS|7848814115|#N/D
72905A|cf72905a|72905|VERACRUZ 38, VER|VERACRUZ|A|FRANQUICIA|PAPALOAPAN|13||HACIENDA SOTAVENTO|VERACRUZ|91698|VERACRUZ|ESQ. AV. VERACRUZ|PRIV. MARIA BONITA|SILVERIO PEREZ|2292867610|#N/D
72914A|cf72914a|72914|COATZACOALCOS 24|VERACRUZ|A|FRANQUICIA|DE LOS MARES|S/N||PUERTO ESMERALDA|COATZACOALCOS|96536|VERACRUZ|ESQ. DELFIN|SALMON|AV. DE LOS PECES|9211631016|#N/D
72938A|cf72938a|72938|VERACRUZ 40|VERACRUZ|A|FRANQUICIA|A DOS LOMAS|LT. 19 Y  21|LOCAL 3|EL CORTIJO|VERACRUZ|91725|VERACRUZ|RETORNO MAYORAZGO|RETORNO POLONES|AV. SESGO|2299208377|#N/D
72940A|cf72940a|72940|CATEMACO 3|VERACRUZ|A|FRANQUICIA|INDEPENDENCIA|S/N||CATEMACO CENTRO|CATEMACO|95870|VERACRUZ|ESQ. XICOTENCATL|REVOLUCION|ITURBIDE|2949430886|#N/D
72959A|cf72959a|72959|COATEPEC 3, VER|VERACRUZ|A|FRANQUICIA|JIMENEZ DEL CAMPILLO|24||COATEPEC CENTRO|COATEPEC|91500|VERACRUZ|5TA DE ALDAMA|CUAUHTEMOC|HIDALGO|2282008293|#N/D
72964A|cf72964a|72964|COATZACOALCOS 25|VERACRUZ|A|FRANQUICIA|MIGUEL . A. QUEVEDO|2402||PUERTO MEXICO|COATZACOALCOS|96510|VERACRUZ|CLL. AMBROSIO SOLORZA|CLL. FRANCISCO J. MUJICA|AV. CUAUHTEMOC|9212250621|#N/D
72980A|cf72980a|72980|VERACRUZ 39|VERACRUZ|A|FRANQUICIA|MIGUEL ALEMAN|2817||ADOLFO LOPEZ MATEOS|VERACRUZ|91778|VERACRUZ|CLL. 11|CLL. ABELARDO L. RODRIGUEZ|CLL. JIMENEZ SUR|2291563051|#N/D
73010A|cf73010a|73010|COATZACOALCOS 26|VERACRUZ|A|FRANQUICIA|JIRAFAS|104|LOCAL B|LOS ALMENDROS|COATZACOALCOS|96536|VERACRUZ|LUIS MADRAZO RIVERA|SEXTA ETAPA|ALMENDRAS|9212483236|#N/D
73014A|cf73014a|73014|COATZACOALCOS 27|VERACRUZ|A|FRANQUICIA|INDEPENDENCIA|S/N|LOCAL 3|MARIA DE LA PIEDAD|COATZACOALCOS|96410|VERACRUZ|AV. LERDO DE TEJADA|REVOLUCION|AV. MELCHOR OCAMPO|9212147435|#N/D
73015A|cf73015a|73015|VERACRUZ 41, VER|VERACRUZ|A|FRANQUICIA|DIECISEIS|532||AGUSTIN ACOSTA LAGUNES|VERACRUZ|91727|VERACRUZ|CARLOS CRUZ|VELAZQUEZ DE LA CADENA|CALLE 17|2291936622|#N/D
73032A|cf73032a|73032|COATZACOALCOS 28|VERACRUZ|A|FRANQUICIA|TULA|510||TERESA MORALES DELGADO|COATZACOALCOS|96536|VERACRUZ|ESQ. LHANA|MITLA|MONTE ALBAN|9212482110|#N/D
73033A|cf73033a|73033|AGUA DULCE 2|VERACRUZ|A|FRANQUICIA|TRANSISMICA|S/N||BENITO JUAREZ|AGUA DULCE|96680|VERACRUZ|ESQ. ARTICULO 123|GUILLERMO PRIETO|CONSTITUCION|9232330032|#N/D
73034A|cf73034a|73034|CORDOBA 7, VER|VERACRUZ|A|FRANQUICIA|39|1120||MARQUEZ HOYOS|CORDOBA|94660|VERACRUZ|CLL. 33|ESQ. AV. 13|AV. 11|2717142408|#N/D
73036A|cf73036a|73036|XALAPA 22, VER|VERACRUZ|A|FRANQUICIA|MARTIN RUIZ GUZMAN|40||JOSE VASCONCELOS|XALAPA|91106|VERACRUZ|ESQUINA RAMON LOPEZ VELARDE|RIO AMAZONAS|ANDRES MOLINA|2288424927|#N/D
73057A|cf73057a|73057|COATZACOALCOS 29|VERACRUZ|A|FRANQUICIA|IGNACIO ALLENDE|309||COATZACOALCOS CENTRO|COATZACOALCOS|96400|VERACRUZ|ESQ. PROL. IGNACIO DE ZARAGOZA|AV. BENITO JUAREZ|AV. VICENTE GUERRERO|9212131281|#N/D
73069A|cf73069a|73069|CHACALTIANGUIS 1, VER|VERACRUZ|A|FRANQUICIA|MIGUEL O. TEJERA|1||CHACALTIANGUIS (CENTRO)|CHACALTIANGUIS|95560|VERACRUZ|AV. IGNACIO ZARAGOZA|PORFIRIO DIAZ|ALACIO PEREZ|2888860409|#N/D
7306A|cf7306a|7306|POZA RICA 2|VERACRUZ|A|FRANQUICIA|HEROICO COLEGIO MILITAR|525||OBRERA|POZA RICA DE HIDALGO|93260|VERACRUZ|CENTRAL NORTE|HERIBERTO KEHOE VINCENT|0|7826885619|#N/D
73102A|cf73102a|73102|TUXPAM 6|VERACRUZ|A|FRANQUICIA|ADOLFO LOPEZ MATEOS|98||LA RIVERA|TUXPAN|92870|VERACRUZ|VIRGILIO URIBE|HEROES DEL 47|MOCTEZUMA|7831071331|#N/D
73103A|cf73103a|73103|NARANJOS 4|VERACRUZ|A|FRANQUICIA|VICENTE GUERRERO|S/N||AMERICANA|NARANJOS AMATLAN|92320|VERACRUZ|DEL PUENTE|JUSTO SIERRA|LIBERTAD|7688550154|#N/D
73129A|cf73129a|73129|VERACRUZ 43|VERACRUZ|A|FRANQUICIA|8|MZ. 25|LOTE 1|PROGRESO|VERACRUZ|91725|VERACRUZ|ESQ. CLL SIN NOMBRE|AV. NO. 1|CLL. 7|2291667752|#N/D
73144A|cf73144a|73144|MARTINEZ DE LA TORRE 6, VER|VERACRUZ|A|FRANQUICIA|ALFINIO FLORES BELTRAN|101||VICENTE GUERRERO|MARTINEZ DE LA TORRE|93603|VERACRUZ|ESQ. INDEPENDENCIA|CARR. MARTINEZ DE LA|IGNACIO ALLENDE|2323733743|#N/D
73161A|cf73161a|73161|CORDOBA 8, VER|VERACRUZ|A|FRANQUICIA|31|22||LA ESMERALDA|CORDOBA|94556|VERACRUZ|ESQUINA ESMERALDA|DIAMANTE|DIAMANTE|2717361466|#N/D
73224A|cf73224a|73224|XALAPA 24|VERACRUZ|A|FRANQUICIA|MARTIRES DEL 28 DE AGOSTO|435|LOCAL 1|FRANCISCO FERRER GUARDIA|XALAPA|91026|VERACRUZ|BUGAMBILIAS|FRANCISCO MORALES|GERANIOS|2288346592|#N/D
73234A|cf73234a|73234|VERACRUZ 44|VERACRUZ|A|FRANQUICIA|CISNE|S/N||RESERVA TARIMOYA I|VERACRUZ|91850|VERACRUZ|ESQ. FAISAN|GAVIOTA|PASEO AVE LIRA|2299384964|#N/D
73237A|cf73237a|73237|POZA RICA 5|VERACRUZ|A|FRANQUICIA|HERIBERTO K. VICENT|S/N||OBRERA|POZA RICA DE HIDALGO|93260|VERACRUZ|LAZARO CARDENAS|2 ORIENTE|6 NORTE|7821190725|#N/D
73245A|cf73245a|73245|CORDOBA 9, VER|VERACRUZ|A|FRANQUICIA|10|MZ. 6|LT 57|MEXICO|CORDOBA|94520|VERACRUZ|ESQ. CLL. 12|CLL. 10|AV. 12|2717144328|#N/D
73262A|cf73262a|73262|POZA RICA 16|VERACRUZ|A|FRANQUICIA|PAPANTLA|19||LA CEIBA|POZA RICA DE HIDALGO|93220|VERACRUZ|ESQ. CORDOBA|15 DE SEPTIEMBRE|NAUTLA|7828216146|#N/D
73263A|cf73263a|73263|JALAPILLA 1, VER|VERACRUZ|A|FRANQUICIA|SAN JOSE|S/N||JALAPILLA|RAFAEL DELGADO|94410|VERACRUZ|ESQ. ANGEL MONTERO|URSULO GALVAN|CAROLINO ANAYA|2727421454|#N/D
73310A|cf73310a|73310|TEMPOAL 1, VER|VERACRUZ|A|FRANQUICIA|5 DE MAYO|9||TEMPOAL CENTRO|TEMPOAL|92060|VERACRUZ|REFORMA|TRIMER|INDEPENDENCIA|7898940521|#N/D
73323A|cf73323a|73323|CIUDAD MENDOZA 3, VER|VERACRUZ|A|FRANQUICIA|MIGUEL HIDALGO|509|LOCAL B|CIUDAD MENDOZA CENTRO|CAMERINO Z MENDOZA|94740|VERACRUZ|BELISARIO DOMINGUEZ|FRANCISCO I. MADERO|BENITO JUAREZ|2721064205|#N/D
73362A|cf73362a|73362|NANCHITAL 1, VER|VERACRUZ|A|FRANQUICIA|SAN PEDRO Y SAN PABLO|S/N||GUADALUPE TEPEYAC|NANCHITAL DE LAZARO CARDENAS DEL|96360|VERACRUZ|SAN MATEO|SAN AGUSTIN ARROYO|SAN MATEO|9212160286|#N/D
7337A|cf7337a|7337|PEROTE 1, VER|VERACRUZ|A|FRANQUICIA|ALEJANDRO VON HUMBOLTD SUR|1|LOCALES 12 Y 13|PEROTE|PEROTE|91270|VERACRUZ|IGNACIO ZARAGOZA|FRANCISCO I. MADERO|0|2828253578|#N/D
73413A|cf73413a|73413|CORDOBA 1, VER|VERACRUZ|A|FRANQUICIA|8|1532||DE SAN MIGUEL|CORDOBA|94620|VERACRUZ|ESQUINA 17|15|6|2713667045|#N/D
73430A|cf73430a|73430|MEDELLIN 3, VER|VERACRUZ|A|FRANQUICIA|PASEO LAS JOYAS|MZ 425  LOTE 191|LOCALES 1, 2 Y 3|LAGOS DE PUENTE MORENO|MEDELLIN DE BRAVO|94274|VERACRUZ|ESQ. ZAFIRO SUR|CIRCUITO ARGENTINA|CIRCUITO ZAFIRO SUR|2856909408|#N/D
73432A|cf73432a|73432|POZA RICA 18|VERACRUZ|A|FRANQUICIA|20 DE NOVIEMBRE|604||TEPEYAC|POZA RICA DE HIDALGO|93250|VERACRUZ|MIGUEL HIDALGO|PORFIRIO DIAZ|MATAMOROS|7828274857|#N/D
7344A|cf7344a|7344|EL ALAMO 1|VERACRUZ|A|FRANQUICIA|INDEPENDENCIA|S/N||ALAMO|ALAMO TEMAPACHE|92730|VERACRUZ|AV. GARIZURIETA|IGNACIO DE LA LLAVE|0|7658449877|#N/D
73527A|cf73527a|73527|PAPANTLA 4, VER|VERACRUZ|A|FRANQUICIA|BENITO JUAREZ|401||BARRIO DE SAN JUAN (CERRO DEL COMANCHE)|PAPANTLA|93449|VERACRUZ|ESQ. ARTURO TREMARI|VOLADORES|GILDARDO MUÑOZ|7848420446|#N/D
73539A|cf73539a|73539|BANDERILLA 2, VER|VERACRUZ|A|FRANQUICIA|LIBERTAD|12|LOCAL A|BANDERILLA CENTRO|BANDERILLA|91300|VERACRUZ|CONSTITUCION|FRANCISCO SARABIA|0|2282003542|#N/D
73558A|cf73558a|73558|JILOTEPEC 1, VER|VERACRUZ|A|FRANQUICIA|GALEANA|1764|B|NEZAHUALCOYOTL|VERACRUZ|91780|VERACRUZ|CHIMALPOPOCA|HUITZILOPOCHTLI|CHIMALPOPOCA|2291562240|#N/D
73627A|cf73627a|73627|GENERAL MIGUEL ALEMAN|VERACRUZ|A|FRANQUICIA|EJERCITO NACIONAL|S/N||CRUZ VERDE(HIDALGO)|ATOYAC|94965|VERACRUZ|PRINCIPAL|TABASCO|0|2737351939|#N/D
73659A|cf73659a|73659|ZARAGOZA, VER|VERACRUZ|A|FRANQUICIA|JOSE MARIA MORELOS|11||ZARAGOZA|ZARAGOZA|96320|VERACRUZ|EMILIANO ZAPATA|IGNACIO ZARAGOZA|EMILIANO ZAPATA||#N/D
7370A|cf7370a|7370|COATEPEC 1, VER|VERACRUZ|A|FRANQUICIA|MELCHOR OCAMPO|42|A|COATEPEC CENTRO|COATEPEC|91500|VERACRUZ|SANTOS DEGOLLADO|CLL DE BELLO|0|2288167765|#N/D
7370B|cf7370b|7370|COATEPEC 1, VER|VERACRUZ|B|FRANQUICIA|MELCHOR OCAMPO|42|A|COATEPEC CENTRO|COATEPEC|91500|VERACRUZ|SANTOS DEGOLLADO|CLL DE BELLO|0|2288167765|#N/D
73757A|cf73757a|73757|CORDOBA 10, VER|VERACRUZ|A|FRANQUICIA|21|2103||JARDINES DE SAN DIMAS|CORDOBA|94570|VERACRUZ|ESQ. 16-C|16-D|23|2711125415|#N/D
73771A|cf73771a|73771|VERACRUZ 45, VER|VERACRUZ|A|FRANQUICIA|AZTECA (BOSQUE DE MANZANO)|21|LOCAL C|GEOVILLAS CAMPESTRE|VERACRUZ|91826|VERACRUZ|BOSQUES DE ABETOS|DE LAS ARBOLEDAS|BOSQUES DE CAOBAS|2293584889|#N/D
73772A|cf73772a|73772|VERACRUZ 46, VER|VERACRUZ|A|FRANQUICIA|OASIS|88||OASIS|VERACRUZ|91808|VERACRUZ|ESQ. BAJA CALIFORNIA|ATOYAC|SIN NOMBRE|2296883350|#N/D
73796A|cf73796a|73796|XALAPA 26, VER|VERACRUZ|A|FRANQUICIA|LOMA ALTA|103|LOCAL 5|LOMAS VERDES|XALAPA|91098|VERACRUZ|GIRASOL|LOMA LOS CARRILES|ANDADOR NOCHE BUENA|2282027519|#N/D
738A|cs0738a|738|MINATITLAN 3|VERACRUZ|A|SUCURSAL|18 DE OCTUBRE |71 ||SANTA CLARA |MINATITLAN|96730|VERACRUZ|2 DE ABRIL|ZARAGOZA||9222258773|#N/D
73975A|cf73975a|73975|ANTON LIZARDO 3, VER|VERACRUZ|A|FRANQUICIA|AZUETA|S/N||ANTON LIZARDO|ALVARADO|95269|VERACRUZ|ESQ. VIVEROS|VIRGILIO URIBE|FRANCISCO I. MADERO|2979560511|#N/D
74032A|cf74032a|74032|COACOATZINTLA, VER|VERACRUZ|A|FRANQUICIA|CUAUHTEMOC|S/N||COACOATZINTLA|COACOATZINTLA|91370|VERACRUZ|JUAN DE LA BARRERA|LAZARO CARDENAS|IGNACIO ALTAMIRANO|2288428587|#N/D
74059A|cf74059a|74059|COTAXTLA 2, VER|VERACRUZ|A|FRANQUICIA|JUAREZ|S/N||COTAXTLA|COTAXTLA|94990|VERACRUZ|GUERRERO|MORELOS|ALLENDE|2787328353|#N/D
74061A|cf74061a|74061|IGNACIO DE LA LLAVE 1, VER|VERACRUZ|A|FRANQUICIA|BENITO JUAREZ|42||IGNACIO DE LA LLAVE|IGNACIO DE LA LLAVE|95240|VERACRUZ|MIGUEL ALEMAN|IGNACIO ZARAGOZA|CALLEJON FRANCISCO ESTEPAN|2856882994|#N/D
74099A|cf74099a|74099|SANTIAGO TUXTLA 3, VER|VERACRUZ|A|FRANQUICIA|MORELOS|3||SANTIAGO TUXTLA CENTRO|SANTIAGO TUXTLA|95830|VERACRUZ|GUADALUPE VICTORIA|CARR. VERACRUZ-MINATITLAN|CASTELLANOS|2949470270|#N/D
74132A|cf74132a|74132|PUEBLO VIEJO, VER|VERACRUZ|A|FRANQUICIA|ABASOLO|S/N||CIUDAD CUAUHTEMOC|PUEBLO VIEJO|92030|VERACRUZ|ESQ. BENITO JUAREZ|5 DE FEBRERO|V. CARRANZA|8332782160|#N/D
74137A|cf74137a|74137|ALVARADO 6, VER|VERACRUZ|A|FRANQUICIA|JESUS CARRANZA|S/N||ALVARADO CENTRO|ALVARADO|95270|VERACRUZ|ESQUINA IGNACIO DE LA LLAVE|IGNACIO DE LA LLAVE|0|2979732135|#N/D
74166A|cf74166a|74166|VERACRUZ 49, VER|VERACRUZ|A|FRANQUICIA|LOMAS DE SANTA FE|472||COLINAS DE SANTA FE|VERACRUZ|91808|VERACRUZ|SAN JOSE|LOMAS DE SANTA FE|SAN ISIDRO|2293586186|#N/D
74174A|cf74174a|74174|TLALIXCOYAN, VER|VERACRUZ|A|FRANQUICIA|BENITO JUAREZ|9||TLALIXCOYAN|TLALIXCOYAN|95220|VERACRUZ|MARIANO ABASOLO|RICARDO LOPEZ|GENERAL IGNACIO COMONFORT PTE|2856883125|#N/D
74177A|cf74177a|74177|VERACRUZ 64|VERACRUZ|A|FRANQUICIA|CRISTOBAL COLON|211||REFORMA|VERACRUZ|91919|VERACRUZ|ERNESTO DOMINGUEZ AGUIRRE|RICARDO FLORES MAGON|SIMON BOLIVAR|2296884879|#N/D
7420A|cf7420a|7420|JOSE CARDEL 1, VER|VERACRUZ|A|FRANQUICIA|RICARDO FLORES MAGON|13||JOSE CARDEL CENTRO|LA ANTIGUA|91680|VERACRUZ|ESQ. JOSE AZUETA|0|0|2969624232|#N/D
74246A|cf74246a|74246|XALAPA 27, VER|VERACRUZ|A|FRANQUICIA|ENRIQUE C. REBSAMEN|636|LT 103|MARTIRES DE CHICAGO|XALAPA|91094|VERACRUZ|DESIDERIO PAVON|FCO. DEL PASO Y TRONCOSO|DESIDERIO PAVON|2288199044|#N/D
74259A|cf74259a|74259|PASO DEL TORO, VER|VERACRUZ|A|FRANQUICIA|VERACRUZ|25||PASO DEL TORO|MEDELLIN DE BRAVO|94277|VERACRUZ|FERROCARRILES|INDEPENDENCIA|INSURGENTES|2856882012|#N/D
74261A|cf74261a|74261|PEROTE 4, VER|VERACRUZ|A|FRANQUICIA|SOR JUANA INES DE LA CRUZ|1||PEROTE|PEROTE|91270|VERACRUZ|ESQ. BARRANCA DE OCOPILA|JUSTO SIERRA|MANUEL ACUÑA|2828252837|#N/D
74262A|cf74262a|74262|VERACRUZ 50, VER|VERACRUZ|A|FRANQUICIA|AZAFRAN|14||LA FLORIDA|VERACRUZ|91775|VERACRUZ|ESQ. CTO. FLORIDA NTE.|MARGARITA|AZHAR|2293585954|#N/D
74328A|cf74328a|74328|VERACRUZ 51, VER|VERACRUZ|A|FRANQUICIA|VIOLETAS|267|LOCAL B|RAFAEL DIAZ SERDAN|VERACRUZ|91963|VERACRUZ|ESQ GIRASOLES|AZUCENA|BUGAMBILIAS|2293888965|#N/D
74330A|cf74330a|74330|PARAJE NUEVO, VER|VERACRUZ|A|FRANQUICIA|ADOLFO LOPEZ MATEOS|S/N||PARAJE NUEVO CENTRO|AMATLAN DE LOS REYES|94940|VERACRUZ|MEDARDO RUBIO MANCILLA|ALVARADO GALVEZ Y FUENTES|PRIV CUAUHTEMOC|2716882721|#N/D
74337A|cf74337a|74337|IXHUATLANCILLO, VER|VERACRUZ|A|FRANQUICIA|VENUSTIANO CARRANZA|13||DANTE DELGADO|IXHUATLANCILLO|94430|VERACRUZ|A LA PERLA|SAN ISIDRO|SAN CARLOS|2726883512|#N/D
74370A|cf74370a|74370|VERACRUZ 52, VER|VERACRUZ|A|FRANQUICIA|GENERAL PRIM|920|LOCAL 2|RICARDO FLORES MAGON|VERACRUZ|91900|VERACRUZ|VIRGILIO URIBE|JOSE AZUETA|VENUSTIANO CARRANZA|2291675629|#N/D
74396A|cf74396a|74396|COATEPEC 7, VER. |VERACRUZ|A|FRANQUICIA|CONSTITUCION|149||COATEPEC CENTRO|COATEPEC|91500|VERACRUZ|XICOTENCATL|AYUNTAMIENTO|0|2288164151|#N/D
74411A|cf74411a|74411|SAN ANDRES TUXTLA 6, VER|VERACRUZ|A|FRANQUICIA|INDEPENDENCIA|34|4 Y 5|SIHUAPAN CENTRO|SAN ANDRES TUXTLA|95810|VERACRUZ|ESQ. JACARANDAS|BELLA VISTA|GUILLERMO MARTINEZ|2949424039|#N/D
74419A|cf74419a|74419|COSOLEACAQUE 3, VER|VERACRUZ|A|FRANQUICIA|MIGUEL HIDALGO|123||PRIMERO|COSOLEACAQUE|96350|VERACRUZ|ADOLFO LOPEZ MATEO|MARTIN ALOR|BELISARIO DOMINGUEZ|9221170512|#N/D
74454A|cf74454a|74454|XALAPA 32, VER|VERACRUZ|A|FRANQUICIA|PRINCIPAL|S/N||EL CASTILLO|XALAPA|91165|VERACRUZ|MAESTRO DELGADO|NIÑOS HEROES|CALLE 20 DE NOVIEMBRE|2282027449|#N/D
74456A|cf74456a|74456|VERACRUZ 55, VER|VERACRUZ|A|FRANQUICIA|RIO MEDIO|80 B||LOMAS DE RIO MEDIO II|VERACRUZ|91809|VERACRUZ|RIO BLANCO|RIO TEHUANTEPEC|RIO USUMACINTA|2292866724|#N/D
74463A|cf74463a|74463|TIERRA COLORADA, VER|VERACRUZ|A|FRANQUICIA|NACIONAL|S/N||TIERRA COLORADA|PASO DE OVEJAS|91675|VERACRUZ|VIRGILIO URIBE|VENUSTIANO CARRANZA|ADOLFO LOPEZ MATEOS|2966905425|#N/D
74468A|cf74468a|74468|XALAPA 33, VER|VERACRUZ|A|FRANQUICIA|DE LA REPUBLICA|LT 6 MZ 227||CONSTITUYENTES|XALAPA|91183|VERACRUZ|LEYES DE REFORMA|CONGRESO DE APATZINGAN|CONGRESO DE APATZINGAN|2283681561|#N/D
7447A|cf7447a|7447|LAS CHOAPAS 1|VERACRUZ|A|FRANQUICIA|PLAN DE AYALA|108|C|AGRARIA|LAS CHOAPAS|96980|VERACRUZ|TIERRA Y LIBERTAD|20 DE NOVIEMBRE|0|9232375000|#N/D
7447B|cf7447b|7447|LAS CHOAPAS 1|VERACRUZ|B|FRANQUICIA|PLAN DE AYALA|108|C|AGRARIA|LAS CHOAPAS|96980|VERACRUZ|TIERRA Y LIBERTAD|20 DE NOVIEMBRE|0|9232375000|#N/D
74481A|cf74481a|74481|XALAPA 34, VER|VERACRUZ|A|FRANQUICIA|FERNANDO GUTIERREZ BARRIOS|61|LOCAL 2|GUADALUPE VICTORIA|XALAPA|91014|VERACRUZ|CAMINO REAL|ANTIGUA CALZADA|0|2283680315|#N/D
74550A|cf74550a|74550|PALMIRA, VER|VERACRUZ|A|FRANQUICIA|A SANTA ANA|1297||PALMIRA|MARIANO ESCOBEDO|94420|VERACRUZ|ESQ. TLACOTALPAN|TIERRA BLANCA|0|2722177415|#N/D
74579A|cf74579a|74579|GENERAL MIGUEL ALEMAN 2, VER|VERACRUZ|A|FRANQUICIA|SOTO LA MARINA|S/N||CHAPULTEPEC|ATOYAC|94965|VERACRUZ|EJERCITO NACIONAL|ZARAGOZA|SEGUNDA DE CUITLAHUAC|2737351125|#N/D
74620A|cf74620a|74620|CORDOBA 11, VER|VERACRUZ|A|FRANQUICIA|39|2901||PARAISO|CORDOBA|94650|VERACRUZ|ESQ. 29|33|37|2711190763|#N/D
74633A|cf74633a|74633|XALAPA 36, VER|VERACRUZ|A|FRANQUICIA|20 DE NOVIEMBRE|567||BADILLO|XALAPA|91045|VERACRUZ|XALAPA|AGUA SANTA|X|2281353672|#N/D
74646A|cf74646a|74646|LA PLAZITA, VER|VERACRUZ|A|FRANQUICIA|XANA|MZ 9 LT 8|LOCALES A, B Y C|LAS BAJADAS|VERACRUZ|91726|VERACRUZ|URSULO GALVAN|EMILIANO ZAPATA|CALLE 7|2293488767|#N/D
74659A|cf74659a|74659|TRES RIOS, VER|VERACRUZ|A|FRANQUICIA|MORELOS|41|LOCALES 5 Y 6|TRES RIOS|FORTIN|94476|VERACRUZ|RIO BRAVO|FORTIN DE LAS FLORES|0|2713668297|#N/D
74675A|cf74675a|74675|PEÑUELA, VER|VERACRUZ|A|FRANQUICIA|HIDALGO|46 A||PEÑUELA|AMATLAN DE LOS REYES|94945|VERACRUZ|ESQ. VICENTE GUERRERO|JUAREZ|MORELOS|2717174805|#N/D
74691A|cf74691a|74691|VERACRUZ 67, VER|VERACRUZ|A|FRANQUICIA|ALACIO PEREZ|1798||RICARDO FLORES MAGON|VERACRUZ|91900|VERACRUZ|ESQUINA 16 DE SEPTIEMBRE|21 DE FEBRERO|FRANCISCO JAVIER MINA|2291952204|#N/D
74736A|cf74736a|74736|VERACRUZ 56, VER|VERACRUZ|A|FRANQUICIA|PUERTA PARAISO|S/N||MATA DE PITA|VERACRUZ|91698|VERACRUZ|ESQ. HACIENDA LA CANTERA|HACIENDA COSTA DE ORO|CALLE MATA DE PITA|2292604097|#N/D
74737A|cf74737a|74737|JESUS CARRANZA, VER|VERACRUZ|A|FRANQUICIA|MIGUEL HIDALGO Y COSTILLA|604||JESUS CARRANZA|JESUS CARRANZA|96950|VERACRUZ|ESQ. INDEPENDENCIA|16 DE SEPTIEMBRE|IGNACIO ZARAGOZA|9246882287|#N/D
74746A|cf74746a|74746|VERACRUZ 57, VER|VERACRUZ|A|FRANQUICIA|LAGO VICTORIA|LT 9|MZ 6|POCITOS Y RIVERA|VERACRUZ|91729|VERACRUZ|ESQ. J.B. LOBOS|LAGUNA DE ZEMPOALA|CLL. 16|2292604165|#N/D
74747A|cf74747a|74747|CORDOBA 12, VER|VERACRUZ|A|FRANQUICIA|CORDOBA - FORTIN|S/N||NUEVO CORDOBA|CORDOBA|94550|VERACRUZ|FOREST HILL|TRECE|15-B|2721173628|#N/D
74790A|cf74790a|74790|XALAPA 40, VER|VERACRUZ|A|FRANQUICIA|XALAPA|364||PROGRESO MACUILTEPETL|XALAPA|91130|VERACRUZ|ESQ TOLUCA|AV. VILLAHERMOSA|CALLE SONORA|2283677629|#N/D
74792A|cf74792a|74792|POZA RICA 21, VER|VERACRUZ|A|FRANQUICIA|VENUSTIANO CARRANZA|5||TAMAULIPAS|POZA RICA DE HIDALGO|93270|VERACRUZ|AV, CENTRAL PTE|ALVARO OBREGON|CUATRO Y MEDIO|7828272935|#N/D
74807A|cf74807a|74807|TUXPAM 7, VER|VERACRUZ|A|FRANQUICIA|ARTEAGA|51||TUXPAM DE RODRIGUEZ CANO CENTRO|TUXPAN|92800|VERACRUZ|MIGUEL LERDO DE TEJADA|EMILIANO ZAPATA|CRISTOBAL COLON|7836880327|#N/D
74818A|cf74818a|74818|BANDERILLA 3, VER|VERACRUZ|A|FRANQUICIA|BENITO JUAREZ|101||BANDERILLA CENTRO|BANDERILLA|91300|VERACRUZ|MARTINICA|JUAREZ|0|2283684155|#N/D
74839A|cf74839a|74839|SOLIDARIDAD EL NARANJITO 2, VER|VERACRUZ|A|FRANQUICIA|6|8 A||SOLIDARIDAD EL NARANJITO|COSOLEACAQUE|96346|VERACRUZ|CALLE 3|GUAYABAS|CALLE 2|9226884011|#N/D
74840A|cf74840a|74840|VERACRUZ 58, VER|VERACRUZ|A|FRANQUICIA|FLOR DE ALHELI|440||LOMAS DEL VERGEL|VERACRUZ|91817|VERACRUZ|AZALEA|GARDENIA|BUGAMBILIA|2299383477|#N/D
74864A|cf74864a|74864|TUXPAM 8, VER|VERACRUZ|A|FRANQUICIA|CUAUHTEMOC|S/N||BUROCRATICA|TUXPAN|92870|VERACRUZ|ESQ. 15 DE JULIO|CLL. A|5 DE DICIEMBRE|7831071822|#N/D
74868A|cf74868a|74868|COATEPEC 6, VER|VERACRUZ|A|FRANQUICIA|LIBERTAD|35||COATEPEC CENTRO|COATEPEC|91500|VERACRUZ|ESQ. NINGUNO|UNION|CAMINO A LAS HACIENDAS|2281556083|#N/D
74869A|cf74869a|74869|XALAPA 42, VER|VERACRUZ|A|FRANQUICIA|PRESIDENTE MIGUEL ALEMAN|110||FEDERAL|XALAPA|91140|VERACRUZ|CUATRO|TRES|GOB. HERRERA TEJADA|2284688862|#N/D
74886A|cf74886a|74886|COTAXTLA 3, VER|VERACRUZ|A|FRANQUICIA|PASO LIMON|S/N||LA TINAJA|COTAXTLA|94995|VERACRUZ|BENITO JUAREZ|FERNANDEZ|NICOLAS BRAVO|2786881642|#N/D
74910A|cf74910a|74910|BOCA DEL RIO 9, VER|VERACRUZ|A|FRANQUICIA|MANUEL COLLADO|19|LOCAL 2|REVOLUCION|BOCA DEL RIO|94296|VERACRUZ|ESQ. AV. LAZARO CARDENAS|EMILIANO ZAPATA|PINO|2291653679|#N/D
74926A|cf74926a|74926|XALAPA 43, VER|VERACRUZ|A|FRANQUICIA|MANUEL MARIA CONTRERAS|29||RAFAEL LUCIO|XALAPA|91110|VERACRUZ|ESQ. ENRIQUE HERNANDEZ|JOAQUIN RAMIREZ CABAÑAS|FRAY ANDRES DE OLMOS|2281353142|#N/D
7493A|cf7493a|7493|COATZACOALCOS 1|VERACRUZ|A|FRANQUICIA|JUAN OSORIO|652||FRANCISCO VILLA|COATZACOALCOS|96566|VERACRUZ|ESQ. EMILIANO ZAPATA|0|0|9212172144|#N/D
74946A|cf74946a|74946|VERACRUZ 60, VER|VERACRUZ|A|FRANQUICIA|PELICANO|293||ALBATROS|VERACRUZ|91726|VERACRUZ|ESQ. PETIRROJO|SIN CALLE|CANARIO|2292428157|#N/D
74947A|cf74947a|74947|PAJAPAN, VER (PA)|VERACRUZ|A|FRANQUICIA|MIGUEL HIDALGO|S/N||PAJAPAN|PAJAPAN|95960|VERACRUZ|NICOLAS BRAVO|LAZARO CARDENAS|PASEO DE LA REFORMA|9241147406|#N/D
74952A|cf74952a|74952|BOCA DEL RIO 10, VER|VERACRUZ|A|FRANQUICIA|GRACIANO SANCHEZ|LT. 13|MZ. 1|JOSE LOPEZ PORTILLO|BOCA DEL RIO|94297|VERACRUZ|AVILA CAMACHO|BLANCA FLORES|RAFAEL HERNANDEZ OCHOA|2291925688|#N/D
74960A|cf74960a|74960|VERACRUZ 59, VER (PA)|VERACRUZ|A|FRANQUICIA|HERNAN CORTES|1317||VERACRUZ CENTRO|VERACRUZ|91700|VERACRUZ|ESQ. AV. CUAUHTEMOC|GUADALUPE VICTORIA|FRANCISCO CANAL|2291923399|#N/D
75024A|cf75024a|75024|IXTACZOQUITLAN 5, VER|VERACRUZ|A|FRANQUICIA|PONIENTE 7|28||SAN LORENZO|IXTACZOQUITLAN|94460|VERACRUZ|ESQUINA NORTE 1|NORTE 4|PONIENTE 3|2721158807|#N/D
75027A|cf75027a|75027|BOCA DEL RIO 11, VER (PA)|VERACRUZ|A|FRANQUICIA|EJERCITO MEXICANO|5||BENITO JUAREZ|BOCA DEL RIO|94298|VERACRUZ|JUVENTINO ROSAS|AGUSTIN LARA|VIA MUERTA|2293751660|#N/D
75085A|cf75085a|75085|IXTACZOQUITLAN 2, VER|VERACRUZ|A|FRANQUICIA|FERNANDO GUTIERREZ BARRIOS|S/N|101|ESCAMELA|IXTACZOQUITLAN|94450|VERACRUZ|MORELOS|CIPRESES|PONIENTE 7|2722013605|#N/D
75091A|cf75091a|75091|XALAPA 44, VER (PA)|VERACRUZ|A|FRANQUICIA|MEXICO|85|LT 2 MZ 416|REVOLUCION|XALAPA|91100|VERACRUZ|PASEO DE XALAPA|MARTIN CARRERA|PASEO DE XALAPA|2283186429|#N/D
75098A|cf75098a|75098|SOTEAPAN, VER|VERACRUZ|A|FRANQUICIA|MIGUEL HIDALGO|1||SOTEAPAN|SOTEAPAN|95900|VERACRUZ|ESQ. ALLENDE|21 DE MARZO|NIÑOS HEROES|9221989746|#N/D
75114A|cf75114a|75114|SAN ANDRES TUXTLA 7, VER|VERACRUZ|A|FRANQUICIA|5 DE FEBRERO|272||BELEN CHICO|SAN ANDRES TUXTLA|95780|VERACRUZ|PRIMITIVO MURILLO|GOMEZ PEDRAZA NORTE|0|2941081456|#N/D
75146A|cf75146a|75146|SALVADOR GONZALO GARCIA, VER|VERACRUZ|A|FRANQUICIA|LA TINAJA - SANTA CRUZ (CARRET FEDERAL Y L FLORES)|MZ 9|LT 11|SALVADOR GONZALO GARCIA|TIERRA BLANCA|95207|VERACRUZ|PATRICIO RAMIREZ|EMILIANO ZAPATA|LOPEZ FLORES|2746882105|#N/D
7514A|cf7514a|7514|COATZACOALCOS 6|VERACRUZ|A|FRANQUICIA|HILARIO RODRIGUEZ MALPICA|300||COATZACOALCOS CENTRO|COATZACOALCOS|96400|VERACRUZ|ESQUINA JOSE MARIA MORELOS|VENUSTIANO CARRANZA|MIGUEL HIDALGO|9212128064|#N/D
75155A|cf75155a|75155|SAN ANDRES TUXTLA 8, VER|VERACRUZ|A|FRANQUICIA|BENITO JUAREZ|515|MZ 14 LT 011|SAN ANDRES TUXTLA CENTRO|SAN ANDRES TUXTLA|95700|VERACRUZ|ESQ. MATIAS ROMERO|ALBERTO LOPEZ|2 DE ABRIL|2941081688|#N/D
75168A|cf75168a|75168|TEMPOAL 2, VER (PA)|VERACRUZ|A|FRANQUICIA|5 DE MAYO|S/N||LA BRISA|TEMPOAL|92063|VERACRUZ|ROSALINO ORTEGA|CRISTOBAL COLON|FRANCISCO MORAZAN|7896885251|#N/D
75176A|cf75176a|75176|VERACRUZ 62, VER (PA)|VERACRUZ|A|FRANQUICIA|MANUEL J. CLOUTHIER|8320||VALENTE DIAZ|VERACRUZ|91725|VERACRUZ|UNO|DOS|AVENIDA NUMERO 1|2299200178|#N/D
75177A|cf75177a|75177|XALAPA 45, VER (PA)|VERACRUZ|A|FRANQUICIA|5 DE FEBRERO|137||MALTRATA|MALTRATA|94700|VERACRUZ|NICOLAS BRAVO|20 DE NOVIEMBRE|MIGUEL HIDALGO|2721159389|#N/D
75183A|cf75183a|75183|NOGALES, VER (PA)|VERACRUZ|A|FRANQUICIA|JUAREZ|177|LOCALES B Y C|NOGALES CENTRO|NOGALES|94720|VERACRUZ|ESQ. LIBERTAD|20 DE NOVIEMBRE|ORIZABA|2722015086|#N/D
75202A|cf75202a|75202|ESTANZUELA, VER (PA)|VERACRUZ|A|FRANQUICIA|SALVADOR DIAZ MIRON|1||LA ESTANZUELA|EMILIANO ZAPATA|91637|VERACRUZ|DEL MORAL|VISTA HERMOSA|DEL MORAL|2284198197|#N/D
75211A|cf75211a|75211|BOCA DEL RIO 12, VER (PA)|VERACRUZ|A|FRANQUICIA|JAVIER HERNANDEZ CORRO|404||TAMSA|BOCA DEL RIO|94296|VERACRUZ|ESQ. DOMINGO UTRERA|MARCIAL|ALFONSINA CORRO|2296218942|#N/D
75212A|cf75212a|75212|BOCA DEL RIO 13, VER (PA)|VERACRUZ|A|FRANQUICIA|RIO PAPALOAPAN|19||LAS VEGAS II|BOCA DEL RIO|94297|VERACRUZ|ESQ. PASEO DE LA ZAMORANA OTE.|RIO JAMAPA|RIO TECOLUTLA|2292847448|#N/D
7524A|cf7524a|7524|PIEDRAS NEGRAS 2, VER|VERACRUZ|A|FRANQUICIA|MORELOS|103|B|PIEDRAS NEGRAS|TLALIXCOYAN|95226|VERACRUZ|16 DE SEPTIEMBRE|HEROE DE NACOZARI SUR|CONSTITUCION PONIENTE|2859670033|#N/D
75268A|cf75268a|75268|TUXPAM 10, VER|VERACRUZ|A|FRANQUICIA|GONZALEZ ORTEGA|3||TUXPAM DE RODRIGUEZ CANO CENTRO|TUXPAM DE RODRIGUEZ CANO|92800|VERACRUZ|JOSE MARIA MORELOS Y PAVON|MELCHOR OCAMPO|EMILIANO ZAPATA|7831070132|#N/D
75330A|cf75330a|75330|LA PERLA, VER |VERACRUZ|A|FRANQUICIA|INDEPENDENCIA|21 B||LA PERLA|LA PERLA|94150|VERACRUZ|ESQ. 10 DE MAYO|MIGUEL HIDALGO|RODOLFO LOZADA|2721211431|#N/D
75379A|cf75379a|75379|SOCONUSCO, VER|VERACRUZ|A|FRANQUICIA|GUTIERREZ ZAMORA|S/N||SOCONUSCO|SOCONUSCO|96170|VERACRUZ|ESQ. MIGUEL HIDALGO|VICENTE GUERRERO|BENITO JUAREZ|9246883911|#N/D
75523A|cf75523a|75523|CORDOBA 13, VER|VERACRUZ|A|FRANQUICIA|CENTRAL|S/N||LA LUZ FRANCISCO I MADERO|CORDOBA|94542|VERACRUZ|CALLE OCHO|CALLE DIEZ|EMILIANO ZAPATA|2713447483|#N/D
75545A|cf75545a|75545|PASO DEL MACHO 2, VER|VERACRUZ|A|FRANQUICIA|FRANCISCO I. MADERO|105|A|PASO DEL MACHO CENTRO|PASO DEL MACHO|94970|VERACRUZ|SANCHEZ LOYO|ZARAGOZA|NACIONAL|2737380576|#N/D
7555A|cf7555a|7555|JOSE CARDEL 2, VER|VERACRUZ|A|FRANQUICIA|RICARDO FLORES MAGON|76||JOSE CARDEL CENTRO|LA ANTIGUA|91680|VERACRUZ|DEL SEGURO|BENITO JUAREZ|0|2969623498|#N/D
7565A|cf7565a|7565|POZA RICA 11|VERACRUZ|A|FRANQUICIA|ADOLFO RUIZ CORTINEZ|S/N||OBRERA|POZA RICA DE HIDALGO|93260|VERACRUZ|LAZARO CARDENAS|HEROICO COLEGIO MILITAR|CENTRAL NORTE|7821190166|#N/D
7569A|cf7569a|7569|PLAYA VICENTE 2, VER|VERACRUZ|A|FRANQUICIA|INDEPENDENCIA NORTE|1080||LA FLORIDA|PLAYA VICENTE|95600|VERACRUZ|JOSEFA ORTIZ DE DOMINGUEZ|JUAN DE LA LUZ ENRIQUEZ|0|2838710652|#N/D
75702A|cf75702a|75702|LAS CHOAPAS 4, VER|VERACRUZ|A|FRANQUICIA|ANTONIO M. QUIRASCO|224||CAMPO NUEVO|LAS CHOAPAS|96980|VERACRUZ|REVOLUCION|CARRIZO|ARROYO PRIETO|9236880897|#N/D
75711A|cf75711a|75711|XALAPA 46, VER|VERACRUZ|A|FRANQUICIA|CAMINO ANTIGUO A CHILTOYAC|S/N||SUMIDERO|XALAPA|91154|VERACRUZ|ESQ. LA COMPUERTA|DEL PUENTE|LA COMPUERTA|2288101465|#N/D
75737A|cf75737a|75737|XALAPA 47, VER|VERACRUZ|A|FRANQUICIA|GRANADA|23||PREDIO DE LA VIRGEN|XALAPA|91150|VERACRUZ|GUSTAVO DIAZ ORDAZ|DEL CAFE|OLIVO|2288343804|#N/D
75754A|cf75754a|75754|CUAUTLAPAN, VER|VERACRUZ|A|FRANQUICIA|27 DE SEPTIEMBRE|74||CUAUTLAPAN|IXTACZOQUITLAN|94455|VERACRUZ|CITLALTEPETL|XOCHITL|VICENTE GUERRERO|2717138590|#N/D
75789A|cf75789a|75789|ATZACAN, VER|VERACRUZ|A|FRANQUICIA|SUR 4|S/N||ATZACAN|ATZACAN|94440|VERACRUZ|PONIENTE 5|PONIENTE 7|SUR 2|2725963533|#N/D
75790A|cf75790a|75790|PANUCO 4, VER|VERACRUZ|A|FRANQUICIA|SALVADOR DIAZ MIRON|S/N||ADOLFO LOPEZ MATEOS|PANUCO|93995|VERACRUZ|ESQ. LUIS DONALDO COLOSIO|PANUCO-TEMPOAL|1 DE MAYO|8462560403|#N/D
75841A|cf75841a|75841|CORDOBA 14, VER|VERACRUZ|A|FRANQUICIA|CORDOBA-ENT. BOTICARIA|S/N||ZONA INDUSTRIAL|CORDOBA|94690|VERACRUZ|PATRONA|HIDALGO 71|0|2717173162|#N/D
75876A|cf75876a|75876|BOCA DEL RIO 14, VER|VERACRUZ|A|FRANQUICIA|ADOLFO RUIZ CORTINES|348|C|RICARDO FLORES MAGON|BOCA DEL RIO|94290|VERACRUZ|ESQ. PASEO PESCADORES|DEL RASTRO|CAJON VENUSTIANO CARRANZA|2299860160|#N/D
75888A|cf75888a|75888|PLAYA VICENTE 3, VER|VERACRUZ|A|FRANQUICIA|INDEPENDENCIA NORTE|S/N||LA FLORIDA|PLAYA VICENTE|95600|VERACRUZ|EJIDO SURESTE|JUAN DE LA LUZ ENRIQUEZ|MIGUEL LERDO|2838710779|#N/D
75908A|cf75908a|75908|VERACRUZ 69, VER|VERACRUZ|A|FRANQUICIA|HERNAN CORTES|1996||21 DE ABRIL|VERACRUZ|91720|VERACRUZ|CALLE SIETE|CALLE OCHO|JUAN SOTO|2299381075|#N/D
75948A|cf75948a|75948|JUAN RODRIGUEZ CLARA 3, VER|VERACRUZ|A|FRANQUICIA|MELCHOR OCAMPO|12|A|BENITO JUAREZ|JUAN RODRIGUEZ CLARA|95693|VERACRUZ|CRISTOBAL COLON|FERROCARRIL|0|2834890307|#N/D
76007A|cf76007a|76007|COATZACOALCOS 32, VER|VERACRUZ|A|FRANQUICIA|SANTA MARTHA|113||LOMAS DE BARRILLAS|COATZACOALCOS|96535|VERACRUZ|ESQ. SAN MARTIN|SANTA TRINIDAD|CERRO AZUL|9211646429|#N/D
76054A|cf76054a|76054|EL TEJAR, VER|VERACRUZ|A|FRANQUICIA|INDEPENDENCIA|843|C|EL TEJAR|MEDELLIN DE BRAVO|94273|VERACRUZ|FERROCARRIL|CJON. TORRES|M. AVILA CAMACHO|2856886548|#N/D
76070A|cf76070a|76070|VERACRUZ 71, VER|VERACRUZ|A|FRANQUICIA|GAVIOTA|103|LT 2|VALLE ALTO|VERACRUZ|91697|VERACRUZ|CALANDRIA|RUISEÑOR|GAVIOTA|2292604372|#N/D
76125A|cf76125a|76125|TANTOYUCA 4, VER|VERACRUZ|A|FRANQUICIA|CARRETERA NACIONAL|S/N||TANTOYUCA CENTRO|TANTOYUCA|92120|VERACRUZ|PLATON SANCHEZ|TAMETATE|0|7898930211|#N/D
76159A|cf76159a|76159|CATEMACO 5, VER|VERACRUZ|A|FRANQUICIA|GABRIEL LUCIO|26||EL RODEO|CATEMACO|95870|VERACRUZ|ESQ. PROGRESO|SALVADOR DIAZ MIRON|DE LAS CABAÑAS|2949432697|#N/D
76176A|cf76176a|76176|VERACRUZ 74, VER|VERACRUZ|A|FRANQUICIA|DR. RAFAEL CUERVO X|125||PLAYA LINDA|VERACRUZ|91810|VERACRUZ|ESQ. PLAYA ROQUETA|PLAYA DEL REY|PLAYA LOS COCOS|2295917157|#N/D
76225A|cf76225a|76225|XALAPA 48, VER|VERACRUZ|A|FRANQUICIA|MIGUEL ALEMAN|368||7 DE NOVIEMBRE|XALAPA|91143|VERACRUZ|FERROCARRIL INTEROCEANICO|NORBERTO MARTINEZ|LUIS G. RUIZ|2282904408|#N/D
76240A|cf76240a|76240|TUXPAM 12, VER (PA)|VERACRUZ|A|FRANQUICIA|DE LAS AMERICAS|S/N||LOS PINOS|TUXPAN|92830|VERACRUZ|ESQ. LOPEZ RAYON|ROSAL|GARDENIAS|7838354689|#N/D
76262A|cf76262a|76262|FORTIN DE LAS FLORES, VER|VERACRUZ|A|FRANQUICIA|EMILIANO ZAPATA (C8)|MZ 71 LT 2||SAN JOSE|FORTIN|94475|VERACRUZ|16 DE SEPTIEMBRE|JAVIER MINA|JUSTO SIERRA|2713661957|#N/D
76275A|cf76275a|76275|TLAPACOYAN 5, VER|VERACRUZ|A|FRANQUICIA|VILLA DE CORTEZ|300||FRANCISCO VILLA|TLAPACOYAN|93650|VERACRUZ|ESQ. HEROES DE TLAPACOYAN|DIVISION DEL NORTE|PINO SUAREZ|2253152663|#N/D
76290A|cf76290a|76290|MINATITLAN 7, VER|VERACRUZ|A|FRANQUICIA|CONSTITUCION|7||LA BOMBA|MINATITLAN|96739|VERACRUZ|BENITO JUAREZ|MIGUEL HIDALGO|ALTAMIRA|9221085722|#N/D
76291A|cf76291a|76291|MARTIN LANCERO, VER|VERACRUZ|A|FRANQUICIA|JESUS REYES HEROLES|9||MARTIN LANCERO|COSOLEACAQUE|96349|VERACRUZ|BENITO JUAREZ|ADOLFO LOPEZ MATEOS|ENCINO|9222443844|#N/D
76302A|cf76302a|76302|VERACRUZ 75, VER|VERACRUZ|A|FRANQUICIA|HERIBERTO JARA|1228||FERNANDO LOPEZ ARIAS|VERACRUZ|91820|VERACRUZ|VERACRUZ|REGULO MADRID|MAZATLAN|2291676599|#N/D
76365A|cf76365a|76365|TLACOJALPAN, VER|VERACRUZ|A|FRANQUICIA|5 DE MAYO|S/N||TLACOJALPAN CENTRO|TLACOJALPAN|95520|VERACRUZ|ESQ. BENITO JUAREZ|IGNACION ZARAGOZA|MIGUEL LERDO|2886881503|#N/D
76366A|cf76366a|76366|GABINO BARREDA 2, VER|VERACRUZ|A|FRANQUICIA|ADOLFO LOPEZ MATEOS|12||GABINO BARREDA|COSAMALOAPAN DE CARPIO|95429|VERACRUZ|ESQ. HIDALGO|20 DE NOVIEMBRE|ADOLFO LOPEZ MATEOS|2878780263|#N/D
76373A|cf76373a|76373|TIERRA BLANCA 4, VER|VERACRUZ|A|FRANQUICIA|HEROICO COLEGIO MILITAR|601||LUIS ECHEVERRIA ALVAREZ|TIERRA BLANCA|95110|VERACRUZ|ESQ. DEL SOLDADO|INDEPENDENCIA|JULIO BORGES|2747430798|#N/D
76374A|cf76374a|76374|TIERRA BLANCA 3, VER|VERACRUZ|A|FRANQUICIA|MELCHOR OCAMPO|511|B|LOMAS DEL JAZMIN|TIERRA BLANCA|95150|VERACRUZ|ESQ. BENITO JUAREZ|FRANCISCO I. MADERO|PEDRO GARCIA|2747436999|#N/D
76385A|cf76385a|76385|XALAPA 49, VER|VERACRUZ|A|FRANQUICIA|FERNANDO GUTIERREZ BARRIOS|22||LUZ DEL BARRIO|XALAPA|91014|VERACRUZ|CARLOS R. SMITH|FRANCISCO VILLA|FRANCISCO VILLA|2283670218|#N/D
76403A|cf76403a|76403|XALAPA 50, VER|VERACRUZ|A|FRANQUICIA|PASEO DE LAS ARAUCARIAS|270||INDECO ANIMAS|XALAPA|91190|VERACRUZ|P. MOCAYO|E. HERNANDEZ|SILVESTRE REVUELTAS|2288139361|#N/D
76428A|cf76428a|76428|VERACRUZ 76, VER|VERACRUZ|A|FRANQUICIA|MANUEL AVILA CAMACHO|2187||IGNACIO ZARAGOZA|VERACRUZ|91910|VERACRUZ|PRIMERO DE MAYO|BARTOLOME DE LAS CASAS|18 DE MARZO|2299356142|#N/D
76435A|cf76435a|76435|XALAPA 51, VER|VERACRUZ|A|FRANQUICIA|SAYAGO|191||XALAPA ENRIQUEZ CENTRO|XALAPA|91000|VERACRUZ|ESQ. SAN ROQUE|ANASTACIO BUSTAMANTE|RAFAEL RAMIREZ|2288435289|#N/D
76597A|cf76597a|76597|JOSE CARDEL 5, VER|VERACRUZ|A|FRANQUICIA|ALMENDROS|S/N||VICENTE LOPEZ|LA ANTIGUA|91680|VERACRUZ|ESQ. DALIA|TULIPAN|CEDRO|2969623478|#N/D
76606A|cf76606a|76606|MINATITLAN 8, VER|VERACRUZ|A|FRANQUICIA|BERLIN|22||NUEVA MINA|MINATITLAN|96760|VERACRUZ|MANAGUA|BUENOS AIRES|TEOTIHUACAN|9222417355|#N/D
76619A|cf76619a|76619|ALLENDE, VER|VERACRUZ|A|FRANQUICIA|GUTIERREZ ZAMORA|1708||EL OLVIDO|COATZACOALCOS|96380|VERACRUZ|ESQ. JESUS GARCIA|EMILIANO ZAPATA|LERDO DE TEJADA|9212166578|#N/D
76673A|cf76673a|76673|ACAYUCAN 2, VER|VERACRUZ|A|FRANQUICIA|COSTERA DEL GOLFO|S/N||MORELOS|ACAYUCAN|96010|VERACRUZ|PORFIRIO DIAZ|FRANCISCO JAVIER MINA|RAFAEL MURILLO VIDAL|9242454811|#N/D
76675A|cf76675a|76675|JOSE CARDEL 6, VER|VERACRUZ|A|FRANQUICIA|EMILIANO ZAPATA|33A||JOSE CARDEL CENTRO|LA ANTIGUA|91680|VERACRUZ|JOSE GUADALUPE RODRIGUEZ|ORILLA DEL CANAL|0|2969622272|#N/D
76689A|cf76689a|76689|COATZACOALCOS 33, VER|VERACRUZ|A|FRANQUICIA|SAN MARTIN|MZ 4|LT 1|VILLAS DE SAN MARTIN|COATZACOALCOS|96535|VERACRUZ|ESQ. CERRO PEÑA NEVADA|CERRO ZEMPOALA|BUGAMBILIAS|9212155942|#N/D
76690A|cf76690a|76690|MANDINGA Y MATOZA 2, VER|VERACRUZ|A|FRANQUICIA|RIVIERA VERACRUZANA PARCELA|27|Z-1 P1/1|MANDINGA Y MATOZA|ALVARADO|95266|VERACRUZ|CARR. A MANDINGA|BANUS|0|2976881044|#N/D
76702A|cf76702a|76702|VERACRUZ 77, VER|VERACRUZ|A|FRANQUICIA|ESTEBAN MORALES|1345|1|2 CAMINOS|VERACRUZ|91726|VERACRUZ|ESQ. VIOLETAS|FICUS|MARIANO ARISTA|2296218987|#N/D
76787A|cf76787a|76787|VILLA ZEMPOALA 2, VER|VERACRUZ|A|FRANQUICIA|CUAUHTEMOC SUR|34|LOCAL 1|VILLA ZEMPOALA|URSULO GALVAN|91660|VERACRUZ|ESQ. CORREGIDORA ORIENTE|BENITO JUAREZ ORIENTE|PEDRO HERNANDEZ SUR|2966882937|#N/D
76804A|cf76804a|76804|XALAPA 52, VER|VERACRUZ|A|FRANQUICIA|DE LA REPUBLICA|S/N||AGUA SANTA II|XALAPA|91183|VERACRUZ|PRIVADA AGUA SANTA 2|PRIVADA AGUA SANTA 2|PRIVADA AGUA SANTA 2|2285045185|#N/D
76860A|cf76860a|76860|IXHUATLANCILLO 2, VER|VERACRUZ|A|FRANQUICIA|NORTE 5|S/N||PUERTA CHICA|IXHUATLANCILLO|94430|VERACRUZ|RAFAEL HERNANDEZ OCHOA|MIGUEL ALEMAN|DANTE DELGADO|2297024261|#N/D
76861A|cf76861a|76861|SAN JOSE DE TAPIA, VER|VERACRUZ|A|FRANQUICIA|BENITO JUAREZ|S/N||SAN JOSE DE TAPIA|CORDOBA|94488|VERACRUZ|VENUSTIANO CARRANZA|EMILIANO ZAPATA|5 DE MAYO|2717146485|#N/D
76862A|cf76862a|76862|FORTIN DE LAS FLORES 2, VER|VERACRUZ|A|FRANQUICIA|TLACOTENGO|S/N||SANTA LETICIA|FORTIN|94472|VERACRUZ|CAMINO REAL PUEBLO|PALMA LINDA|PUEBLO DE LAS FLORES|2713669195|#N/D
76870A|cf76870a|76870|XALAPA 53, VER|VERACRUZ|A|FRANQUICIA|RAFAEL MURILLO VIDAL|244||CUAUHTEMOC|XALAPA|91069|VERACRUZ|RIO JAMAPA|RIO TECOLUTLA|ANGEL CARVAJAL BERNAL|2288184651|#N/D
76872A|cf76872a|76872|CORDOBA 15, VER|VERACRUZ|A|FRANQUICIA|12 DE OCTUBRE|19||SAN MIGUELITO|CORDOBA|94680|VERACRUZ|24 DE AGOSTO|5 DE MAYO|0|2713440538|#N/D
7688A|cf7688a|7688|ENCINAL XALAPA VER|VERACRUZ|A|FRANQUICIA|LAZARO CARDENAS|214||ENCINAL|XALAPA|91180|VERACRUZ|ESQ AV ANTONIO CHEDRAUI CARAM|0|0|2288906512|#N/D
76911A|cf76911a|76911|POZA RICA 22, VER|VERACRUZ|A|FRANQUICIA|ADOLFO RUIZ CORTINEZ|160||INFONAVIT POZA DE CUERO|POZA RICA DE HIDALGO|93305|VERACRUZ|ESQ. ACCESO C|AND E|ACCESO B|7821116114|#N/D
76918A|cf76918a|76918|PASO DEL MACHO, VER|VERACRUZ|A|FRANQUICIA|HIDALGO|14|B|PASO DEL MACHO CENTRO|PASO DEL MACHO|94970|VERACRUZ|PRINCIPAL|NACIONAL|REFORMA|2734890430|#N/D
76998A|cf76998a|76998|LA CAPILLA, VER|VERACRUZ|A|FRANQUICIA|QUINTANA ROO|S/N||LA CAPILLA|COTAXTLA|94992|VERACRUZ|PINOS|VERACRUZ|CAMPECHE|2295000795|#N/D
77013A|cf77013a|77013|TEHUIPANGO, VER|VERACRUZ|A|FRANQUICIA|A TEHUIPANGO|17||TEHUIPANGO|TEHUIPANGO|95030|VERACRUZ|TEXAXALA|SANTIAGO APOSTOL|0|2781009075|#N/D
77037A|cf77037a|77037|PLAYA DE VACAS, VER|VERACRUZ|A|FRANQUICIA|PLAYA DE VACA-BOCA DEL RIO|334||PLAYA DE VACAS|MEDELLIN DE BRAVO|94274|VERACRUZ|LAS PALMAS|MIGUEL ALEMAN|CORDOBA-BOCA DEL RIO|2291665137|#N/D
7703A|cf7703a|7703|COATZACOALCOS 17|VERACRUZ|A|FRANQUICIA|PRINCIPAL|6|LOCALES 2 Y 3|SECTOR POPULAR|COATZACOALCOS|96556|VERACRUZ|PRINCIPAL|GENERAL ANAYA|5 DE MAYO|9212489751|#N/D
77122A|cf77122a|77122|TAMPICO ALTO, VER|VERACRUZ|A|FRANQUICIA|VICENTE GUERRERO|S/N||TAMPICO ALTO CENTRO|TAMPICO ALTO|92050|VERACRUZ|ESQ. REVOLUCION|DE LAS AREPAS|JOSE MARIA MORELOS|8331225457|#N/D
77126A|cf77126a|77126|ACULTZINGO, VER|VERACRUZ|A|FRANQUICIA|LLAVE PONIENTE|59|B|ACULTZINGO|ACULTZINGO|94760|VERACRUZ|ZARAGOZA SUR|SUR 2|DE LA PRESA|2721158289|#N/D
77127A|cf77127a|77127|COSAUTLAN DE CARVAJAL, VER|VERACRUZ|A|FRANQUICIA|MIGUEL LERDO|3||COSAUTLAN DE CARVAJAL|COSAUTLAN DE CARVAJAL|91620|VERACRUZ|REFORMA|LEANDRO VALLE|AZCARATE|2798330336|#N/D
77137A|cf77137a|77137|MINATITLAN 9, VER|VERACRUZ|A|FRANQUICIA|VICENTE GUERRERO|143||PATRIA LIBRE|COSOLEACAQUE|96346|VERACRUZ|FRANCISCO I. MADERO|CARR. NUEVO|0|9222248850|#N/D
77147A|-|77147|SAN ANDRES TUXTLA 9, VER|VERACRUZ|A|FRANQUICIA|FRANCISCO I. MADERO|44||RANCHOAPAN|SAN ANDRES TUXTLA|95797|VERACRUZ|PASEO DE LAS JOYAS|IGNACIO ALLENDE|MORELOS|2944887489|#N/D
7727A|cf7727a|7727|PEROTE 2, VER|VERACRUZ|A|FRANQUICIA|MIGUEL HIDALGO|17||PEROTE|PEROTE|91270|VERACRUZ|BARRANCA DE OCOPILA|IGNACIO ALDAMA|0|2828256246|#N/D
77288A|cf77288a|77288|TEQUILA, VER|VERACRUZ|A|FRANQUICIA|AURELIANO HERNANDEZ PALACIOS|S/N||TEQUILA|TEQUILA|94840|VERACRUZ|CUAUHTEMOC|5 DE MAYO|0|2787332168|#N/D
77310A|cf77310a|77310|XALAPA 55, VER|VERACRUZ|A|FRANQUICIA|EUROPA|21||RESIDENCIAL MONTE MAGNO|XALAPA|91193|VERACRUZ|BERNA|MOSCU|LONDRES|2288129941|#N/D
77324A|cf77324a|77324|TLALTETELA, VER|VERACRUZ|A|FRANQUICIA|INDEPENDENCIA|88||TLALTETELA|TLALTETELA|94020|VERACRUZ|URSULO GALVAN|EMILIANO ZAPATA|URSULO GALVAN|2796903966|#N/D
7752A|cf7752a|7752|POZA RICA 12|VERACRUZ|A|FRANQUICIA|ADOLFO RUIZ CORTINEZ|253|A|TAJIN|POZA RICA DE HIDALGO|93330|VERACRUZ|CORREDOR ADOLFO RUIZ CORTINEZ|0|0|7828229932|#N/D
7761A|cf7761a|7761|XALAPA 3, VER|VERACRUZ|A|FRANQUICIA|LAZARO CARDENAS|865|B|RAFAEL LUCIO|XALAPA|91110|VERACRUZ|GILDARDO AVILES|ISMAEL CRISTEN|MANUEL M CONTRERAS|2288406125|#N/D
776A|cs0776a|776|MISANTLA 2|VERACRUZ|A|SUCURSAL|5 DE MAYO |S/N ||MISANTLA |MISANTLA|93820|VERACRUZ|BOJALIL GIL|FERRER GUARDIA||2353235034|#N/D
776B|cs0776b|776|MISANTLA 2|VERACRUZ|B|SUCURSAL|5 DE MAYO |S/N ||MISANTLA |MISANTLA|93820|VERACRUZ|BOJALIL GIL|FERRER GUARDIA||2353235034|#N/D
779A|cs0779a|779|VERACRUZ 12|VERACRUZ|A|SUCURSAL|PROFA ALICIA MORENO |384 ||BUENAVISTA INFONAVIT |VERACRUZ|91850|VERACRUZ|ANDADOR ESCORPION|ANDADOR VIRGO||2291661094|#N/D
7827A|cf7827a|7827|LAS CHOAPAS 2|VERACRUZ|A|FRANQUICIA|PLAYON SUR|103||LA SABANA|LAS CHOAPAS|96980|VERACRUZ|20 DE NOVIEMBRE|LOS MANGOS|0|9232375526|#N/D
7839A|cf7839a|7839|ACAYUCAN 1|VERACRUZ|A|FRANQUICIA|HIDALGO|8||ACAYUCAN CENTRO|ACAYUCAN|96000|VERACRUZ|PIPILA|PLAZA DE ARMAS|0|9242453083|#N/D
7866A|cf7866a|7866|COATZACOALCOS 9|VERACRUZ|A|FRANQUICIA|HIDALGO|200|B|COATZACOALCOS CENTRO|COATZACOALCOS|96400|VERACRUZ|CORREGIDORA|MORELOS|0|9212124468|#N/D
7866C|cf7866c|7866|COATZACOALCOS 9|VERACRUZ|C|FRANQUICIA|HIDALGO|200|B|COATZACOALCOS CENTRO|COATZACOALCOS|96400|VERACRUZ|CORREGIDORA|MORELOS|0|9212124468|#N/D
7869A|cf7869a|7869|AMATLAN DE LOS REYES 1, VER|VERACRUZ|A|FRANQUICIA|PASCUAL DE LOS SANTOS|S/N||AMATLAN DE LOS REYES|AMATLAN DE LOS REYES|94950|VERACRUZ|INDEPENDENCIA|16 DE SEPTIEMBRE|PROF. MANUEL V. GANDARA|2711129284|#N/D
7876A|cf7876a|7876|TANTOYUCA 2, VER|VERACRUZ|A|FRANQUICIA|12 DE JULIO|S/N||TANTOYUCA CENTRO|TANTOYUCA|92120|VERACRUZ|CRISTOBAL COLON|FRANCISCO I. MADERO|16 DE SEPTIEMBRE|7898932393|#N/D
7883A|cf7883a|7883|PAPANTLA 2, VER|VERACRUZ|A|FRANQUICIA|MIGUEL HIDALGO|S/N||EL CHOTE|PAPANTLA|93534|VERACRUZ|MIGUEL ALEMAN|AV. GUTIERRZ BARRIOS|0|7848428545|#N/D
795A|cs0795a|795|RIO BLANCO 2|VERACRUZ|A|SUCURSAL|NACIONAL |587 ||ALVARO OBREGON |RIO BLANCO|94732|VERACRUZ|SANDINO|NICOLAS BRAVO||2727287112|#N/D
7962A|cf7962a|7962|OTATITLAN 1 VER|VERACRUZ|A|FRANQUICIA|SALVADOR DIAZ MIRON|4||OTATITLAN|OTATITLAN|95500|VERACRUZ|PLAZA HIDALGO (MORA CERON)|ESTATAL|MARIANO MATAMOROS|2878753623|#N/D
796A|cs0796a|796|ACAYUCAN 2|VERACRUZ|A|SUCURSAL|M. HIDALGO |903 |A|ACAYUCAN CENTRO |ACAYUCAN|96000|VERACRUZ|PORVENIR|AMADO NERVO||9242474103|#N/D
809A|cs0809a|809|CORDOBA 5|VERACRUZ|A|SUCURSAL|4 |510 |A|CORDOBA CENTRO |CORDOBA|94500|VERACRUZ|CALLE 5|CALLE 7||2717127692|#N/D
847A|cs0847a|847|ORIZABA 3|VERACRUZ|A|SUCURSAL|MADERO NORTE |351 |PB|CENTRO |ORIZABA|94300|VERACRUZ|ORIENTE 7|ORIENTE 9||2727265457|#N/D
FC0023A|cfc0023a|FC0023|ALTOTONGA 4, VER|VERACRUZ|A|FRANQUICIA|DR. EFREN E MARIN|3||ALTOTONGA CENTRO|ALTOTONGA|93700|VERACRUZ|BENITO JUAREZ|MARIANO ESCOBEDO|0|2263161254|#N/D
FC0033A|cfc0033a|FC0033|PLAYA VICENTE 1, VER|VERACRUZ|A|FRANQUICIA|INDEPENDENCIA NORTE|S/N||PLAYA VICENTE CENTRO|PLAYA VICENTE|95600|VERACRUZ|ESQ. 16 DE SEPTIEMBRE|0|0|2836881194|#N/D
FC0040A|cfc0040a|FC0040|TIHUATLAN 1|VERACRUZ|A|FRANQUICIA|NACIONAL MEXICO-TUXPAN|49||TIHUATLAN CENTRO|TIHUATLAN|92930|VERACRUZ|5 DE MAYO|HERMENEGILDO GALEANA|0|7468430247|#N/D
FC0197A|cfc0197a|FC0197|COSCOMATEPEC 2, VER|VERACRUZ|A|FRANQUICIA|NICOLAS BRAVO|525||COSCOMATEPEC DE BRAVO|COSCOMATEPEC|94140|VERACRUZ|ESQ. INDEPENDENCIA|IGNACIO LOPEZ RAYON|IGNACIO ALLENDE|2736883803|#N/D
FC0278A|cfc0278a|FC0278|PIEDRAS NEGRAS 1, VER|VERACRUZ|A|FRANQUICIA|3 DE DICIEMBRE|S/N||PIEDRAS NEGRAS|TLALIXCOYAN|95226|VERACRUZ|ESQUINA CON LIBERTAD|0|0|2859675363|#N/D
FC0296A|cfc0296a|FC0296|COATZINTLA 1|VERACRUZ|A|FRANQUICIA|ADOLFO LOPEZ MATEOS|29||ADOLFO RUIZ CORTINES|COATZINTLA|93166|VERACRUZ|ESQ. INDEPENDENCIA|5 DE MAYO|COATZINTLA|7821192560|#N/D
FC0301A|cfc0301a|FC0301|TLAPACOYAN 3, VER|VERACRUZ|A|FRANQUICIA|IGNACIO ZARAGOZA|401||TLAPACOYAN CENTRO|TLAPACOYAN|93650|VERACRUZ|FERRER|HEROES DE TLAPACOYAN|0|2253152123|#N/D
FC0623A|cfc0623a|FC0623|IXTACZOQUITLAN 1|VERACRUZ|A|FRANQUICIA|ANTONIO RUIZ GALINDO|8||EL TREBOL CTM|IXTACZOQUITLAN|94465|VERACRUZ|PONIENTE 1|PONIENTE 2|0|2727249182|#N/D
FC0627A|cfc0627a|FC0627|NOGALES 10, VER|VERACRUZ|A|FRANQUICIA|BENITO JUAREZ|304||NOGALES CENTRO|NOGALES|94720|VERACRUZ|MIGUEL LERDO|LEANDRO VALLE|0|2727275958|#N/D
FC0633A|cfc0633a|FC0633|ZONGOLICA, VER|VERACRUZ|A|FRANQUICIA|MIGUEL ALDAMA|29||ZONGOLICA|ZONGOLICA|95000|VERACRUZ|ESQ. AV. IGNACIO ZARAGOZA|MELCHOR OCAMPO|IGNACIO DE LA LLAVE|2787326520|#N/D
FC0668A|cfc0668a|FC0668|TRES VALLES|VERACRUZ|A|FRANQUICIA|FRANCISCO I MADERO|104||3 VALLES CENTRO|TRES VALLES|95300|VERACRUZ|RICARDO FLORES MAGON|MIGUEL HIDALGO|0|2888852700|#N/D
FC0733A|cfc0733a|FC0733|CARLOS A. CARRILLO 2, VER|VERACRUZ|A|FRANQUICIA|REFORMA|S/N||CARLOS A CARRILLO CENTRO|CARLOS A CARRILLO|95330|VERACRUZ|ESQ. INDEPENDENCIA|SECCION 31|16 DE SEPTIEMBRE|2888827087|#N/D
FC0750A|cfc0750a|FC0750|JOSE AZUETA 1, VER|VERACRUZ|A|FRANQUICIA|REVOLUCION|95|C|VILLA AZUETA|JOSE AZUETA|95580|VERACRUZ|EMILIANO ZAPATA|AQUILES SERDAN|0|2838730841|#N/D
FC0810A|cfc0810a|FC0810|PANUCO 2|VERACRUZ|A|FRANQUICIA|IGNACIO ALLENDE|14||PAZZI CENTRO|PANUCO|93998|VERACRUZ|BENITO JUAREZ|IGNACIO DE LA LLAVE|0|8462560846|#N/D
FC0812A|cfc0812a|FC0812|SANTIAGO TUXTLA 1|VERACRUZ|A|FRANQUICIA|IGNACIO ZARAGOZA|47||SANTIAGO TUXTLA CENTRO|SANTIAGO TUXTLA|95830|VERACRUZ|CIRCUITO ANGEL CARVAJAL|ALVARO OBREGON|0|2949471511|#N/D
FC0813A|cfc0813a|FC0813|COSOLEACAQUE|VERACRUZ|A|FRANQUICIA|TRANSISMICA|17|LOCAL 1|CUARTO|COSOLEACAQUE|96357|VERACRUZ|VICENTE GUERRERO|MARTIN ALOR|0|9222641760|#N/D
FC0813B|cfc0813b|FC0813|COSOLEACAQUE|VERACRUZ|B|FRANQUICIA|TRANSISMICA|17|LOCAL 1|CUARTO|COSOLEACAQUE|96357|VERACRUZ|VICENTE GUERRERO|MARTIN ALOR|0|9222641760|#N/D
FC0835A|cfc0835a|FC0835|CARLOS A. CARRILLO, VER|VERACRUZ|A|FRANQUICIA|MIGUEL ALEMAN|21||LA GRANJA|CARLOS A CARRILLO|95342|VERACRUZ|FERROCARRIL|CARRETERA FEDERAL|0|2886881346|#N/D
FC0847A|cfc0847a|FC0847|XALAPA 15, VER|VERACRUZ|A|FRANQUICIA|MARTIRES 28 DE AGOSTO|331||FRANCISCO FERRER GUARDIA|XALAPA|91026|VERACRUZ|EZEQUIEL ALATRISTE|ONORIO RODRIGUEZ|0|2288900604|#N/D
FC1186A|cfc1186a|FC1186|MONTE BLANCO 1, VER|VERACRUZ|A|FRANQUICIA|BENITO JUAREZ|36||MONTE BLANCO|FORTIN|94466|VERACRUZ|16 DE SEPTIEMBRE|MORELOS|AV. IGNACIO ZARAGOZA|2717390413|#N/D
FC1190A|cfc1190a|FC1190|XALAPA 10, VER|VERACRUZ|A|FRANQUICIA|JOAQUIN ARRONIZ|366-BIS||7 DE NOVIEMBRE|XALAPA|91150|VERACRUZ|ESQ. NORBERTO MARTINEZ|PRIV. FERROCARRIL|0|2288149111|#N/D
FC1193A|cfc1193a|FC1193|PAPANTLA 3, VER|VERACRUZ|A|FRANQUICIA|JUAN ENRIQUEZ|102|LOCAL 1|PAPANTLA CENTRO|PAPANTLA|93400|VERACRUZ|PINO SUAREZ|GUTIERREZ ZAMORA|0|7848422135|#N/D
FC1201A|cfc1201a|FC1201|COATZACOALCOS 18|VERACRUZ|A|FRANQUICIA|AV UNIVERSIDAD VERACRUZANA|9-A||SANTA ISABEL|COATZACOALCOS|96538|VERACRUZ|FAISANES|ANDADOR GORRION|0|9212106095|#N/D
FC1233A|cfc1233a|FC1233|SAN ANDRES TUXTLA 5|VERACRUZ|A|FRANQUICIA|COSTERA DEL GOLFO|S/N||3 DE MAYO|SAN ANDRES TUXTLA|95730|VERACRUZ|FRENTE A CLINICA IMSS # 33|A 25 MTS. DE SORIANA|0|2946880108|#N/D
FC1541A|cfc1541a|FC1541|XALAPA 11, VER|VERACRUZ|A|FRANQUICIA|EBANO|1||UNIDAD BOSQUES PENSIONES|XALAPA|91010|VERACRUZ|CLL. 4 PTE|BLVD. ADOLFO RUIZ CORTINEZ|0|2288158012|#N/D
FC1567A|cfc1567a|FC1567|TIHUATLAN 3|VERACRUZ|A|FRANQUICIA|5 DE MAYO|29||TIHUATLAN CENTRO|TIHUATLAN|92930|VERACRUZ|PRIV. 5 DE MAYO|VICENTE GUERRERO|A. LOPEZ MATEOS|7468431506|#N/D
FC1568A|cfc1568a|FC1568|VERACRUZ 25|VERACRUZ|A|FRANQUICIA|ALAMO|LT.16|B|AMAPOLAS I|VERACRUZ|91775|VERACRUZ|ESQ. ARAUCARIAS|0|0|2296889549|#N/D
FC1590A|cfc1590a|FC1590|XALAPA 28, VER|VERACRUZ|A|FRANQUICIA|REVOLUCION|328||XALAPA ENRIQUEZ CENTRO|XALAPA|91000|VERACRUZ|MANUEL DE BOZA|0|0|2288427151|#N/D
FC1626A|cfc1626a|FC1626|XALAPA 12, VER|VERACRUZ|A|FRANQUICIA|HORTENCIA|67||SALUD|XALAPA|91070|VERACRUZ|MATAMOROS|CARLOS MENDEZ ALCALDE|0|2288121048|#N/D
FC1632A|cfc1632a|FC1632|PASO DE OVEJAS 2, VER|VERACRUZ|A|FRANQUICIA|INSURGENTES|24||PASO DE OVEJAS CENTRO|PASO DE OVEJAS|91670|VERACRUZ|MARCO A. MUÑOZ|GUADALUPE VICTORIA|0|2851072758|#N/D
FC1669A|cfc1669a|FC1669|POZA RICA 3|VERACRUZ|A|FRANQUICIA|INDEPENDENCIA|214||MANUEL AVILA CAMACHO|POZA RICA DE HIDALGO|93220|VERACRUZ|FRANCISCO SARABIA|DIAZ MIRON|0|7821191086|#N/D
FC1806A|cfc1806a|FC1806|TRES VALLES 3, VER|VERACRUZ|A|FRANQUICIA|CUAUHTEMOC|102||LOS NARANJOS|TRES VALLES|95360|VERACRUZ|ESQ. CALLEJON AMERICA|JOSE MARIA PINO SUAREZ|GRAN AVENIDA|2888874211|#N/D
FC1879A|cfc1879a|FC1879|RUIZ CORTINEZ, VER.|VERACRUZ|A|FRANQUICIA|ADOLFO RUIZ CORTINEZ|336|2|MARIA ESTHER ZUNO DE ECHEVERRIA|VERACRUZ|91769|VERACRUZ|DR. HOMERO DIAZ|DR. MAURO LOYO|0|2299729377|#N/D
FC1933A|cfc1933a|FC1933|CHOCAMAN 1, VER|VERACRUZ|A|FRANQUICIA|ITURBIDE|13||CHOCAMAN|CHOCAMAN|94160|VERACRUZ|BENITO JUAREZ|JOSE MARIA MORELOS|0|2737322435|#N/D
FC1962A|cfc1962a|FC1962|EMILIO CARRANZA, VER|VERACRUZ|A|FRANQUICIA|HOMBRES ILUSTRES|203||CENTRO|VEGA DE ALATORRE|93980|VERACRUZ|ESQUINA 5 DE MAYO|VICENTE GUERRERO|INDEPENDENCIA|2353274196|#N/D
FC1992A|cfc1992a|FC1992|XALAPA 29, VER|VERACRUZ|A|FRANQUICIA|BOLIVIA|5||FRANCISCO I MADERO|XALAPA|91070|VERACRUZ|ESQ. REPUBLICA DEL SALVADOR|0|0|2288174461|#N/D
FC2022A|cfc2022a|FC2022|VERACRUZ 32|VERACRUZ|A|FRANQUICIA|URSULO GALVAN|520|A|TEJERIA|VERACRUZ|91697|VERACRUZ|MIGUEL HIDALGO|BENITO JUAREZ|6 DE ENERO|2291667766|#N/D
FC2089A|cfc2089a|FC2089|TIHUATLAN 2, VER|VERACRUZ|A|FRANQUICIA|INDEPENDENCIA|35|LOCAL 6|PLAN DE AYALA|TIHUATLAN|92912|VERACRUZ|CAMINO A RANCHO|CLL. CLEMENTE REYES|MELCHOR OCAMPO|7821118212|#N/D
FC2203A|cfc2203a|FC2203|SAN ANDRES TUXTLA 4|VERACRUZ|A|FRANQUICIA|5 DE MAYO|S/N||SAN ANDRES TUXTLA CENTRO|SAN ANDRES TUXTLA|95700|VERACRUZ|REVOLUCION|SALAS|0|2949428517|#N/D
FC2279A|cfc2279a|FC2279|YANGA, VER|VERACRUZ|A|FRANQUICIA|1|101|LOCAL H|PROGRESO|YANGA|94930|VERACRUZ|AV. 1|AV. 3|0|2786880485|#N/D
FC2285A|cfc2285a|FC2285|VERACRUZ 2|VERACRUZ|A|FRANQUICIA|FRANCISCO JAVIER MINA|1074|BIS|VERACRUZ CENTRO|VERACRUZ|91700|VERACRUZ|AV. 20 DE NOVIEMBRE|AV. LA FRAGUA|ALACIO PEREZ|2291952471|#N/D
FC2295A|cfc2295a|FC2295|XALAPA, VER|VERACRUZ|A|FRANQUICIA|XALAPA|201||OBRERO CAMPESINA|XALAPA|91020|VERACRUZ|ESQ. ERNESTO ORTIZ MEDINA|0|0|2288405772|#N/D
FC2315A|cfc2315a|FC2315|CIUDAD MENDOZA 1, VER|VERACRUZ|A|FRANQUICIA|CLL. FRANCISCO I. MADERO(CLL. PARQUE HIDALGO)|227|A|CIUDAD MENDOZA|CAMERINO Z MENDOZA|94740|VERACRUZ|JOSE MARIA MORELOS|MIGUEL HIDALGO|0|2727427872|#N/D
FC2383A|cfc2383a|FC2383|COATZACOALCOS 5, VER|VERACRUZ|A|FRANQUICIA|SANTA TRINIDAD|L 21|MZ 10|LOMAS DE BARRILLAS|COATZACOALCOS|96535|VERACRUZ|ESQ. CARRETERA A BARRILLAS|CHACALAPA|MECAYAPAN|9211646868|#N/D
FC2440A|cfc2440a|FC2440|CORDOBA 4, VER|VERACRUZ|A|FRANQUICIA|ANTORCHISTA|22||ANTORCHISTA UNIDAD|CORDOBA|94542|VERACRUZ|ESQ. SALVADOR DIAZ MIRON|SIN NOMBRE|CLL. H|2714050062|#N/D
FC2484A|cfc2484a|FC2484|MARIANO ESCOBEDO 1, VER|VERACRUZ|A|FRANQUICIA|CAMINO A CHICOLA|212||PUERTA GRANDE|MARIANO ESCOBEDO|94420|VERACRUZ|MIGUEL ALEMAN VELAZCO|ARBOLEDAS|0|2727216749|#N/D
FC2491A|cfc2491a|FC2491|CHINAMECA, VER|VERACRUZ|A|FRANQUICIA|NICOLAS BRAVO|426|A|CHINAMECA|CHINAMECA|95980|VERACRUZ|5 DE MAYO|ALLENDE|0|9222610743|#N/D
FH0003A|cfh0003a|FH0003|U.H POTRERILLO, VER|VERACRUZ|A|FRANQUICIA|POTRERILLO|25|LOCAL 1|POTRERILLO|IXTACZOQUITLAN|94450|VERACRUZ|SUR 5|VOLCAN DE COLLI|0|2721150052|#N/D
FH0009A|cfh0009a|FH0009|U.H EL MORRO, VER|VERACRUZ|A|FRANQUICIA|VIA MUERTA|8 BIS||INFONAVIT EL MORRO|BOCA DEL RIO|94293|VERACRUZ|29 DE JUNIO|5 DE FEBRERO|0|2295024696|#N/D
FH0014A|cfh0014a|FH0014|XALAPA 16, VER|VERACRUZ|A|FRANQUICIA|ANTIGUO A NAOLINCO|113||EL COYOL|XALAPA|91154|VERACRUZ|PROL. MANZANO|MAR CASPIO|C. MAR NEGRO|2288342675|#N/D
FH0036A|cfh0036a|FH0036|XALAPA ENRIQUEZ 2, VER|VERACRUZ|A|FRANQUICIA|JUSTO SIERRA|5||XALAPA ENRIQUEZ CENTRO|XALAPA|91000|VERACRUZ|ESQ. JOSE MARIA ARTEAGA|GENERAL ANAYA|0|2288123311|#N/D
FH0157A|cfh0157a|FH0157|COATZACOALCOS 16|VERACRUZ|A|FRANQUICIA|UNIVERSIDAD VERACRUZANA(CLL. HUASTECA)|114|B|EL TESORO|COATZACOALCOS|96536|VERACRUZ|RIO PIAXTLA|AV. PRINCIPAL|0|9212104426|#N/D
FH0260A|cfh0260a|FH0260|VERACRUZ 1, VER|VERACRUZ|A|FRANQUICIA|EJE 1 PONIENTE|72||LAS PALMAS|VERACRUZ|91779|VERACRUZ|AV. PALMA CAMEDORA|AV. PALMA YAGUA|AV. PALMA REAL|2291653464|#N/D
FH0324A|cfh0324a|FH0324|CORDOBA 3, VER|VERACRUZ|A|FRANQUICIA|SAN LORENZO|LT. 1 Y 2||CORDOBA 2000|CORDOBA|94542|VERACRUZ|AZUCENA|BUGAMBILIA|0|2714050942|#N/D
FN0034A|cfn0034a|FN0034|MINATITLAN 6|VERACRUZ|A|FRANQUICIA|MIGUEL HIDALGO|35||MINATITLAN CENTRO|MINATITLAN|96700|VERACRUZ|ESQ. GUTIERREZ ZAMORA|DR. COSS|0|9222229816|#N/D
